"area_fips","own_code","industry_code","agglvl_code","size_code","year","qtr","disclosure_code","area_title","own_title","industry_title","agglvl_title","size_title","annual_avg_estabs_count","annual_avg_emplvl","total_annual_wages","taxable_annual_wages","annual_contributions","annual_avg_wkly_wage","avg_annual_pay","lq_disclosure_code","lq_annual_avg_estabs_count","lq_annual_avg_emplvl","lq_total_annual_wages","lq_taxable_annual_wages","lq_annual_contributions","lq_annual_avg_wkly_wage","lq_avg_annual_pay","oty_disclosure_code","oty_annual_avg_estabs_count_chg","oty_annual_avg_estabs_count_pct_chg","oty_annual_avg_emplvl_chg","oty_annual_avg_emplvl_pct_chg","oty_total_annual_wages_chg","oty_total_annual_wages_pct_chg","oty_taxable_annual_wages_chg","oty_taxable_annual_wages_pct_chg","oty_annual_contributions_chg","oty_annual_contributions_pct_chg","oty_annual_avg_wkly_wage_chg","oty_annual_avg_wkly_wage_pct_chg","oty_avg_annual_pay_chg","oty_avg_annual_pay_pct_chg"
"09000","0","10","50","0","2024","A","","Connecticut -- Statewide","Total Covered","10 Total, all industries","State, Total Covered","All establishment sizes",148930,1683378,147322927878,32799175274,629739286,1683,87516,"",1.00,1.00,1.00,1.00,1.00,1.00,1.00,"",1537,1.0,14870,0.9,7552906593,5.4,10881123612,49.6,134491138,27.2,72,4.5,3747,4.5
"09000","1","10","51","0","2024","A","","Connecticut -- Statewide","Federal Government","10 Total, all industries","State, Total -- by ownership sector","All establishment sizes",607,18700,1754285560,0,0,1804,93814,"",0.80,0.57,0.46,0.00,0.00,0.80,0.79,"",30,5.2,17,0.1,85570253,5.1,0,0.0,0,0.0,86,5.0,4498,5.0
"09000","1","101","52","0","2024","A","","Connecticut -- Statewide","Federal Government","101 Goods-producing","State, by Domain -- by ownership sector","All establishment sizes",2,412,53677923,0,0,2505,130260,"",1.00,0.71,0.79,0.00,0.00,1.11,1.11,"",0,0.0,6,1.5,5095121,10.5,0,0.0,0,0.0,205,8.9,10672,8.9
"09000","1","1013","53","0","2024","A","","Connecticut -- Statewide","Federal Government","1013 Manufacturing","State, by Supersector -- by ownership sector","All establishment sizes",2,412,53677923,0,0,2505,130260,"",1.95,0.77,0.85,0.00,0.00,1.10,1.10,"",0,0.0,6,1.5,5095121,10.5,0,0.0,0,0.0,205,8.9,10672,8.9
"09000","1","102","52","0","2024","A","","Connecticut -- Statewide","Federal Government","102 Service-providing","State, by Domain -- by ownership sector","All establishment sizes",605,18288,1700607637,0,0,1788,92993,"",0.80,0.57,0.45,0.00,0.00,0.79,0.79,"",30,5.2,11,0.1,80475132,5.0,0,0.0,0,0.0,83,4.9,4350,4.9
"09000","1","1021","53","0","2024","A","","Connecticut -- Statewide","Federal Government","1021 Trade, transportation, and utilities","State, by Supersector -- by ownership sector","All establishment sizes",315,8097,554406246,0,0,1317,68469,"",0.83,1.11,0.92,0.00,0.00,0.82,0.82,"",1,0.3,-121,-1.5,5593601,1.0,0,0.0,0,0.0,33,2.6,1687,2.5
"09000","1","1022","53","0","2024","A","","Connecticut -- Statewide","Federal Government","1022 Information","State, by Supersector -- by ownership sector","All establishment sizes",1,2,186656,0,0,1795,93328,"",0.54,0.03,0.02,0.00,0.00,0.82,0.82,"",0,0.0,0,0.0,17218,10.2,0,0.0,0,0.0,95,5.6,4926,5.6
"09000","1","1023","53","0","2024","A","","Connecticut -- Statewide","Federal Government","1023 Financial activities","State, by Supersector -- by ownership sector","All establishment sizes",14,87,11534611,0,0,2557,132964,"",1.37,0.61,0.46,0.00,0.00,0.76,0.76,"",2,16.7,-1,-1.1,512970,4.7,0,0.0,0,0.0,153,6.4,7955,6.4
"09000","1","1024","53","0","2024","A","","Connecticut -- Statewide","Federal Government","1024 Professional and business services","State, by Supersector -- by ownership sector","All establishment sizes",9,246,27149071,0,0,2118,110138,"",0.48,0.31,0.29,0.00,0.00,0.94,0.94,"",1,12.5,-56,-18.5,-2010143,-6.9,0,0.0,0,0.0,260,14.0,13504,14.0
"09000","1","1025","53","0","2024","A","","Connecticut -- Statewide","Federal Government","1025 Education and health services","State, by Supersector -- by ownership sector","All establishment sizes",14,3805,441128307,0,0,2230,115944,"",0.77,0.77,0.72,0.00,0.00,0.94,0.94,"",1,7.7,-263,-6.5,-10564667,-2.3,0,0.0,0,0.0,95,4.4,4911,4.4
"09000","1","1026","53","0","2024","A","","Connecticut -- Statewide","Federal Government","1026 Leisure and hospitality","State, by Supersector -- by ownership sector","All establishment sizes",6,293,9211551,0,0,605,31484,"",0.34,0.55,0.24,0.00,0.00,0.43,0.43,"",1,20.0,2,0.7,1131932,14.0,0,0.0,0,0.0,71,13.3,3727,13.4
"09000","1","1027","53","0","2024","A","","Connecticut -- Statewide","Federal Government","1027 Other services","State, by Supersector -- by ownership sector","All establishment sizes",2,5,278721,0,0,1090,56689,"",0.98,0.09,0.06,0.00,0.00,0.70,0.70,"",0,0.0,0,0.0,22809,8.9,0,0.0,0,0.0,72,7.1,3742,7.1
"09000","1","1028","53","0","2024","A","","Connecticut -- Statewide","Federal Government","1028 Public administration","State, by Supersector -- by ownership sector","All establishment sizes",245,5753,656712474,0,0,2195,114153,"",0.80,0.32,0.27,0.00,0.00,0.87,0.87,"",24,10.9,450,8.5,85771412,15.0,0,0.0,0,0.0,125,6.0,6494,6.0
"09000","1","31-33","54","0","2024","A","","Connecticut -- Statewide","Federal Government","NAICS 31-33 Manufacturing","State, NAICS Sector -- by ownership sector","All establishment sizes",2,412,53677923,0,0,2505,130260,"",1.95,0.77,0.85,0.00,0.00,1.10,1.10,"",0,0.0,6,1.5,5095121,10.5,0,0.0,0,0.0,205,8.9,10672,8.9
"09000","1","336","55","0","2024","A","","Connecticut -- Statewide","Federal Government","NAICS 336 Transportation equipment manufacturing","State, NAICS 3-digit -- by ownership sector","All establishment sizes",2,412,53677923,0,0,2505,130260,"",11.57,0.91,1.01,0.00,0.00,1.11,1.11,"",0,0.0,6,1.5,5095121,10.5,0,0.0,0,0.0,205,8.9,10672,8.9
"09000","1","3366","56","0","2024","A","","Connecticut -- Statewide","Federal Government","NAICS 3366 Ship and boat building","State, NAICS 4-digit -- by ownership sector","All establishment sizes",2,412,53677923,0,0,2505,130260,"",12.46,0.97,1.06,0.00,0.00,1.10,1.10,"",0,0.0,6,1.5,5095121,10.5,0,0.0,0,0.0,205,8.9,10672,8.9
"09000","1","33661","57","0","2024","A","","Connecticut -- Statewide","Federal Government","NAICS 33661 Ship and boat building","State, NAICS 5-digit -- by ownership sector","All establishment sizes",2,412,53677923,0,0,2505,130260,"",12.46,0.97,1.06,0.00,0.00,1.10,1.10,"",0,0.0,6,1.5,5095121,10.5,0,0.0,0,0.0,205,8.9,10672,8.9
"09000","1","336611","58","0","2024","A","","Connecticut -- Statewide","Federal Government","NAICS 336611 Ship building and repairing","State, NAICS 6-digit -- by ownership sector","All establishment sizes",2,412,53677923,0,0,2505,130260,"",12.46,0.97,1.06,0.00,0.00,1.10,1.10,"",0,0.0,6,1.5,5095121,10.5,0,0.0,0,0.0,205,8.9,10672,8.9
"09000","1","44-45","54","0","2024","A","","Connecticut -- Statewide","Federal Government","NAICS 44-45 Retail trade","State, NAICS Sector -- by ownership sector","All establishment sizes",7,194,7229343,0,0,717,37265,"",0.79,0.45,0.36,0.00,0.00,0.81,0.81,"",1,16.7,-5,-2.5,-274619,-3.7,0,0.0,0,0.0,-9,-1.2,-475,-1.3
"09000","1","445","55","0","2024","A","","Connecticut -- Statewide","Federal Government","NAICS 445 Food and beverage retailers","State, NAICS 3-digit -- by ownership sector","All establishment sizes",1,45,1978753,0,0,850,44218,"",0.40,0.41,0.30,0.00,0.00,0.74,0.74,"",0,0.0,1,2.3,-357509,-15.3,0,0.0,0,0.0,-171,-16.7,-8879,-16.7
"09000","1","4451","56","0","2024","A","","Connecticut -- Statewide","Federal Government","NAICS 4451 Grocery and convenience retailers","State, NAICS 4-digit -- by ownership sector","All establishment sizes",1,45,1978753,0,0,850,44218,"",0.40,0.41,0.30,0.00,0.00,0.74,0.74,"",0,0.0,1,2.3,-357509,-15.3,0,0.0,0,0.0,-171,-16.7,-8879,-16.7
"09000","1","44511","57","0","2024","A","","Connecticut -- Statewide","Federal Government","NAICS 44511 Supermarkets and other grocery retailers (except convenience retailers)","State, NAICS 5-digit -- by ownership sector","All establishment sizes",1,45,1978753,0,0,850,44218,"",0.47,0.44,0.31,0.00,0.00,0.72,0.72,"",0,0.0,1,2.3,-357509,-15.3,0,0.0,0,0.0,-171,-16.7,-8879,-16.7
"09000","1","445110","58","0","2024","A","","Connecticut -- Statewide","Federal Government","NAICS 445110 Supermarkets and other grocery retailers (except convenience retailers)","State, NAICS 6-digit -- by ownership sector","All establishment sizes",1,45,1978753,0,0,850,44218,"",0.47,0.44,0.31,0.00,0.00,0.72,0.72,"",0,0.0,1,2.3,-357509,-15.3,0,0.0,0,0.0,-171,-16.7,-8879,-16.7
"09000","1","455","55","0","2024","A","","Connecticut -- Statewide","Federal Government","NAICS 455 General merchandise retailers","State, NAICS 3-digit -- by ownership sector","All establishment sizes",4,140,4908613,0,0,677,35187,"",1.12,0.51,0.41,0.00,0.00,0.82,0.82,"",1,33.3,-4,-2.8,94820,2.0,0,0.0,0,0.0,32,5.0,1661,5.0
"09000","1","4551","56","0","2024","A","","Connecticut -- Statewide","Federal Government","NAICS 4551 Department stores","State, NAICS 4-digit -- by ownership sector","All establishment sizes",4,140,4908613,0,0,677,35187,"",1.51,0.77,0.63,0.00,0.00,0.81,0.81,"",1,33.3,-4,-2.8,94820,2.0,0,0.0,0,0.0,32,5.0,1661,5.0
"09000","1","45511","57","0","2024","A","","Connecticut -- Statewide","Federal Government","NAICS 45511 Department stores","State, NAICS 5-digit -- by ownership sector","All establishment sizes",4,140,4908613,0,0,677,35187,"",1.51,0.77,0.63,0.00,0.00,0.81,0.81,"",1,33.3,-4,-2.8,94820,2.0,0,0.0,0,0.0,32,5.0,1661,5.0
"09000","1","455110","58","0","2024","A","","Connecticut -- Statewide","Federal Government","NAICS 455110 Department stores","State, NAICS 6-digit -- by ownership sector","All establishment sizes",4,140,4908613,0,0,677,35187,"",1.51,0.77,0.63,0.00,0.00,0.81,0.81,"",1,33.3,-4,-2.8,94820,2.0,0,0.0,0,0.0,32,5.0,1661,5.0
"09000","1","457","55","0","2024","A","","Connecticut -- Statewide","Federal Government","NAICS 457 Gasoline stations and fuel dealers","State, NAICS 3-digit -- by ownership sector","All establishment sizes",2,10,341977,0,0,675,35075,"",3.17,0.70,0.50,0.00,0.00,0.74,0.73,"",0,0.0,-1,-9.1,-11930,-3.4,0,0.0,0,0.0,70,11.6,3617,11.5
"09000","1","4571","56","0","2024","A","","Connecticut -- Statewide","Federal Government","NAICS 4571 Gasoline stations","State, NAICS 4-digit -- by ownership sector","All establishment sizes",2,10,341977,0,0,675,35075,"",3.17,0.70,0.50,0.00,0.00,0.74,0.73,"",0,0.0,-1,-9.1,-11930,-3.4,0,0.0,0,0.0,70,11.6,3617,11.5
"09000","1","45711","57","0","2024","A","","Connecticut -- Statewide","Federal Government","NAICS 45711 Gasoline stations with convenience stores","State, NAICS 5-digit -- by ownership sector","All establishment sizes",2,10,341977,0,0,675,35075,"",3.37,0.71,0.51,0.00,0.00,0.73,0.73,"",0,0.0,-1,-9.1,-11930,-3.4,0,0.0,0,0.0,70,11.6,3617,11.5
"09000","1","457110","58","0","2024","A","","Connecticut -- Statewide","Federal Government","NAICS 457110 Gasoline stations with convenience stores","State, NAICS 6-digit -- by ownership sector","All establishment sizes",2,10,341977,0,0,675,35075,"",3.37,0.71,0.51,0.00,0.00,0.73,0.73,"",0,0.0,-1,-9.1,-11930,-3.4,0,0.0,0,0.0,70,11.6,3617,11.5
"09000","1","48-49","54","0","2024","A","","Connecticut -- Statewide","Federal Government","NAICS 48-49 Transportation and warehousing","State, NAICS Sector -- by ownership sector","All establishment sizes",308,7903,547176903,0,0,1331,69235,"",0.83,1.17,0.97,0.00,0.00,0.82,0.82,"",0,0.0,-116,-1.4,5868220,1.1,0,0.0,0,0.0,33,2.5,1733,2.6
"09000","1","491","55","0","2024","A","","Connecticut -- Statewide","Federal Government","NAICS 491 Postal service","State, NAICS 3-digit -- by ownership sector","All establishment sizes",308,7903,547176903,0,0,1331,69235,"",0.84,1.20,1.01,0.00,0.00,0.84,0.84,"",0,0.0,-116,-1.4,5868220,1.1,0,0.0,0,0.0,33,2.5,1733,2.6
"09000","1","4911","56","0","2024","A","","Connecticut -- Statewide","Federal Government","NAICS 4911 Postal service","State, NAICS 4-digit -- by ownership sector","All establishment sizes",308,7903,547176903,0,0,1331,69235,"",0.84,1.20,1.01,0.00,0.00,0.84,0.84,"",0,0.0,-116,-1.4,5868220,1.1,0,0.0,0,0.0,33,2.5,1733,2.6
"09000","1","49111","57","0","2024","A","","Connecticut -- Statewide","Federal Government","NAICS 49111 Postal service","State, NAICS 5-digit -- by ownership sector","All establishment sizes",308,7903,547176903,0,0,1331,69235,"",0.84,1.20,1.01,0.00,0.00,0.84,0.84,"",0,0.0,-116,-1.4,5868220,1.1,0,0.0,0,0.0,33,2.5,1733,2.6
"09000","1","491110","58","0","2024","A","","Connecticut -- Statewide","Federal Government","NAICS 491110 Postal service","State, NAICS 6-digit -- by ownership sector","All establishment sizes",308,7903,547176903,0,0,1331,69235,"",0.84,1.20,1.01,0.00,0.00,0.84,0.84,"",0,0.0,-116,-1.4,5868220,1.1,0,0.0,0,0.0,33,2.5,1733,2.6
"09000","1","51","54","0","2024","A","","Connecticut -- Statewide","Federal Government","NAICS 51 Information","State, NAICS Sector -- by ownership sector","All establishment sizes",1,2,186656,0,0,1795,93328,"",0.54,0.03,0.02,0.00,0.00,0.82,0.82,"",0,0.0,0,0.0,17218,10.2,0,0.0,0,0.0,95,5.6,4926,5.6
"09000","1","519","55","0","2024","A","","Connecticut -- Statewide","Federal Government","NAICS 519 Web search portals, libraries, archives, and other information services","State, NAICS 3-digit -- by ownership sector","All establishment sizes",1,2,186656,0,0,1795,93328,"",0.60,0.04,0.03,0.00,0.00,0.77,0.77,"",0,0.0,0,0.0,17218,10.2,0,0.0,0,0.0,95,5.6,4926,5.6
"09000","1","5192","56","0","2024","A","","Connecticut -- Statewide","Federal Government","NAICS 5192 Web search portals, libraries, archives, and other information services","State, NAICS 4-digit -- by ownership sector","All establishment sizes",1,2,186656,0,0,1795,93328,"",0.60,0.04,0.03,0.00,0.00,0.77,0.77,"",0,0.0,0,0.0,17218,10.2,0,0.0,0,0.0,95,5.6,4926,5.6
"09000","1","51921","57","0","2024","A","","Connecticut -- Statewide","Federal Government","NAICS 51921 Libraries and archives","State, NAICS 5-digit -- by ownership sector","All establishment sizes",1,2,186656,0,0,1795,93328,"",0.60,0.04,0.03,0.00,0.00,0.77,0.77,"",0,0.0,0,0.0,17218,10.2,0,0.0,0,0.0,95,5.6,4926,5.6
"09000","1","519210","58","0","2024","A","","Connecticut -- Statewide","Federal Government","NAICS 519210 Libraries and archives","State, NAICS 6-digit -- by ownership sector","All establishment sizes",1,2,186656,0,0,1795,93328,"",0.60,0.04,0.03,0.00,0.00,0.77,0.77,"",0,0.0,0,0.0,17218,10.2,0,0.0,0,0.0,95,5.6,4926,5.6
"09000","1","52","54","0","2024","A","","Connecticut -- Statewide","Federal Government","NAICS 52 Finance and insurance","State, NAICS Sector -- by ownership sector","All establishment sizes",13,75,11222719,0,0,2881,149803,"",1.28,0.53,0.45,0.00,0.00,0.86,0.86,"",2,18.2,-2,-2.6,500404,4.7,0,0.0,0,0.0,194,7.2,10099,7.2
"09000","1","522","55","0","2024","A","","Connecticut -- Statewide","Federal Government","NAICS 522 Credit intermediation and related activities","State, NAICS 3-digit -- by ownership sector","All establishment sizes",11,30,3833529,0,0,2464,128140,"",1.38,0.43,0.40,0.00,0.00,0.93,0.93,"",2,22.2,-7,-18.9,-650195,-14.5,0,0.0,0,0.0,149,6.4,7772,6.5
"09000","1","5222","56","0","2024","A","","Connecticut -- Statewide","Federal Government","NAICS 5222 Nondepository credit intermediation","State, NAICS 4-digit -- by ownership sector","All establishment sizes",11,30,3833529,0,0,2464,128140,"",1.39,0.43,0.40,0.00,0.00,0.93,0.93,"",2,22.2,-7,-18.9,-650195,-14.5,0,0.0,0,0.0,149,6.4,7772,6.5
"09000","1","52229","57","0","2024","A","","Connecticut -- Statewide","Federal Government","NAICS 52229 Other nondepository credit intermediation","State, NAICS 5-digit -- by ownership sector","All establishment sizes",11,30,3833529,0,0,2464,128140,"",1.39,0.43,0.40,0.00,0.00,0.93,0.93,"",2,22.2,-7,-18.9,-650195,-14.5,0,0.0,0,0.0,149,6.4,7772,6.5
"09000","1","522292","58","0","2024","A","","Connecticut -- Statewide","Federal Government","NAICS 522292 Real estate credit","State, NAICS 6-digit -- by ownership sector","All establishment sizes",1,10,968699,0,0,1879,97684,"",0.28,0.28,0.23,0.00,0.00,0.82,0.82,"N",1,100.0,0,0,0,0,0,0,0,0,0,0,0,0
"09000","1","522299","58","0","2024","A","","Connecticut -- Statewide","Federal Government","NAICS 522299 International, secondary market, and all other nondepository credit intermediation","State, NAICS 6-digit -- by ownership sector","All establishment sizes",10,20,2864830,0,0,2755,143242,"",2.29,0.60,0.54,0.00,0.00,0.90,0.90,"",1,11.1,-17,-45.9,-1618894,-36.1,0,0.0,0,0.0,440,19.0,22874,19.0
"09000","1","524","55","0","2024","A","","Connecticut -- Statewide","Federal Government","NAICS 524 Insurance carriers and related activities","State, NAICS 3-digit -- by ownership sector","All establishment sizes",2,45,7389190,0,0,3158,164204,"",0.94,0.61,0.48,0.00,0.00,0.78,0.78,"",0,0.0,5,12.5,1150599,18.4,0,0.0,0,0.0,121,4.0,6265,4.0
"09000","1","5241","56","0","2024","A","","Connecticut -- Statewide","Federal Government","NAICS 5241 Insurance carriers","State, NAICS 4-digit -- by ownership sector","All establishment sizes",1,44,7279438,0,0,3182,165442,"",0.65,0.63,0.49,0.00,0.00,0.78,0.78,"",0,0.0,5,12.8,1144468,18.7,0,0.0,0,0.0,118,3.9,6092,3.8
"09000","1","52412","57","0","2024","A","","Connecticut -- Statewide","Federal Government","NAICS 52412 Direct insurance (except life, health, and medical) carriers","State, NAICS 5-digit -- by ownership sector","All establishment sizes",1,44,7279438,0,0,3182,165442,"",0.65,0.63,0.49,0.00,0.00,0.78,0.78,"",0,0.0,5,12.8,1144468,18.7,0,0.0,0,0.0,118,3.9,6092,3.8
"09000","1","524128","58","0","2024","A","","Connecticut -- Statewide","Federal Government","NAICS 524128 Other direct insurance (except life, health, and medical) carriers","State, NAICS 6-digit -- by ownership sector","All establishment sizes",1,44,7279438,0,0,3182,165442,"",0.66,0.63,0.49,0.00,0.00,0.78,0.78,"",0,0.0,5,12.8,1144468,18.7,0,0.0,0,0.0,118,3.9,6092,3.8
"09000","1","5242","56","0","2024","A","","Connecticut -- Statewide","Federal Government","NAICS 5242 Agencies, brokerages, and other insurance related activities","State, NAICS 4-digit -- by ownership sector","All establishment sizes",1,1,109752,0,0,2111,109752,"",1.69,0.28,0.22,0.00,0.00,0.80,0.80,"",0,0.0,0,0.0,6131,5.9,0,0.0,0,0.0,118,5.9,6131,5.9
"09000","1","52421","57","0","2024","A","","Connecticut -- Statewide","Federal Government","NAICS 52421 Insurance agencies and brokerages","State, NAICS 5-digit -- by ownership sector","All establishment sizes",1,1,109752,0,0,2111,109752,"",2.08,0.46,0.37,0.00,0.00,0.80,0.80,"",0,0.0,0,0.0,6131,5.9,0,0.0,0,0.0,118,5.9,6131,5.9
"09000","1","524210","58","0","2024","A","","Connecticut -- Statewide","Federal Government","NAICS 524210 Insurance agencies and brokerages","State, NAICS 6-digit -- by ownership sector","All establishment sizes",1,1,109752,0,0,2111,109752,"",2.08,0.46,0.37,0.00,0.00,0.80,0.80,"",0,0.0,0,0.0,6131,5.9,0,0.0,0,0.0,118,5.9,6131,5.9
"09000","1","53","54","0","2024","A","","Connecticut -- Statewide","Federal Government","NAICS 53 Real estate and rental and leasing","State, NAICS Sector -- by ownership sector","All establishment sizes",1,12,311892,0,0,507,26357,"",11.57,42.49,37.28,0.00,0.00,0.88,0.88,"",0,0.0,1,9.1,12566,4.2,0,0.0,0,0.0,3,0.6,139,0.5
"09000","1","531","55","0","2024","A","","Connecticut -- Statewide","Federal Government","NAICS 531 Real estate","State, NAICS 3-digit -- by ownership sector","All establishment sizes",1,12,311892,0,0,507,26357,"",80.96,92.07,79.52,0.00,0.00,0.86,0.86,"",0,0.0,1,9.1,12566,4.2,0,0.0,0,0.0,3,0.6,139,0.5
"09000","1","5311","56","0","2024","A","","Connecticut -- Statewide","Federal Government","NAICS 5311 Lessors of real estate","State, NAICS 4-digit -- by ownership sector","All establishment sizes",1,12,311892,0,0,507,26357,"",80.96,92.07,79.52,0.00,0.00,0.86,0.86,"",0,0.0,1,9.1,12566,4.2,0,0.0,0,0.0,3,0.6,139,0.5
"09000","1","53111","57","0","2024","A","","Connecticut -- Statewide","Federal Government","NAICS 53111 Lessors of residential buildings and dwellings","State, NAICS 5-digit -- by ownership sector","All establishment sizes",1,12,311892,0,0,507,26357,"",80.96,92.07,79.52,0.00,0.00,0.86,0.86,"",0,0.0,1,9.1,12566,4.2,0,0.0,0,0.0,3,0.6,139,0.5
"09000","1","531110","58","0","2024","A","","Connecticut -- Statewide","Federal Government","NAICS 531110 Lessors of residential buildings and dwellings","State, NAICS 6-digit -- by ownership sector","All establishment sizes",1,12,311892,0,0,507,26357,"",80.96,92.07,79.52,0.00,0.00,0.86,0.86,"",0,0.0,1,9.1,12566,4.2,0,0.0,0,0.0,3,0.6,139,0.5
"09000","1","54","54","0","2024","A","","Connecticut -- Statewide","Federal Government","NAICS 54 Professional, scientific, and technical services","State, NAICS Sector -- by ownership sector","All establishment sizes",9,246,27149071,0,0,2118,110138,"",0.53,0.32,0.30,0.00,0.00,0.93,0.93,"",1,12.5,-56,-18.5,-2010143,-6.9,0,0.0,0,0.0,260,14.0,13504,14.0
"09000","1","541","55","0","2024","A","","Connecticut -- Statewide","Federal Government","NAICS 541 Professional, scientific, and technical services","State, NAICS 3-digit -- by ownership sector","All establishment sizes",9,246,27149071,0,0,2118,110138,"",0.53,0.32,0.30,0.00,0.00,0.93,0.93,"",1,12.5,-56,-18.5,-2010143,-6.9,0,0.0,0,0.0,260,14.0,13504,14.0
"09000","1","5413","56","0","2024","A","","Connecticut -- Statewide","Federal Government","NAICS 5413 Architectural, engineering, and related services","State, NAICS 4-digit -- by ownership sector","All establishment sizes",7,217,22786434,0,0,2018,104926,"",0.67,0.35,0.33,0.00,0.00,0.93,0.93,"",1,16.7,-36,-14.2,156275,0.7,0,0.0,0,0.0,301,17.5,15626,17.5
"09000","1","54133","57","0","2024","A","","Connecticut -- Statewide","Federal Government","NAICS 54133 Engineering services","State, NAICS 5-digit -- by ownership sector","All establishment sizes",7,217,22786434,0,0,2018,104926,"",0.68,0.37,0.34,0.00,0.00,0.93,0.93,"",1,16.7,-36,-14.2,156275,0.7,0,0.0,0,0.0,301,17.5,15626,17.5
"09000","1","541330","58","0","2024","A","","Connecticut -- Statewide","Federal Government","NAICS 541330 Engineering services","State, NAICS 6-digit -- by ownership sector","All establishment sizes",7,217,22786434,0,0,2018,104926,"",0.68,0.37,0.34,0.00,0.00,0.93,0.93,"",1,16.7,-36,-14.2,156275,0.7,0,0.0,0,0.0,301,17.5,15626,17.5
"09000","1","5417","56","0","2024","A","","Connecticut -- Statewide","Federal Government","NAICS 5417 Scientific research and development services","State, NAICS 4-digit -- by ownership sector","All establishment sizes",1,22,3516911,0,0,3063,159256,"",0.75,0.26,0.26,0.00,0.00,1.01,1.01,"",0,0.0,2,10.0,330071,10.4,0,0.0,0,0.0,49,1.6,2526,1.6
"09000","1","54171","57","0","2024","A","","Connecticut -- Statewide","Federal Government","NAICS 54171 Research and development in the physical, engineering, and life sciences","State, NAICS 5-digit -- by ownership sector","All establishment sizes",1,22,3516911,0,0,3063,159256,"",0.76,0.26,0.26,0.00,0.00,1.01,1.01,"",0,0.0,2,10.0,330071,10.4,0,0.0,0,0.0,49,1.6,2526,1.6
"09000","1","541715","58","0","2024","A","","Connecticut -- Statewide","Federal Government","NAICS 541715 Research and development in the physical, engineering, and life sciences (except nanotechnology and biotechnology)","State, NAICS 6-digit -- by ownership sector","All establishment sizes",1,22,3516911,0,0,3063,159256,"",1.05,0.36,0.35,0.00,0.00,0.96,0.96,"",0,0.0,2,10.0,330071,10.4,0,0.0,0,0.0,49,1.6,2526,1.6
"09000","1","5419","56","0","2024","A","","Connecticut -- Statewide","Federal Government","NAICS 5419 Other professional, scientific, and technical services","State, NAICS 4-digit -- by ownership sector","All establishment sizes",1,7,845726,0,0,2243,116652,"",0.60,0.14,0.13,0.00,0.00,0.85,0.85,"",0,0.0,-21,-75.0,-2496489,-74.7,0,0.0,0,0.0,-52,-2.3,-2713,-2.3
"09000","1","54199","57","0","2024","A","","Connecticut -- Statewide","Federal Government","NAICS 54199 All other professional, scientific, and technical services","State, NAICS 5-digit -- by ownership sector","All establishment sizes",1,7,845726,0,0,2243,116652,"",0.60,0.16,0.13,0.00,0.00,0.79,0.79,"",0,0.0,-21,-75.0,-2496489,-74.7,0,0.0,0,0.0,-52,-2.3,-2713,-2.3
"09000","1","541990","58","0","2024","A","","Connecticut -- Statewide","Federal Government","NAICS 541990 All other professional, scientific, and technical services","State, NAICS 6-digit -- by ownership sector","All establishment sizes",1,7,845726,0,0,2243,116652,"",0.60,0.16,0.13,0.00,0.00,0.79,0.79,"",0,0.0,-21,-75.0,-2496489,-74.7,0,0.0,0,0.0,-52,-2.3,-2713,-2.3
"09000","1","61","54","0","2024","A","","Connecticut -- Statewide","Federal Government","NAICS 61 Educational services","State, NAICS Sector -- by ownership sector","All establishment sizes",3,326,38860647,0,0,2289,119052,"",1.23,2.35,2.62,0.00,0.00,1.11,1.11,"",0,0.0,-8,-2.4,1755489,4.7,0,0.0,0,0.0,150,7.0,7820,7.0
"09000","1","611","55","0","2024","A","","Connecticut -- Statewide","Federal Government","NAICS 611 Educational services","State, NAICS 3-digit -- by ownership sector","All establishment sizes",3,326,38860647,0,0,2289,119052,"",1.23,2.35,2.62,0.00,0.00,1.11,1.11,"",0,0.0,-8,-2.4,1755489,4.7,0,0.0,0,0.0,150,7.0,7820,7.0
"09000","1","6113","56","0","2024","A","","Connecticut -- Statewide","Federal Government","NAICS 6113 Colleges, universities, and professional schools","State, NAICS 4-digit -- by ownership sector","All establishment sizes",2,326,38762233,0,0,2290,119085,"",4.05,5.64,5.39,0.00,0.00,0.96,0.96,"",0,0.0,-6,-1.8,1792498,4.8,0,0.0,0,0.0,150,7.0,7786,7.0
"09000","1","61131","57","0","2024","A","","Connecticut -- Statewide","Federal Government","NAICS 61131 Colleges, universities, and professional schools","State, NAICS 5-digit -- by ownership sector","All establishment sizes",2,326,38762233,0,0,2290,119085,"",4.05,5.64,5.39,0.00,0.00,0.96,0.96,"",0,0.0,-6,-1.8,1792498,4.8,0,0.0,0,0.0,150,7.0,7786,7.0
"09000","1","611310","58","0","2024","A","","Connecticut -- Statewide","Federal Government","NAICS 611310 Colleges, universities, and professional schools","State, NAICS 6-digit -- by ownership sector","All establishment sizes",2,326,38762233,0,0,2290,119085,"",4.05,5.64,5.39,0.00,0.00,0.96,0.96,"",0,0.0,-6,-1.8,1792498,4.8,0,0.0,0,0.0,150,7.0,7786,7.0
"09000","1","6115","56","0","2024","A","","Connecticut -- Statewide","Federal Government","NAICS 6115 Technical and trade schools","State, NAICS 4-digit -- by ownership sector","All establishment sizes",1,1,98414,0,0,2065,107361,"",3.11,0.07,0.05,0.00,0.00,0.81,0.81,"",0,0.0,0,0.0,-37009,-27.3,0,0.0,0,0.0,227,12.4,11768,12.3
"09000","1","61151","57","0","2024","A","","Connecticut -- Statewide","Federal Government","NAICS 61151 Technical and trade schools","State, NAICS 5-digit -- by ownership sector","All establishment sizes",1,1,98414,0,0,2065,107361,"",3.11,0.07,0.05,0.00,0.00,0.81,0.81,"",0,0.0,0,0.0,-37009,-27.3,0,0.0,0,0.0,227,12.4,11768,12.3
"09000","1","611519","58","0","2024","A","","Connecticut -- Statewide","Federal Government","NAICS 611519 Other technical and trade schools","State, NAICS 6-digit -- by ownership sector","All establishment sizes",1,1,98414,0,0,2065,107361,"",3.24,0.07,0.05,0.00,0.00,0.81,0.81,"",0,0.0,0,0.0,-37009,-27.3,0,0.0,0,0.0,227,12.4,11768,12.3
"09000","1","62","54","0","2024","A","","Connecticut -- Statewide","Federal Government","NAICS 62 Health care and social assistance","State, NAICS Sector -- by ownership sector","All establishment sizes",11,3478,402267660,0,0,2224,115652,"",0.70,0.72,0.68,0.00,0.00,0.94,0.94,"",1,10.0,-257,-6.9,-12320156,-3.0,0,0.0,0,0.0,89,4.2,4636,4.2
"09000","1","621","55","0","2024","A","","Connecticut -- Statewide","Federal Government","NAICS 621 Ambulatory health care services","State, NAICS 3-digit -- by ownership sector","All establishment sizes",8,179,14898538,0,0,1598,83116,"",1.40,0.40,0.27,0.00,0.00,0.67,0.67,"",1,14.3,-6,-3.2,-4405828,-22.8,0,0.0,0,0.0,-411,-20.5,-21326,-20.4
"09000","1","6211","56","0","2024","A","","Connecticut -- Statewide","Federal Government","NAICS 6211 Offices of physicians","State, NAICS 4-digit -- by ownership sector","All establishment sizes",6,60,7385514,0,0,2380,123780,"",1.44,0.21,0.20,0.00,0.00,0.96,0.96,"",1,20.0,0,0.0,400471,5.7,0,0.0,0,0.0,138,6.2,7201,6.2
"09000","1","62111","57","0","2024","A","","Connecticut -- Statewide","Federal Government","NAICS 62111 Offices of physicians","State, NAICS 5-digit -- by ownership sector","All establishment sizes",6,60,7385514,0,0,2380,123780,"",1.44,0.21,0.20,0.00,0.00,0.96,0.96,"",1,20.0,0,0.0,400471,5.7,0,0.0,0,0.0,138,6.2,7201,6.2
"09000","1","621111","58","0","2024","A","","Connecticut -- Statewide","Federal Government","NAICS 621111 Offices of physicians (except mental health specialists)","State, NAICS 6-digit -- by ownership sector","All establishment sizes",6,60,7385514,0,0,2380,123780,"",1.44,0.21,0.20,0.00,0.00,0.96,0.96,"",1,20.0,0,0.0,400471,5.7,0,0.0,0,0.0,138,6.2,7201,6.2
"09000","1","6214","56","0","2024","A","","Connecticut -- Statewide","Federal Government","NAICS 6214 Outpatient care centers","State, NAICS 4-digit -- by ownership sector","All establishment sizes",2,120,7513024,0,0,1208,62827,"",1.38,0.78,0.42,0.00,0.00,0.54,0.54,"",0,0.0,-5,-4.0,-4806299,-39.0,0,0.0,0,0.0,-689,-36.3,-35793,-36.3
"09000","1","62149","57","0","2024","A","","Connecticut -- Statewide","Federal Government","NAICS 62149 Other outpatient care centers","State, NAICS 5-digit -- by ownership sector","All establishment sizes",2,120,7513024,0,0,1208,62827,"",1.42,0.79,0.43,0.00,0.00,0.54,0.54,"",0,0.0,-5,-4.0,-4806299,-39.0,0,0.0,0,0.0,-689,-36.3,-35793,-36.3
"09000","1","621493","58","0","2024","A","","Connecticut -- Statewide","Federal Government","NAICS 621493 Freestanding ambulatory surgical and emergency centers","State, NAICS 6-digit -- by ownership sector","All establishment sizes",2,120,7513024,0,0,1208,62827,"",3.30,2.68,1.59,0.00,0.00,0.60,0.60,"",0,0.0,-5,-4.0,-4806299,-39.0,0,0.0,0,0.0,-689,-36.3,-35793,-36.3
"09000","1","622","55","0","2024","A","","Connecticut -- Statewide","Federal Government","NAICS 622 Hospitals","State, NAICS 3-digit -- by ownership sector","All establishment sizes",3,3299,387369122,0,0,2258,117420,"",0.54,0.79,0.73,0.00,0.00,0.93,0.93,"",0,0.0,-251,-7.1,-7914328,-2.0,0,0.0,0,0.0,117,5.5,6062,5.4
"09000","1","6221","56","0","2024","A","","Connecticut -- Statewide","Federal Government","NAICS 6221 General medical and surgical hospitals","State, NAICS 4-digit -- by ownership sector","All establishment sizes",3,3299,387369122,0,0,2258,117420,"",0.55,0.80,0.75,0.00,0.00,0.93,0.93,"",0,0.0,-251,-7.1,-7914328,-2.0,0,0.0,0,0.0,117,5.5,6062,5.4
"09000","1","62211","57","0","2024","A","","Connecticut -- Statewide","Federal Government","NAICS 62211 General medical and surgical hospitals","State, NAICS 5-digit -- by ownership sector","All establishment sizes",3,3299,387369122,0,0,2258,117420,"",0.55,0.80,0.75,0.00,0.00,0.93,0.93,"",0,0.0,-251,-7.1,-7914328,-2.0,0,0.0,0,0.0,117,5.5,6062,5.4
"09000","1","622110","58","0","2024","A","","Connecticut -- Statewide","Federal Government","NAICS 622110 General medical and surgical hospitals","State, NAICS 6-digit -- by ownership sector","All establishment sizes",3,3299,387369122,0,0,2258,117420,"",0.55,0.80,0.75,0.00,0.00,0.93,0.93,"",0,0.0,-251,-7.1,-7914328,-2.0,0,0.0,0,0.0,117,5.5,6062,5.4
"09000","1","71","54","0","2024","A","","Connecticut -- Statewide","Federal Government","NAICS 71 Arts, entertainment, and recreation","State, NAICS Sector -- by ownership sector","All establishment sizes",6,293,9211551,0,0,605,31484,"",0.46,0.67,0.27,0.00,0.00,0.40,0.40,"",1,20.0,2,0.7,1131932,14.0,0,0.0,0,0.0,71,13.3,3727,13.4
"09000","1","712","55","0","2024","A","","Connecticut -- Statewide","Federal Government","NAICS 712 Museums, historical sites, and similar institutions","State, NAICS 3-digit -- by ownership sector","All establishment sizes",4,17,1993529,0,0,2201,114461,"",0.65,0.07,0.08,0.00,0.00,1.12,1.12,"",1,33.3,2,13.3,655013,48.9,0,0.0,0,0.0,436,24.7,22677,24.7
"09000","1","7121","56","0","2024","A","","Connecticut -- Statewide","Federal Government","NAICS 7121 Museums, historical sites, and similar institutions","State, NAICS 4-digit -- by ownership sector","All establishment sizes",4,17,1993529,0,0,2201,114461,"",0.65,0.07,0.08,0.00,0.00,1.12,1.12,"",1,33.3,2,13.3,655013,48.9,0,0.0,0,0.0,436,24.7,22677,24.7
"09000","1","71211","57","0","2024","A","","Connecticut -- Statewide","Federal Government","NAICS 71211 Museums","State, NAICS 5-digit -- by ownership sector","All establishment sizes",0,2,438185,0,0,3611,187794,"",0.00,0.03,0.05,0.00,0.00,1.52,1.52,"N",0,0,0,0,0,0,0,0,0,0,0,0,0,0
"09000","1","712110","58","0","2024","A","","Connecticut -- Statewide","Federal Government","NAICS 712110 Museums","State, NAICS 6-digit -- by ownership sector","All establishment sizes",0,2,438185,0,0,3611,187794,"",0.00,0.03,0.05,0.00,0.00,1.52,1.52,"N",0,0,0,0,0,0,0,0,0,0,0,0,0,0
"09000","1","71219","57","0","2024","A","","Connecticut -- Statewide","Federal Government","NAICS 71219 Nature parks and other similar institutions","State, NAICS 5-digit -- by ownership sector","All establishment sizes",3,15,1555344,0,0,1983,103117,"",0.57,0.08,0.09,0.00,0.00,1.09,1.09,"",0,0.0,0,0.0,216828,16.2,0,0.0,0,0.0,218,12.4,11333,12.3
"09000","1","712190","58","0","2024","A","","Connecticut -- Statewide","Federal Government","NAICS 712190 Nature parks and other similar institutions","State, NAICS 6-digit -- by ownership sector","All establishment sizes",3,15,1555344,0,0,1983,103117,"",0.57,0.08,0.09,0.00,0.00,1.09,1.09,"",0,0.0,0,0.0,216828,16.2,0,0.0,0,0.0,218,12.4,11333,12.3
"09000","1","713","55","0","2024","A","","Connecticut -- Statewide","Federal Government","NAICS 713 Amusement, gambling, and recreation industries","State, NAICS 3-digit -- by ownership sector","All establishment sizes",2,275,7218022,0,0,504,26231,"",0.30,1.61,0.99,0.00,0.00,0.61,0.61,"",0,0.0,-2,-0.7,476919,7.1,0,0.0,0,0.0,35,7.5,1851,7.6
"09000","1","7139","56","0","2024","A","","Connecticut -- Statewide","Federal Government","NAICS 7139 Other amusement and recreation industries","State, NAICS 4-digit -- by ownership sector","All establishment sizes",2,275,7218022,0,0,504,26231,"",0.30,1.63,1.00,0.00,0.00,0.61,0.61,"",0,0.0,-2,-0.7,476919,7.1,0,0.0,0,0.0,35,7.5,1851,7.6
"09000","1","71399","57","0","2024","A","","Connecticut -- Statewide","Federal Government","NAICS 71399 All other amusement and recreation industries","State, NAICS 5-digit -- by ownership sector","All establishment sizes",2,275,7218022,0,0,504,26231,"",0.82,3.86,2.31,0.00,0.00,0.60,0.60,"",0,0.0,-2,-0.7,476919,7.1,0,0.0,0,0.0,35,7.5,1851,7.6
"09000","1","713990","58","0","2024","A","","Connecticut -- Statewide","Federal Government","NAICS 713990 All other amusement and recreation industries","State, NAICS 6-digit -- by ownership sector","All establishment sizes",2,275,7218022,0,0,504,26231,"",0.82,3.86,2.31,0.00,0.00,0.60,0.60,"",0,0.0,-2,-0.7,476919,7.1,0,0.0,0,0.0,35,7.5,1851,7.6
"09000","1","81","54","0","2024","A","","Connecticut -- Statewide","Federal Government","NAICS 81 Other services (except public administration)","State, NAICS Sector -- by ownership sector","All establishment sizes",2,5,278721,0,0,1090,56689,"",0.98,0.09,0.06,0.00,0.00,0.70,0.70,"",0,0.0,0,0.0,22809,8.9,0,0.0,0,0.0,72,7.1,3742,7.1
"09000","1","811","55","0","2024","A","","Connecticut -- Statewide","Federal Government","NAICS 811 Repair and maintenance","State, NAICS 3-digit -- by ownership sector","All establishment sizes",1,4,122661,0,0,602,31318,"",1.93,0.55,0.10,0.00,0.00,0.19,0.19,"",0,0.0,0,0.0,8650,7.6,0,0.0,0,0.0,42,7.5,2209,7.6
"09000","1","8111","56","0","2024","A","","Connecticut -- Statewide","Federal Government","NAICS 8111 Automotive repair and maintenance","State, NAICS 4-digit -- by ownership sector","All establishment sizes",1,4,122661,0,0,602,31318,"",1.97,3.47,1.88,0.00,0.00,0.56,0.56,"",0,0.0,0,0.0,8650,7.6,0,0.0,0,0.0,42,7.5,2209,7.6
"09000","1","81111","57","0","2024","A","","Connecticut -- Statewide","Federal Government","NAICS 81111 Automotive mechanical and electrical repair and maintenance","State, NAICS 5-digit -- by ownership sector","All establishment sizes",1,4,122661,0,0,602,31318,"",11.57,5.75,3.11,0.00,0.00,0.55,0.55,"",0,0.0,0,0.0,8650,7.6,0,0.0,0,0.0,42,7.5,2209,7.6
"09000","1","811111","58","0","2024","A","","Connecticut -- Statewide","Federal Government","NAICS 811111 General automotive repair","State, NAICS 6-digit -- by ownership sector","All establishment sizes",1,4,122661,0,0,602,31318,"",11.57,5.75,3.11,0.00,0.00,0.55,0.55,"",0,0.0,0,0.0,8650,7.6,0,0.0,0,0.0,42,7.5,2209,7.6
"09000","1","813","55","0","2024","A","","Connecticut -- Statewide","Federal Government","NAICS 813 Religious, grantmaking, civic, professional, and similar organizations","State, NAICS 3-digit -- by ownership sector","All establishment sizes",1,1,156060,0,0,3001,156060,"",1.93,0.03,0.09,0.00,0.00,2.68,2.68,"",0,0.0,0,0.0,14159,10.0,0,0.0,0,0.0,24,0.8,1259,0.8
"09000","1","8132","56","0","2024","A","","Connecticut -- Statewide","Federal Government","NAICS 8132 Grantmaking and giving services","State, NAICS 4-digit -- by ownership sector","All establishment sizes",1,1,156060,0,0,3001,156060,"",3.24,0.07,0.17,0.00,0.00,2.46,2.46,"",0,0.0,0,0.0,14159,10.0,0,0.0,0,0.0,24,0.8,1259,0.8
"09000","1","81321","57","0","2024","A","","Connecticut -- Statewide","Federal Government","NAICS 81321 Grantmaking and giving services","State, NAICS 5-digit -- by ownership sector","All establishment sizes",1,1,156060,0,0,3001,156060,"",3.24,0.07,0.17,0.00,0.00,2.46,2.46,"",0,0.0,0,0.0,14159,10.0,0,0.0,0,0.0,24,0.8,1259,0.8
"09000","1","813211","58","0","2024","A","","Connecticut -- Statewide","Federal Government","NAICS 813211 Grantmaking foundations","State, NAICS 6-digit -- by ownership sector","All establishment sizes",1,1,156060,0,0,3001,156060,"",4.26,1.24,1.37,0.00,0.00,1.11,1.11,"",0,0.0,0,0.0,14159,10.0,0,0.0,0,0.0,24,0.8,1259,0.8
"09000","1","92","54","0","2024","A","","Connecticut -- Statewide","Federal Government","NAICS 92 Public administration","State, NAICS Sector -- by ownership sector","All establishment sizes",245,5753,656712474,0,0,2195,114153,"",0.80,0.32,0.27,0.00,0.00,0.87,0.87,"",24,10.9,450,8.5,85771412,15.0,0,0.0,0,0.0,125,6.0,6494,6.0
"09000","1","921","55","0","2024","A","","Connecticut -- Statewide","Federal Government","NAICS 921 Executive, legislative, and other general government support","State, NAICS 3-digit -- by ownership sector","All establishment sizes",19,509,68005670,0,0,2567,133497,"",0.87,0.29,0.32,0.00,0.00,1.11,1.11,"",4,26.7,74,17.0,11427129,20.2,0,0.0,0,0.0,65,2.6,3406,2.6
"09000","1","9211","56","0","2024","A","","Connecticut -- Statewide","Federal Government","NAICS 9211 Executive, legislative, and other general government support","State, NAICS 4-digit -- by ownership sector","All establishment sizes",19,509,68005670,0,0,2567,133497,"",0.87,0.29,0.32,0.00,0.00,1.11,1.11,"",4,26.7,74,17.0,11427129,20.2,0,0.0,0,0.0,65,2.6,3406,2.6
"09000","1","92112","57","0","2024","A","","Connecticut -- Statewide","Federal Government","NAICS 92112 Legislative bodies","State, NAICS 5-digit -- by ownership sector","All establishment sizes",1,0,0,0,0,0,0,"",16.19,0.00,0.00,0.00,0.00,0.00,0.00,"",0,0.0,0,0.0,0,0.0,0,0.0,0,0.0,0,0.0,0,0.0
"09000","1","921120","58","0","2024","A","","Connecticut -- Statewide","Federal Government","NAICS 921120 Legislative bodies","State, NAICS 6-digit -- by ownership sector","All establishment sizes",1,0,0,0,0,0,0,"",16.19,0.00,0.00,0.00,0.00,0.00,0.00,"",0,0.0,0,0.0,0,0.0,0,0.0,0,0.0,0,0.0,0,0.0
"09000","1","92113","57","0","2024","A","","Connecticut -- Statewide","Federal Government","NAICS 92113 Public finance activities","State, NAICS 5-digit -- by ownership sector","All establishment sizes",7,442,60727209,0,0,2645,137547,"",0.98,0.37,0.42,0.00,0.00,1.15,1.15,"",0,0.0,52,13.3,8099302,15.4,0,0.0,0,0.0,53,2.0,2748,2.0
"09000","1","921130","58","0","2024","A","","Connecticut -- Statewide","Federal Government","NAICS 921130 Public finance activities","State, NAICS 6-digit -- by ownership sector","All establishment sizes",7,442,60727209,0,0,2645,137547,"",0.98,0.37,0.42,0.00,0.00,1.15,1.15,"",0,0.0,52,13.3,8099302,15.4,0,0.0,0,0.0,53,2.0,2748,2.0
"09000","1","92119","57","0","2024","A","","Connecticut -- Statewide","Federal Government","NAICS 92119 Other general government support","State, NAICS 5-digit -- by ownership sector","All establishment sizes",11,68,7278461,0,0,2061,107168,"",0.76,0.19,0.15,0.00,0.00,0.81,0.81,"",4,57.1,23,51.1,3327827,84.2,0,0.0,0,0.0,354,20.7,18390,20.7
"09000","1","921190","58","0","2024","A","","Connecticut -- Statewide","Federal Government","NAICS 921190 Other general government support","State, NAICS 6-digit -- by ownership sector","All establishment sizes",11,68,7278461,0,0,2061,107168,"",0.76,0.19,0.15,0.00,0.00,0.81,0.81,"",4,57.1,23,51.1,3327827,84.2,0,0.0,0,0.0,354,20.7,18390,20.7
"09000","1","922","55","0","2024","A","","Connecticut -- Statewide","Federal Government","NAICS 922 Justice, public order, and safety activities","State, NAICS 3-digit -- by ownership sector","All establishment sizes",44,1214,159207848,0,0,2522,131143,"",1.02,0.41,0.36,0.00,0.00,0.88,0.88,"",9,25.7,-1,-0.1,9633664,6.4,0,0.0,0,0.0,154,6.5,7994,6.5
"09000","1","9221","56","0","2024","A","","Connecticut -- Statewide","Federal Government","NAICS 9221 Justice, public order, and safety activities","State, NAICS 4-digit -- by ownership sector","All establishment sizes",44,1214,159207848,0,0,2522,131143,"",1.02,0.41,0.36,0.00,0.00,0.88,0.88,"",9,25.7,-1,-0.1,9633664,6.4,0,0.0,0,0.0,154,6.5,7994,6.5
"09000","1","92211","57","0","2024","A","","Connecticut -- Statewide","Federal Government","NAICS 92211 Courts","State, NAICS 5-digit -- by ownership sector","All establishment sizes",8,291,34558358,0,0,2281,118621,"",0.91,0.81,0.73,0.00,0.00,0.90,0.90,"",0,0.0,0,0.0,1714317,5.2,0,0.0,0,0.0,110,5.1,5723,5.1
"09000","1","922110","58","0","2024","A","","Connecticut -- Statewide","Federal Government","NAICS 922110 Courts","State, NAICS 6-digit -- by ownership sector","All establishment sizes",8,291,34558358,0,0,2281,118621,"",0.91,0.81,0.73,0.00,0.00,0.90,0.90,"",0,0.0,0,0.0,1714317,5.2,0,0.0,0,0.0,110,5.1,5723,5.1
"09000","1","92212","57","0","2024","A","","Connecticut -- Statewide","Federal Government","NAICS 92212 Police protection","State, NAICS 5-digit -- by ownership sector","All establishment sizes",22,473,69017696,0,0,2806,145889,"",1.05,0.30,0.27,0.00,0.00,0.92,0.92,"",6,37.5,-18,-3.7,3003040,4.5,0,0.0,0,0.0,221,8.5,11462,8.5
"09000","1","922120","58","0","2024","A","","Connecticut -- Statewide","Federal Government","NAICS 922120 Police protection","State, NAICS 6-digit -- by ownership sector","All establishment sizes",22,473,69017696,0,0,2806,145889,"",1.05,0.30,0.27,0.00,0.00,0.92,0.92,"",6,37.5,-18,-3.7,3003040,4.5,0,0.0,0,0.0,221,8.5,11462,8.5
"09000","1","92213","57","0","2024","A","","Connecticut -- Statewide","Federal Government","NAICS 92213 Legal counsel and prosecution","State, NAICS 5-digit -- by ownership sector","All establishment sizes",4,146,20399898,0,0,2692,139965,"",0.88,0.58,0.49,0.00,0.00,0.85,0.85,"",0,0.0,1,0.7,669563,3.4,0,0.0,0,0.0,77,2.9,3972,2.9
"09000","1","922130","58","0","2024","A","","Connecticut -- Statewide","Federal Government","NAICS 922130 Legal counsel and prosecution","State, NAICS 6-digit -- by ownership sector","All establishment sizes",4,146,20399898,0,0,2692,139965,"",0.88,0.58,0.49,0.00,0.00,0.85,0.85,"",0,0.0,1,0.7,669563,3.4,0,0.0,0,0.0,77,2.9,3972,2.9
"09000","1","92214","57","0","2024","A","","Connecticut -- Statewide","Federal Government","NAICS 92214 Correctional institutions","State, NAICS 5-digit -- by ownership sector","All establishment sizes",3,250,28254287,0,0,2176,113130,"",1.71,0.67,0.60,0.00,0.00,0.89,0.89,"",2,200.0,7,2.9,2254868,8.7,0,0.0,0,0.0,116,5.6,6026,5.6
"09000","1","922140","58","0","2024","A","","Connecticut -- Statewide","Federal Government","NAICS 922140 Correctional institutions","State, NAICS 6-digit -- by ownership sector","All establishment sizes",3,250,28254287,0,0,2176,113130,"",1.71,0.67,0.60,0.00,0.00,0.89,0.89,"",2,200.0,7,2.9,2254868,8.7,0,0.0,0,0.0,116,5.6,6026,5.6
"09000","1","92219","57","0","2024","A","","Connecticut -- Statewide","Federal Government","NAICS 92219 Other justice, public order, and safety activities","State, NAICS 5-digit -- by ownership sector","All establishment sizes",6,54,6977609,0,0,2481,129016,"",0.85,0.15,0.13,0.00,0.00,0.90,0.90,"",0,0.0,9,20.0,1991876,40.0,0,0.0,0,0.0,338,15.8,17603,15.8
"09000","1","922190","58","0","2024","A","","Connecticut -- Statewide","Federal Government","NAICS 922190 Other justice, public order, and safety activities","State, NAICS 6-digit -- by ownership sector","All establishment sizes",6,54,6977609,0,0,2481,129016,"",0.85,0.15,0.13,0.00,0.00,0.90,0.90,"",0,0.0,9,20.0,1991876,40.0,0,0.0,0,0.0,338,15.8,17603,15.8
"09000","1","923","55","0","2024","A","","Connecticut -- Statewide","Federal Government","NAICS 923 Administration of human resource programs","State, NAICS 3-digit -- by ownership sector","All establishment sizes",26,1126,123579320,0,0,2111,109751,"",0.78,0.43,0.35,0.00,0.00,0.81,0.81,"",7,36.8,342,43.6,42238185,51.9,0,0.0,0,0.0,115,5.8,5977,5.8
"09000","1","9231","56","0","2024","A","","Connecticut -- Statewide","Federal Government","NAICS 9231 Administration of human resource programs","State, NAICS 4-digit -- by ownership sector","All establishment sizes",26,1126,123579320,0,0,2111,109751,"",0.78,0.43,0.35,0.00,0.00,0.81,0.81,"",7,36.8,342,43.6,42238185,51.9,0,0.0,0,0.0,115,5.8,5977,5.8
"09000","1","92311","57","0","2024","A","","Connecticut -- Statewide","Federal Government","NAICS 92311 Administration of education programs","State, NAICS 5-digit -- by ownership sector","All establishment sizes",1,4,652820,0,0,2897,150651,"",0.66,0.12,0.12,0.00,0.00,0.94,0.94,"",0,0.0,-1,-20.0,-171006,-20.8,0,0.0,0,0.0,-28,-1.0,-1440,-0.9
"09000","1","923110","58","0","2024","A","","Connecticut -- Statewide","Federal Government","NAICS 923110 Administration of education programs","State, NAICS 6-digit -- by ownership sector","All establishment sizes",1,4,652820,0,0,2897,150651,"",0.66,0.12,0.12,0.00,0.00,0.94,0.94,"",0,0.0,-1,-20.0,-171006,-20.8,0,0.0,0,0.0,-28,-1.0,-1440,-0.9
"09000","1","92312","57","0","2024","A","","Connecticut -- Statewide","Federal Government","NAICS 92312 Administration of public health programs","State, NAICS 5-digit -- by ownership sector","All establishment sizes",5,52,6131848,0,0,2260,117543,"",0.51,0.07,0.05,0.00,0.00,0.72,0.72,"",0,0.0,-2,-3.7,251985,4.3,0,0.0,0,0.0,156,7.4,8150,7.5
"09000","1","923120","58","0","2024","A","","Connecticut -- Statewide","Federal Government","NAICS 923120 Administration of public health programs","State, NAICS 6-digit -- by ownership sector","All establishment sizes",5,52,6131848,0,0,2260,117543,"",0.51,0.07,0.05,0.00,0.00,0.72,0.72,"",0,0.0,-2,-3.7,251985,4.3,0,0.0,0,0.0,156,7.4,8150,7.5
"09000","1","92313","57","0","2024","A","","Connecticut -- Statewide","Federal Government","NAICS 92313 Administration of human resource programs (except education, public health, and veterans' affairs programs)","State, NAICS 5-digit -- by ownership sector","All establishment sizes",18,356,37511201,0,0,2025,105319,"",1.03,0.48,0.41,0.00,0.00,0.86,0.86,"",7,63.6,-7,-1.9,1831464,5.1,0,0.0,0,0.0,133,7.0,6915,7.0
"09000","1","923130","58","0","2024","A","","Connecticut -- Statewide","Federal Government","NAICS 923130 Administration of human resource programs (except education, public health, and veterans' affairs programs)","State, NAICS 6-digit -- by ownership sector","All establishment sizes",18,356,37511201,0,0,2025,105319,"",1.03,0.48,0.41,0.00,0.00,0.86,0.86,"",7,63.6,-7,-1.9,1831464,5.1,0,0.0,0,0.0,133,7.0,6915,7.0
"09000","1","92314","57","0","2024","A","","Connecticut -- Statewide","Federal Government","NAICS 92314 Administration of veterans' affairs","State, NAICS 5-digit -- by ownership sector","All establishment sizes",2,713,79283451,0,0,2137,111145,"",0.45,0.62,0.55,0.00,0.00,0.89,0.89,"",0,0.0,351,97.0,40325742,103.5,0,0.0,0,0.0,68,3.3,3552,3.3
"09000","1","923140","58","0","2024","A","","Connecticut -- Statewide","Federal Government","NAICS 923140 Administration of veterans' affairs","State, NAICS 6-digit -- by ownership sector","All establishment sizes",2,713,79283451,0,0,2137,111145,"",0.45,0.62,0.55,0.00,0.00,0.89,0.89,"",0,0.0,351,97.0,40325742,103.5,0,0.0,0,0.0,68,3.3,3552,3.3
"09000","1","924","55","0","2024","A","","Connecticut -- Statewide","Federal Government","NAICS 924 Administration of environmental quality programs","State, NAICS 3-digit -- by ownership sector","All establishment sizes",28,214,22055726,0,0,1984,103185,"",0.44,0.19,0.16,0.00,0.00,0.85,0.85,"",3,12.0,46,27.4,6024236,37.6,0,0.0,0,0.0,151,8.2,7854,8.2
"09000","1","9241","56","0","2024","A","","Connecticut -- Statewide","Federal Government","NAICS 9241 Administration of environmental quality programs","State, NAICS 4-digit -- by ownership sector","All establishment sizes",28,214,22055726,0,0,1984,103185,"",0.44,0.19,0.16,0.00,0.00,0.85,0.85,"",3,12.0,46,27.4,6024236,37.6,0,0.0,0,0.0,151,8.2,7854,8.2
"09000","1","92411","57","0","2024","A","","Connecticut -- Statewide","Federal Government","NAICS 92411 Administration of air and water resource and solid waste management programs","State, NAICS 5-digit -- by ownership sector","All establishment sizes",6,43,5757847,0,0,2590,134686,"",1.42,0.20,0.18,0.00,0.00,0.87,0.87,"",1,20.0,24,126.3,3472698,152.0,0,0.0,0,0.0,215,9.1,11164,9.0
"09000","1","924110","58","0","2024","A","","Connecticut -- Statewide","Federal Government","NAICS 924110 Administration of air and water resource and solid waste management programs","State, NAICS 6-digit -- by ownership sector","All establishment sizes",6,43,5757847,0,0,2590,134686,"",1.42,0.20,0.18,0.00,0.00,0.87,0.87,"",1,20.0,24,126.3,3472698,152.0,0,0.0,0,0.0,215,9.1,11164,9.0
"09000","1","92412","57","0","2024","A","","Connecticut -- Statewide","Federal Government","NAICS 92412 Administration of conservation programs","State, NAICS 5-digit -- by ownership sector","All establishment sizes",22,171,16297879,0,0,1833,95309,"",0.37,0.18,0.15,0.00,0.00,0.84,0.84,"",2,10.0,21,14.0,2551538,18.6,0,0.0,0,0.0,67,3.8,3463,3.8
"09000","1","924120","58","0","2024","A","","Connecticut -- Statewide","Federal Government","NAICS 924120 Administration of conservation programs","State, NAICS 6-digit -- by ownership sector","All establishment sizes",22,171,16297879,0,0,1833,95309,"",0.37,0.18,0.15,0.00,0.00,0.84,0.84,"",2,10.0,21,14.0,2551538,18.6,0,0.0,0,0.0,67,3.8,3463,3.8
"09000","1","925","55","0","2024","A","","Connecticut -- Statewide","Federal Government","NAICS 925 Administration of housing programs, urban planning, and community development","State, NAICS 3-digit -- by ownership sector","All establishment sizes",4,48,6739729,0,0,2729,141889,"",1.83,0.44,0.37,0.00,0.00,0.86,0.86,"",0,0.0,-2,-4.0,-79384,-1.2,0,0.0,0,0.0,124,4.8,6410,4.7
"09000","1","9251","56","0","2024","A","","Connecticut -- Statewide","Federal Government","NAICS 9251 Administration of housing programs, urban planning, and community development","State, NAICS 4-digit -- by ownership sector","All establishment sizes",4,48,6739729,0,0,2729,141889,"",1.83,0.44,0.37,0.00,0.00,0.86,0.86,"",0,0.0,-2,-4.0,-79384,-1.2,0,0.0,0,0.0,124,4.8,6410,4.7
"09000","1","92511","57","0","2024","A","","Connecticut -- Statewide","Federal Government","NAICS 92511 Administration of housing programs","State, NAICS 5-digit -- by ownership sector","All establishment sizes",3,48,6739729,0,0,2729,141889,"",2.21,0.50,0.41,0.00,0.00,0.84,0.84,"",0,0.0,-1,-2.0,57695,0.9,0,0.0,0,0.0,111,4.2,5752,4.2
"09000","1","925110","58","0","2024","A","","Connecticut -- Statewide","Federal Government","NAICS 925110 Administration of housing programs","State, NAICS 6-digit -- by ownership sector","All establishment sizes",3,48,6739729,0,0,2729,141889,"",2.21,0.50,0.41,0.00,0.00,0.84,0.84,"",0,0.0,-1,-2.0,57695,0.9,0,0.0,0,0.0,111,4.2,5752,4.2
"09000","1","92512","57","0","2024","A","","Connecticut -- Statewide","Federal Government","NAICS 92512 Administration of urban planning and community and rural development","State, NAICS 5-digit -- by ownership sector","All establishment sizes",1,0,0,0,0,0,0,"",1.21,0.00,0.00,0.00,0.00,0.00,0.00,"",0,0.0,-1,-100.0,-137079,-100.0,0,0.0,0,0.0,-2109,-100.0,-109663,-100.0
"09000","1","925120","58","0","2024","A","","Connecticut -- Statewide","Federal Government","NAICS 925120 Administration of urban planning and community and rural development","State, NAICS 6-digit -- by ownership sector","All establishment sizes",1,0,0,0,0,0,0,"",1.21,0.00,0.00,0.00,0.00,0.00,0.00,"",0,0.0,-1,-100.0,-137079,-100.0,0,0.0,0,0.0,-2109,-100.0,-109663,-100.0
"09000","1","926","55","0","2024","A","","Connecticut -- Statewide","Federal Government","NAICS 926 Administration of economic programs","State, NAICS 3-digit -- by ownership sector","All establishment sizes",85,979,106448988,0,0,2091,108723,"",0.78,0.35,0.27,0.00,0.00,0.78,0.78,"",4,4.9,75,8.3,15877696,17.5,0,0.0,0,0.0,165,8.6,8570,8.6
"09000","1","9261","56","0","2024","A","","Connecticut -- Statewide","Federal Government","NAICS 9261 Administration of economic programs","State, NAICS 4-digit -- by ownership sector","All establishment sizes",85,979,106448988,0,0,2091,108723,"",0.78,0.35,0.27,0.00,0.00,0.78,0.78,"",4,4.9,75,8.3,15877696,17.5,0,0.0,0,0.0,165,8.6,8570,8.6
"09000","1","92611","57","0","2024","A","","Connecticut -- Statewide","Federal Government","NAICS 92611 Administration of general economic programs","State, NAICS 5-digit -- by ownership sector","All establishment sizes",40,118,7882206,0,0,1287,66940,"",0.92,0.22,0.10,0.00,0.00,0.47,0.47,"",1,2.6,-21,-15.1,-632347,-7.4,0,0.0,0,0.0,110,9.3,5721,9.3
"09000","1","926110","58","0","2024","A","","Connecticut -- Statewide","Federal Government","NAICS 926110 Administration of general economic programs","State, NAICS 6-digit -- by ownership sector","All establishment sizes",40,118,7882206,0,0,1287,66940,"",0.92,0.22,0.10,0.00,0.00,0.47,0.47,"",1,2.6,-21,-15.1,-632347,-7.4,0,0.0,0,0.0,110,9.3,5721,9.3
"09000","1","92612","57","0","2024","A","","Connecticut -- Statewide","Federal Government","NAICS 92612 Regulation and administration of transportation programs","State, NAICS 5-digit -- by ownership sector","All establishment sizes",12,579,60748429,0,0,2018,104950,"",0.98,0.47,0.38,0.00,0.00,0.81,0.81,"",2,20.0,55,10.5,10375556,20.6,0,0.0,0,0.0,170,9.2,8864,9.2
"09000","1","926120","58","0","2024","A","","Connecticut -- Statewide","Federal Government","NAICS 926120 Regulation and administration of transportation programs","State, NAICS 6-digit -- by ownership sector","All establishment sizes",12,579,60748429,0,0,2018,104950,"",0.98,0.47,0.38,0.00,0.00,0.81,0.81,"",2,20.0,55,10.5,10375556,20.6,0,0.0,0,0.0,170,9.2,8864,9.2
"09000","1","92613","57","0","2024","A","","Connecticut -- Statewide","Federal Government","NAICS 92613 Regulation and administration of communications, electric, gas, and other utilities","State, NAICS 5-digit -- by ownership sector","All establishment sizes",6,27,4095946,0,0,2963,154079,"",2.08,0.17,0.14,0.00,0.00,0.81,0.81,"",1,20.0,6,28.6,1042746,34.2,0,0.0,0,0.0,156,5.6,8109,5.6
"09000","1","926130","58","0","2024","A","","Connecticut -- Statewide","Federal Government","NAICS 926130 Regulation and administration of communications, electric, gas, and other utilities","State, NAICS 6-digit -- by ownership sector","All establishment sizes",6,27,4095946,0,0,2963,154079,"",2.08,0.17,0.14,0.00,0.00,0.81,0.81,"",1,20.0,6,28.6,1042746,34.2,0,0.0,0,0.0,156,5.6,8109,5.6
"09000","1","92614","57","0","2024","A","","Connecticut -- Statewide","Federal Government","NAICS 92614 Regulation of agricultural marketing and commodities","State, NAICS 5-digit -- by ownership sector","All establishment sizes",14,112,12105215,0,0,2083,108324,"",0.36,0.21,0.20,0.00,0.00,0.93,0.93,"",-2,-12.5,22,24.4,1970874,19.4,0,0.0,0,0.0,-82,-3.8,-4280,-3.8
"09000","1","926140","58","0","2024","A","","Connecticut -- Statewide","Federal Government","NAICS 926140 Regulation of agricultural marketing and commodities","State, NAICS 6-digit -- by ownership sector","All establishment sizes",14,112,12105215,0,0,2083,108324,"",0.36,0.21,0.20,0.00,0.00,0.93,0.93,"",-2,-12.5,22,24.4,1970874,19.4,0,0.0,0,0.0,-82,-3.8,-4280,-3.8
"09000","1","92615","57","0","2024","A","","Connecticut -- Statewide","Federal Government","NAICS 92615 Regulation, licensing, and inspection of miscellaneous commercial sectors","State, NAICS 5-digit -- by ownership sector","All establishment sizes",13,144,21617192,0,0,2884,149946,"",1.11,0.38,0.31,0.00,0.00,0.82,0.82,"",2,18.2,14,10.8,3120867,16.9,0,0.0,0,0.0,150,5.5,7758,5.5
"09000","1","926150","58","0","2024","A","","Connecticut -- Statewide","Federal Government","NAICS 926150 Regulation, licensing, and inspection of miscellaneous commercial sectors","State, NAICS 6-digit -- by ownership sector","All establishment sizes",13,144,21617192,0,0,2884,149946,"",1.11,0.38,0.31,0.00,0.00,0.82,0.82,"",2,18.2,14,10.8,3120867,16.9,0,0.0,0,0.0,150,5.5,7758,5.5
"09000","1","927","55","0","2024","A","","Connecticut -- Statewide","Federal Government","NAICS 927 Space research and technology","State, NAICS 3-digit -- by ownership sector","All establishment sizes",1,4,695270,0,0,3146,163593,"",0.74,0.02,0.02,0.00,0.00,0.94,0.94,"",0,0.0,-1,-20.0,-25493,-3.5,0,0.0,0,0.0,66,2.1,3423,2.1
"09000","1","9271","56","0","2024","A","","Connecticut -- Statewide","Federal Government","NAICS 9271 Space research and technology","State, NAICS 4-digit -- by ownership sector","All establishment sizes",1,4,695270,0,0,3146,163593,"",0.74,0.02,0.02,0.00,0.00,0.94,0.94,"",0,0.0,-1,-20.0,-25493,-3.5,0,0.0,0,0.0,66,2.1,3423,2.1
"09000","1","92711","57","0","2024","A","","Connecticut -- Statewide","Federal Government","NAICS 92711 Space research and technology","State, NAICS 5-digit -- by ownership sector","All establishment sizes",1,4,695270,0,0,3146,163593,"",0.74,0.02,0.02,0.00,0.00,0.94,0.94,"",0,0.0,-1,-20.0,-25493,-3.5,0,0.0,0,0.0,66,2.1,3423,2.1
"09000","1","927110","58","0","2024","A","","Connecticut -- Statewide","Federal Government","NAICS 927110 Space research and technology","State, NAICS 6-digit -- by ownership sector","All establishment sizes",1,4,695270,0,0,3146,163593,"",0.74,0.02,0.02,0.00,0.00,0.94,0.94,"",0,0.0,-1,-20.0,-25493,-3.5,0,0.0,0,0.0,66,2.1,3423,2.1
"09000","1","928","55","0","2024","A","","Connecticut -- Statewide","Federal Government","NAICS 928 National security and international affairs","State, NAICS 3-digit -- by ownership sector","All establishment sizes",39,1659,169979923,0,0,1970,102464,"",1.25,0.25,0.21,0.00,0.00,0.84,0.84,"",-3,-7.1,-84,-4.8,675379,0.4,0,0.0,0,0.0,102,5.5,5307,5.5
"09000","1","9281","56","0","2024","A","","Connecticut -- Statewide","Federal Government","NAICS 9281 National security and international affairs","State, NAICS 4-digit -- by ownership sector","All establishment sizes",39,1659,169979923,0,0,1970,102464,"",1.25,0.25,0.21,0.00,0.00,0.84,0.84,"",-3,-7.1,-84,-4.8,675379,0.4,0,0.0,0,0.0,102,5.5,5307,5.5
"09000","1","92811","57","0","2024","A","","Connecticut -- Statewide","Federal Government","NAICS 92811 National security","State, NAICS 5-digit -- by ownership sector","All establishment sizes",30,1514,152869300,0,0,1942,100959,"",1.26,0.25,0.21,0.00,0.00,0.85,0.85,"",-2,-6.2,-89,-5.6,-1039139,-0.7,0,0.0,0,0.0,96,5.2,4971,5.2
"09000","1","928110","58","0","2024","A","","Connecticut -- Statewide","Federal Government","NAICS 928110 National security","State, NAICS 6-digit -- by ownership sector","All establishment sizes",30,1514,152869300,0,0,1942,100959,"",1.26,0.25,0.21,0.00,0.00,0.85,0.85,"",-2,-6.2,-89,-5.6,-1039139,-0.7,0,0.0,0,0.0,96,5.2,4971,5.2
"09000","1","92812","57","0","2024","A","","Connecticut -- Statewide","Federal Government","NAICS 92812 International affairs","State, NAICS 5-digit -- by ownership sector","All establishment sizes",9,145,17110623,0,0,2273,118208,"",1.19,0.30,0.24,0.00,0.00,0.78,0.78,"",-1,-10.0,6,4.3,1714518,11.1,0,0.0,0,0.0,145,6.8,7577,6.8
"09000","1","928120","58","0","2024","A","","Connecticut -- Statewide","Federal Government","NAICS 928120 International affairs","State, NAICS 6-digit -- by ownership sector","All establishment sizes",9,145,17110623,0,0,2273,118208,"",1.19,0.30,0.24,0.00,0.00,0.78,0.78,"",-1,-10.0,6,4.3,1714518,11.1,0,0.0,0,0.0,145,6.8,7577,6.8
"09000","2","10","51","0","2024","A","","Connecticut -- Statewide","State Government","10 Total, all industries","State, Total -- by ownership sector","All establishment sizes",634,63907,5542765090,0,0,1668,86732,"",0.70,1.22,1.13,0.00,0.00,0.93,0.93,"",-17,-2.6,1614,2.6,272987417,5.2,0,0.0,0,0.0,41,2.5,2135,2.5
"09000","2","101","52","0","2024","A","","Connecticut -- Statewide","State Government","101 Goods-producing","State, by Domain -- by ownership sector","All establishment sizes",2,32,1638689,0,0,1000,52022,"",0.08,0.04,0.03,0.00,0.00,0.65,0.66,"",0,0.0,4,14.3,85103,5.5,0,0.0,0,0.0,-58,-5.5,-2972,-5.4
"09000","2","1011","53","0","2024","A","","Connecticut -- Statewide","State Government","1011 Natural resources and mining","State, by Supersector -- by ownership sector","All establishment sizes",2,32,1638689,0,0,1000,52022,"N",1.18,0,0,0,0,0,0,"",0,0.0,4,14.3,85103,5.5,0,0.0,0,0.0,-58,-5.5,-2972,-5.4
"09000","2","102","52","0","2024","A","","Connecticut -- Statewide","State Government","102 Service-providing","State, by Domain -- by ownership sector","All establishment sizes",632,63875,5541126401,0,0,1668,86749,"",0.72,1.24,1.15,0.00,0.00,0.93,0.93,"",-17,-2.6,1610,2.6,272902314,5.2,0,0.0,0,0.0,41,2.5,2139,2.5
"09000","2","1021","53","0","2024","A","","Connecticut -- Statewide","State Government","1021 Trade, transportation, and utilities","State, by Supersector -- by ownership sector","All establishment sizes",1,167,17729508,0,0,2042,106165,"",0.08,0.27,0.29,0.00,0.00,1.11,1.11,"",-3,-75.0,3,1.8,682315,4.0,0,0.0,0,0.0,46,2.3,2377,2.3
"09000","2","1022","53","0","2024","A","","Connecticut -- Statewide","State Government","1022 Information","State, by Supersector -- by ownership sector","All establishment sizes",4,82,6369697,0,0,1497,77837,"",1.06,1.20,1.28,0.00,0.00,1.07,1.07,"",0,0.0,3,3.8,749216,13.3,0,0.0,0,0.0,127,9.3,6617,9.3
"09000","2","1024","53","0","2024","A","","Connecticut -- Statewide","State Government","1024 Professional and business services","State, by Supersector -- by ownership sector","All establishment sizes",1,237,26275131,0,0,2133,110905,"",0.06,0.57,0.64,0.00,0.00,1.12,1.12,"",0,0.0,15,6.8,548739,2.1,0,0.0,0,0.0,-100,-4.5,-5198,-4.5
"09000","2","1025","53","0","2024","A","","Connecticut -- Statewide","State Government","1025 Education and health services","State, by Supersector -- by ownership sector","All establishment sizes",179,36434,3065504459,0,0,1618,84138,"",0.95,1.23,1.11,0.00,0.00,0.90,0.90,"",-1,-0.6,597,1.7,154182045,5.3,0,0.0,0,0.0,56,3.6,2900,3.6
"09000","2","1026","53","0","2024","A","","Connecticut -- Statewide","State Government","1026 Leisure and hospitality","State, by Supersector -- by ownership sector","All establishment sizes",23,485,43686659,0,0,1733,90138,"",1.99,2.33,3.80,0.00,0.00,1.63,1.63,"",0,0.0,21,4.5,2095981,5.0,0,0.0,0,0.0,10,0.6,567,0.6
"09000","2","1027","53","0","2024","A","","Connecticut -- Statewide","State Government","1027 Other services","State, by Supersector -- by ownership sector","All establishment sizes",1,4,131091,0,0,658,34198,"N",0.46,0,0,0,0,0,0,"",0,0.0,1,33.3,6807,5.5,0,0.0,0,0.0,-42,-6.0,-2178,-6.0
"09000","2","1028","53","0","2024","A","","Connecticut -- Statewide","State Government","1028 Public administration","State, by Supersector -- by ownership sector","All establishment sizes",424,26467,2381429856,0,0,1730,89978,"",0.66,1.30,1.24,0.00,0.00,0.95,0.95,"",-11,-2.5,972,3.8,114637211,5.1,0,0.0,0,0.0,20,1.2,1066,1.2
"09000","2","11","54","0","2024","A","","Connecticut -- Statewide","State Government","NAICS 11 Agriculture, forestry, fishing and hunting","State, NAICS Sector -- by ownership sector","All establishment sizes",2,32,1638689,0,0,1000,52022,"N",1.18,0,0,0,0,0,0,"",0,0.0,4,14.3,85103,5.5,0,0.0,0,0.0,-58,-5.5,-2972,-5.4
"09000","2","112","55","0","2024","A","","Connecticut -- Statewide","State Government","NAICS 112 Animal production and aquaculture","State, NAICS 3-digit -- by ownership sector","All establishment sizes",2,32,1638689,0,0,1000,52022,"",2.94,6.93,5.01,0.00,0.00,0.73,0.73,"",0,0.0,4,14.3,85103,5.5,0,0.0,0,0.0,-58,-5.5,-2972,-5.4
"09000","2","1125","56","0","2024","A","","Connecticut -- Statewide","State Government","NAICS 1125 Aquaculture","State, NAICS 4-digit -- by ownership sector","All establishment sizes",2,32,1638689,0,0,1000,52022,"",2.94,6.93,5.01,0.00,0.00,0.73,0.73,"",0,0.0,4,14.3,85103,5.5,0,0.0,0,0.0,-58,-5.5,-2972,-5.4
"09000","2","11251","57","0","2024","A","","Connecticut -- Statewide","State Government","NAICS 11251 Aquaculture","State, NAICS 5-digit -- by ownership sector","All establishment sizes",2,32,1638689,0,0,1000,52022,"",2.94,6.93,5.01,0.00,0.00,0.73,0.73,"",0,0.0,4,14.3,85103,5.5,0,0.0,0,0.0,-58,-5.5,-2972,-5.4
"09000","2","112511","58","0","2024","A","","Connecticut -- Statewide","State Government","NAICS 112511 Finfish farming and fish hatcheries","State, NAICS 6-digit -- by ownership sector","All establishment sizes",2,32,1638689,0,0,1000,52022,"",2.94,6.93,5.01,0.00,0.00,0.73,0.73,"",0,0.0,4,14.3,85103,5.5,0,0.0,0,0.0,-58,-5.5,-2972,-5.4
"09000","2","48-49","54","0","2024","A","","Connecticut -- Statewide","State Government","NAICS 48-49 Transportation and warehousing","State, NAICS Sector -- by ownership sector","All establishment sizes",1,167,17729508,0,0,2042,106165,"",0.17,0.34,0.35,0.00,0.00,1.03,1.03,"",-3,-75.0,3,1.8,682315,4.0,0,0.0,0,0.0,46,2.3,2377,2.3
"09000","2","488","55","0","2024","A","","Connecticut -- Statewide","State Government","NAICS 488 Support activities for transportation","State, NAICS 3-digit -- by ownership sector","All establishment sizes",1,167,17729508,0,0,2042,106165,"",0.22,0.96,1.15,0.00,0.00,1.20,1.20,"",-3,-75.0,3,1.8,682315,4.0,0,0.0,0,0.0,46,2.3,2377,2.3
"09000","2","4881","56","0","2024","A","","Connecticut -- Statewide","State Government","NAICS 4881 Support activities for air transportation","State, NAICS 4-digit -- by ownership sector","All establishment sizes",1,167,17729508,0,0,2042,106165,"",0.48,3.47,5.15,0.00,0.00,1.48,1.48,"",-3,-75.0,3,1.8,682315,4.0,0,0.0,0,0.0,46,2.3,2377,2.3
"09000","2","48811","57","0","2024","A","","Connecticut -- Statewide","State Government","NAICS 48811 Airport operations","State, NAICS 5-digit -- by ownership sector","All establishment sizes",1,167,17729508,0,0,2042,106165,"N",0.48,0,0,0,0,0,0,"",-3,-75.0,3,1.8,682315,4.0,0,0.0,0,0.0,46,2.3,2377,2.3
"09000","2","488119","58","0","2024","A","","Connecticut -- Statewide","State Government","NAICS 488119 Other airport operations","State, NAICS 6-digit -- by ownership sector","All establishment sizes",1,167,17729508,0,0,2042,106165,"N",10.12,0,0,0,0,0,0,"",-3,-75.0,3,1.8,682315,4.0,0,0.0,0,0.0,46,2.3,2377,2.3
"09000","2","51","54","0","2024","A","","Connecticut -- Statewide","State Government","NAICS 51 Information","State, NAICS Sector -- by ownership sector","All establishment sizes",4,82,6369697,0,0,1497,77837,"",1.06,1.20,1.28,0.00,0.00,1.07,1.07,"",0,0.0,3,3.8,749216,13.3,0,0.0,0,0.0,127,9.3,6617,9.3
"09000","2","519","55","0","2024","A","","Connecticut -- Statewide","State Government","NAICS 519 Web search portals, libraries, archives, and other information services","State, NAICS 3-digit -- by ownership sector","All establishment sizes",4,82,6369697,0,0,1497,77837,"",1.45,1.70,2.11,0.00,0.00,1.24,1.24,"",0,0.0,3,3.8,749216,13.3,0,0.0,0,0.0,127,9.3,6617,9.3
"09000","2","5192","56","0","2024","A","","Connecticut -- Statewide","State Government","NAICS 5192 Web search portals, libraries, archives, and other information services","State, NAICS 4-digit -- by ownership sector","All establishment sizes",4,82,6369697,0,0,1497,77837,"",1.45,1.70,2.11,0.00,0.00,1.24,1.24,"",0,0.0,3,3.8,749216,13.3,0,0.0,0,0.0,127,9.3,6617,9.3
"09000","2","51921","57","0","2024","A","","Connecticut -- Statewide","State Government","NAICS 51921 Libraries and archives","State, NAICS 5-digit -- by ownership sector","All establishment sizes",4,82,6369697,0,0,1497,77837,"",1.45,1.70,2.11,0.00,0.00,1.24,1.24,"",0,0.0,3,3.8,749216,13.3,0,0.0,0,0.0,127,9.3,6617,9.3
"09000","2","519210","58","0","2024","A","","Connecticut -- Statewide","State Government","NAICS 519210 Libraries and archives","State, NAICS 6-digit -- by ownership sector","All establishment sizes",4,82,6369697,0,0,1497,77837,"",1.45,1.70,2.11,0.00,0.00,1.24,1.24,"",0,0.0,3,3.8,749216,13.3,0,0.0,0,0.0,127,9.3,6617,9.3
"09000","2","54","54","0","2024","A","","Connecticut -- Statewide","State Government","NAICS 54 Professional, scientific, and technical services","State, NAICS Sector -- by ownership sector","All establishment sizes",1,237,26275131,0,0,2133,110905,"",0.12,0.80,0.83,0.00,0.00,1.04,1.04,"",0,0.0,15,6.8,548739,2.1,0,0.0,0,0.0,-100,-4.5,-5198,-4.5
"09000","2","541","55","0","2024","A","","Connecticut -- Statewide","State Government","NAICS 541 Professional, scientific, and technical services","State, NAICS 3-digit -- by ownership sector","All establishment sizes",1,237,26275131,0,0,2133,110905,"",0.12,0.80,0.83,0.00,0.00,1.04,1.04,"",0,0.0,15,6.8,548739,2.1,0,0.0,0,0.0,-100,-4.5,-5198,-4.5
"09000","2","5415","56","0","2024","A","","Connecticut -- Statewide","State Government","NAICS 5415 Computer systems design and related services","State, NAICS 4-digit -- by ownership sector","All establishment sizes",1,237,26275131,0,0,2133,110905,"",0.25,2.16,2.05,0.00,0.00,0.95,0.95,"",0,0.0,15,6.8,548739,2.1,0,0.0,0,0.0,-100,-4.5,-5198,-4.5
"09000","2","54151","57","0","2024","A","","Connecticut -- Statewide","State Government","NAICS 54151 Computer systems design and related services","State, NAICS 5-digit -- by ownership sector","All establishment sizes",1,237,26275131,0,0,2133,110905,"",0.25,2.16,2.05,0.00,0.00,0.95,0.95,"",0,0.0,15,6.8,548739,2.1,0,0.0,0,0.0,-100,-4.5,-5198,-4.5
"09000","2","541512","58","0","2024","A","","Connecticut -- Statewide","State Government","NAICS 541512 Computer systems design services","State, NAICS 6-digit -- by ownership sector","All establishment sizes",1,237,26275131,0,0,2133,110905,"",0.45,4.54,3.95,0.00,0.00,0.87,0.87,"",0,0.0,15,6.8,548739,2.1,0,0.0,0,0.0,-100,-4.5,-5198,-4.5
"09000","2","61","54","0","2024","A","","Connecticut -- Statewide","State Government","NAICS 61 Educational services","State, NAICS Sector -- by ownership sector","All establishment sizes",49,22959,1847131574,0,0,1547,80453,"",0.47,1.03,0.91,0.00,0.00,0.88,0.88,"",0,0.0,-16,-0.1,78665171,4.4,0,0.0,0,0.0,67,4.5,3479,4.5
"09000","2","611","55","0","2024","A","","Connecticut -- Statewide","State Government","NAICS 611 Educational services","State, NAICS 3-digit -- by ownership sector","All establishment sizes",49,22959,1847131574,0,0,1547,80453,"",0.47,1.03,0.91,0.00,0.00,0.88,0.88,"",0,0.0,-16,-0.1,78665171,4.4,0,0.0,0,0.0,67,4.5,3479,4.5
"09000","2","6111","56","0","2024","A","","Connecticut -- Statewide","State Government","NAICS 6111 Elementary and secondary schools","State, NAICS 4-digit -- by ownership sector","All establishment sizes",18,2088,164817962,0,0,1518,78945,"",1.55,3.02,3.32,0.00,0.00,1.10,1.10,"",0,0.0,80,4.0,13189512,8.7,0,0.0,0,0.0,66,4.5,3423,4.5
"09000","2","61111","57","0","2024","A","","Connecticut -- Statewide","State Government","NAICS 61111 Elementary and secondary schools","State, NAICS 5-digit -- by ownership sector","All establishment sizes",18,2088,164817962,0,0,1518,78945,"",1.55,3.02,3.32,0.00,0.00,1.10,1.10,"",0,0.0,80,4.0,13189512,8.7,0,0.0,0,0.0,66,4.5,3423,4.5
"09000","2","611110","58","0","2024","A","","Connecticut -- Statewide","State Government","NAICS 611110 Elementary and secondary schools","State, NAICS 6-digit -- by ownership sector","All establishment sizes",18,2088,164817962,0,0,1518,78945,"",1.55,3.02,3.32,0.00,0.00,1.10,1.10,"",0,0.0,80,4.0,13189512,8.7,0,0.0,0,0.0,66,4.5,3423,4.5
"09000","2","6112","56","0","2024","A","","Connecticut -- Statewide","State Government","NAICS 6112 Junior colleges","State, NAICS 4-digit -- by ownership sector","All establishment sizes",13,3997,225496532,0,0,1085,56419,"",1.19,1.80,1.72,0.00,0.00,0.96,0.96,"",0,0.0,-252,-5.9,-915865,-0.4,0,0.0,0,0.0,60,5.9,3137,5.9
"09000","2","61121","57","0","2024","A","","Connecticut -- Statewide","State Government","NAICS 61121 Junior colleges","State, NAICS 5-digit -- by ownership sector","All establishment sizes",13,3997,225496532,0,0,1085,56419,"",1.19,1.80,1.72,0.00,0.00,0.96,0.96,"",0,0.0,-252,-5.9,-915865,-0.4,0,0.0,0,0.0,60,5.9,3137,5.9
"09000","2","611210","58","0","2024","A","","Connecticut -- Statewide","State Government","NAICS 611210 Junior colleges","State, NAICS 6-digit -- by ownership sector","All establishment sizes",13,3997,225496532,0,0,1085,56419,"",1.19,1.80,1.72,0.00,0.00,0.96,0.96,"",0,0.0,-252,-5.9,-915865,-0.4,0,0.0,0,0.0,60,5.9,3137,5.9
"09000","2","6113","56","0","2024","A","","Connecticut -- Statewide","State Government","NAICS 6113 Colleges, universities, and professional schools","State, NAICS 4-digit -- by ownership sector","All establishment sizes",15,16847,1455271169,0,0,1661,86382,"",0.19,0.88,0.79,0.00,0.00,0.89,0.89,"",0,0.0,157,0.9,66352862,4.8,0,0.0,0,0.0,61,3.8,3165,3.8
"09000","2","61131","57","0","2024","A","","Connecticut -- Statewide","State Government","NAICS 61131 Colleges, universities, and professional schools","State, NAICS 5-digit -- by ownership sector","All establishment sizes",15,16847,1455271169,0,0,1661,86382,"",0.19,0.88,0.79,0.00,0.00,0.89,0.89,"",0,0.0,157,0.9,66352862,4.8,0,0.0,0,0.0,61,3.8,3165,3.8
"09000","2","611310","58","0","2024","A","","Connecticut -- Statewide","State Government","NAICS 611310 Colleges, universities, and professional schools","State, NAICS 6-digit -- by ownership sector","All establishment sizes",15,16847,1455271169,0,0,1661,86382,"",0.19,0.88,0.79,0.00,0.00,0.89,0.89,"",0,0.0,157,0.9,66352862,4.8,0,0.0,0,0.0,61,3.8,3165,3.8
"09000","2","6115","56","0","2024","A","","Connecticut -- Statewide","State Government","NAICS 6115 Technical and trade schools","State, NAICS 4-digit -- by ownership sector","All establishment sizes",2,13,712104,0,0,1034,53744,"",0.59,0.10,0.11,0.00,0.00,1.06,1.06,"",0,0.0,-1,-7.1,-91357,-11.4,0,0.0,0,0.0,-97,-8.6,-5046,-8.6
"09000","2","61151","57","0","2024","A","","Connecticut -- Statewide","State Government","NAICS 61151 Technical and trade schools","State, NAICS 5-digit -- by ownership sector","All establishment sizes",2,13,712104,0,0,1034,53744,"",0.59,0.10,0.11,0.00,0.00,1.06,1.06,"",0,0.0,-1,-7.1,-91357,-11.4,0,0.0,0,0.0,-97,-8.6,-5046,-8.6
"09000","2","611519","58","0","2024","A","","Connecticut -- Statewide","State Government","NAICS 611519 Other technical and trade schools","State, NAICS 6-digit -- by ownership sector","All establishment sizes",2,13,712104,0,0,1034,53744,"",0.61,0.11,0.12,0.00,0.00,1.06,1.06,"",0,0.0,-1,-7.1,-91357,-11.4,0,0.0,0,0.0,-97,-8.6,-5046,-8.6
"09000","2","6116","56","0","2024","A","","Connecticut -- Statewide","State Government","NAICS 6116 Other schools and instruction","State, NAICS 4-digit -- by ownership sector","All establishment sizes",1,15,833807,0,0,1100,57175,"",2.38,1.13,1.18,0.00,0.00,1.07,1.07,"",0,0.0,1,7.1,130019,18.5,0,0.0,0,0.0,110,11.1,5678,11.0
"09000","2","61169","57","0","2024","A","","Connecticut -- Statewide","State Government","NAICS 61169 All other schools and instruction","State, NAICS 5-digit -- by ownership sector","All establishment sizes",1,15,833807,0,0,1100,57175,"N",3.00,0,0,0,0,0,0,"",0,0.0,1,7.1,130019,18.5,0,0.0,0,0.0,110,11.1,5678,11.0
"09000","2","611699","58","0","2024","A","","Connecticut -- Statewide","State Government","NAICS 611699 All other miscellaneous schools and instruction","State, NAICS 6-digit -- by ownership sector","All establishment sizes",1,15,833807,0,0,1100,57175,"N",3.86,0,0,0,0,0,0,"",0,0.0,1,7.1,130019,18.5,0,0.0,0,0.0,110,11.1,5678,11.0
"09000","2","62","54","0","2024","A","","Connecticut -- Statewide","State Government","NAICS 62 Health care and social assistance","State, NAICS Sector -- by ownership sector","All establishment sizes",130,13475,1218372885,0,0,1739,90418,"",1.55,1.79,1.65,0.00,0.00,0.92,0.92,"",-1,-0.8,613,4.8,75516874,6.6,0,0.0,0,0.0,30,1.8,1565,1.8
"09000","2","621","55","0","2024","A","","Connecticut -- Statewide","State Government","NAICS 621 Ambulatory health care services","State, NAICS 3-digit -- by ownership sector","All establishment sizes",24,2714,252843671,0,0,1792,93177,"",1.64,6.00,6.50,0.00,0.00,1.08,1.08,"",0,0.0,192,7.6,22460716,9.7,0,0.0,0,0.0,35,2.0,1834,2.0
"09000","2","6211","56","0","2024","A","","Connecticut -- Statewide","State Government","NAICS 6211 Offices of physicians","State, NAICS 4-digit -- by ownership sector","All establishment sizes",13,783,85213026,0,0,2094,108887,"",4.48,4.34,4.77,0.00,0.00,1.10,1.10,"",0,0.0,44,6.0,8325639,10.8,0,0.0,0,0.0,92,4.6,4786,4.6
"09000","2","62111","57","0","2024","A","","Connecticut -- Statewide","State Government","NAICS 62111 Offices of physicians","State, NAICS 5-digit -- by ownership sector","All establishment sizes",13,783,85213026,0,0,2094,108887,"",4.48,4.34,4.77,0.00,0.00,1.10,1.10,"",0,0.0,44,6.0,8325639,10.8,0,0.0,0,0.0,92,4.6,4786,4.6
"09000","2","621111","58","0","2024","A","","Connecticut -- Statewide","State Government","NAICS 621111 Offices of physicians (except mental health specialists)","State, NAICS 6-digit -- by ownership sector","All establishment sizes",13,783,85213026,0,0,2094,108887,"N",4.52,0,0,0,0,0,0,"",0,0.0,44,6.0,8325639,10.8,0,0.0,0,0.0,92,4.6,4786,4.6
"09000","2","6214","56","0","2024","A","","Connecticut -- Statewide","State Government","NAICS 6214 Outpatient care centers","State, NAICS 4-digit -- by ownership sector","All establishment sizes",11,1931,167630645,0,0,1669,86810,"",1.00,7.72,8.59,0.00,0.00,1.11,1.11,"",0,0.0,147,8.2,14135077,9.2,0,0.0,0,0.0,14,0.8,750,0.9
"09000","2","62142","57","0","2024","A","","Connecticut -- Statewide","State Government","NAICS 62142 Outpatient mental health and substance abuse centers","State, NAICS 5-digit -- by ownership sector","All establishment sizes",9,1923,166352747,0,0,1664,86507,"",1.35,13.60,15.32,0.00,0.00,1.13,1.13,"",0,0.0,148,8.3,14213278,9.3,0,0.0,0,0.0,16,1.0,791,0.9
"09000","2","621420","58","0","2024","A","","Connecticut -- Statewide","State Government","NAICS 621420 Outpatient mental health and substance abuse centers","State, NAICS 6-digit -- by ownership sector","All establishment sizes",9,1923,166352747,0,0,1664,86507,"",1.35,13.60,15.32,0.00,0.00,1.13,1.13,"",0,0.0,148,8.3,14213278,9.3,0,0.0,0,0.0,16,1.0,791,0.9
"09000","2","62149","57","0","2024","A","","Connecticut -- Statewide","State Government","NAICS 62149 Other outpatient care centers","State, NAICS 5-digit -- by ownership sector","All establishment sizes",2,8,1277898,0,0,3072,159737,"",0.46,0.07,0.15,0.00,0.00,2.00,2.00,"",0,0.0,-1,-11.1,-78201,-5.8,0,0.0,0,0.0,63,2.1,3264,2.1
"09000","2","621498","58","0","2024","A","","Connecticut -- Statewide","State Government","NAICS 621498 All other outpatient care centers","State, NAICS 6-digit -- by ownership sector","All establishment sizes",2,8,1277898,0,0,3072,159737,"N",0.51,0,0,0,0,0,0,"",0,0.0,-1,-11.1,-78201,-5.8,0,0.0,0,0.0,63,2.1,3264,2.1
"09000","2","622","55","0","2024","A","","Connecticut -- Statewide","State Government","NAICS 622 Hospitals","State, NAICS 3-digit -- by ownership sector","All establishment sizes",6,3599,369118426,0,0,1972,102569,"",0.40,0.74,0.71,0.00,0.00,0.96,0.96,"",-1,-14.3,279,8.4,39168975,11.9,0,0.0,0,0.0,61,3.2,3199,3.2
"09000","2","6221","56","0","2024","A","","Connecticut -- Statewide","State Government","NAICS 6221 General medical and surgical hospitals","State, NAICS 4-digit -- by ownership sector","All establishment sizes",3,2420,222876914,0,0,1771,92088,"",1.31,0.75,0.65,0.00,0.00,0.86,0.86,"",-1,-25.0,180,8.0,24347340,12.3,0,0.0,0,0.0,66,3.9,3449,3.9
"09000","2","62211","57","0","2024","A","","Connecticut -- Statewide","State Government","NAICS 62211 General medical and surgical hospitals","State, NAICS 5-digit -- by ownership sector","All establishment sizes",3,2420,222876914,0,0,1771,92088,"",1.31,0.75,0.65,0.00,0.00,0.86,0.86,"",-1,-25.0,180,8.0,24347340,12.3,0,0.0,0,0.0,66,3.9,3449,3.9
"09000","2","622110","58","0","2024","A","","Connecticut -- Statewide","State Government","NAICS 622110 General medical and surgical hospitals","State, NAICS 6-digit -- by ownership sector","All establishment sizes",3,2420,222876914,0,0,1771,92088,"",1.31,0.75,0.65,0.00,0.00,0.86,0.86,"",-1,-25.0,180,8.0,24347340,12.3,0,0.0,0,0.0,66,3.9,3449,3.9
"09000","2","6222","56","0","2024","A","","Connecticut -- Statewide","State Government","NAICS 6222 Psychiatric and substance abuse hospitals","State, NAICS 4-digit -- by ownership sector","All establishment sizes",3,1178,146241512,0,0,2386,124091,"",0.25,0.99,1.25,0.00,0.00,1.27,1.27,"",0,0.0,97,9.0,14821635,11.3,0,0.0,0,0.0,47,2.0,2481,2.0
"09000","2","62221","57","0","2024","A","","Connecticut -- Statewide","State Government","NAICS 62221 Psychiatric and substance abuse hospitals","State, NAICS 5-digit -- by ownership sector","All establishment sizes",3,1178,146241512,0,0,2386,124091,"",0.25,0.99,1.25,0.00,0.00,1.27,1.27,"",0,0.0,97,9.0,14821635,11.3,0,0.0,0,0.0,47,2.0,2481,2.0
"09000","2","622210","58","0","2024","A","","Connecticut -- Statewide","State Government","NAICS 622210 Psychiatric and substance abuse hospitals","State, NAICS 6-digit -- by ownership sector","All establishment sizes",3,1178,146241512,0,0,2386,124091,"",0.25,0.99,1.25,0.00,0.00,1.27,1.27,"",0,0.0,97,9.0,14821635,11.3,0,0.0,0,0.0,47,2.0,2481,2.0
"09000","2","623","55","0","2024","A","","Connecticut -- Statewide","State Government","NAICS 623 Nursing and residential care facilities","State, NAICS 3-digit -- by ownership sector","All establishment sizes",59,3083,208132340,0,0,1298,67501,"",2.60,2.64,2.07,0.00,0.00,0.78,0.78,"",1,1.7,22,0.7,9092298,4.6,0,0.0,0,0.0,47,3.8,2466,3.8
"09000","2","6232","56","0","2024","A","","Connecticut -- Statewide","State Government","NAICS 6232 Residential intellectual and developmental disability, mental health, and substance abuse facilities","State, NAICS 4-digit -- by ownership sector","All establishment sizes",58,2945,194575198,0,0,1271,66070,"",4.10,3.50,2.62,0.00,0.00,0.75,0.75,"",1,1.8,22,0.8,8698764,4.7,0,0.0,0,0.0,48,3.9,2479,3.9
"09000","2","62321","57","0","2024","A","","Connecticut -- Statewide","State Government","NAICS 62321 Residential intellectual and developmental disability facilities","State, NAICS 5-digit -- by ownership sector","All establishment sizes",58,2945,194575198,0,0,1271,66070,"",4.73,3.92,2.91,0.00,0.00,0.74,0.74,"",1,1.8,22,0.8,8698764,4.7,0,0.0,0,0.0,48,3.9,2479,3.9
"09000","2","623210","58","0","2024","A","","Connecticut -- Statewide","State Government","NAICS 623210 Residential intellectual and developmental disability facilities","State, NAICS 6-digit -- by ownership sector","All establishment sizes",58,2945,194575198,0,0,1271,66070,"",4.73,3.92,2.91,0.00,0.00,0.74,0.74,"",1,1.8,22,0.8,8698764,4.7,0,0.0,0,0.0,48,3.9,2479,3.9
"09000","2","6239","56","0","2024","A","","Connecticut -- Statewide","State Government","NAICS 6239 Other residential care facilities","State, NAICS 4-digit -- by ownership sector","All establishment sizes",1,138,13557142,0,0,1884,97944,"",0.28,1.51,1.42,0.00,0.00,0.93,0.93,"",0,0.0,0,0.0,393534,3.0,0,0.0,0,0.0,43,2.3,2209,2.3
"09000","2","62399","57","0","2024","A","","Connecticut -- Statewide","State Government","NAICS 62399 Other residential care facilities","State, NAICS 5-digit -- by ownership sector","All establishment sizes",1,138,13557142,0,0,1884,97944,"",0.28,1.51,1.42,0.00,0.00,0.93,0.93,"",0,0.0,0,0.0,393534,3.0,0,0.0,0,0.0,43,2.3,2209,2.3
"09000","2","623990","58","0","2024","A","","Connecticut -- Statewide","State Government","NAICS 623990 Other residential care facilities","State, NAICS 6-digit -- by ownership sector","All establishment sizes",1,138,13557142,0,0,1884,97944,"",0.28,1.51,1.42,0.00,0.00,0.93,0.93,"",0,0.0,0,0.0,393534,3.0,0,0.0,0,0.0,43,2.3,2209,2.3
"09000","2","624","55","0","2024","A","","Connecticut -- Statewide","State Government","NAICS 624 Social assistance","State, NAICS 3-digit -- by ownership sector","All establishment sizes",41,4079,388278448,0,0,1830,95186,"",1.30,3.85,4.95,0.00,0.00,1.28,1.28,"",-1,-2.4,120,3.0,4794885,1.3,0,0.0,0,0.0,-33,-1.8,-1672,-1.7
"09000","2","6241","56","0","2024","A","","Connecticut -- Statewide","State Government","NAICS 6241 Individual and family services","State, NAICS 4-digit -- by ownership sector","All establishment sizes",29,3882,371323451,0,0,1839,95653,"",1.26,4.26,5.45,0.00,0.00,1.28,1.28,"",0,0.0,164,4.4,8787937,2.4,0,0.0,0,0.0,-36,-1.9,-1868,-1.9
"09000","2","62411","57","0","2024","A","","Connecticut -- Statewide","State Government","NAICS 62411 Child and youth services","State, NAICS 5-digit -- by ownership sector","All establishment sizes",15,2369,242552472,0,0,1969,102382,"",1.95,7.71,9.92,0.00,0.00,1.29,1.29,"",0,0.0,12,0.5,11349598,4.9,0,0.0,0,0.0,82,4.3,4280,4.4
"09000","2","624110","58","0","2024","A","","Connecticut -- Statewide","State Government","NAICS 624110 Child and youth services","State, NAICS 6-digit -- by ownership sector","All establishment sizes",15,2369,242552472,0,0,1969,102382,"",1.95,7.71,9.92,0.00,0.00,1.29,1.29,"",0,0.0,12,0.5,11349598,4.9,0,0.0,0,0.0,82,4.3,4280,4.4
"09000","2","62419","57","0","2024","A","","Connecticut -- Statewide","State Government","NAICS 62419 Other individual and family services","State, NAICS 5-digit -- by ownership sector","All establishment sizes",14,1513,128770979,0,0,1637,85114,"",1.07,2.73,3.22,0.00,0.00,1.18,1.18,"",0,0.0,152,11.2,-2561661,-2.0,0,0.0,0,0.0,-219,-11.8,-11401,-11.8
"09000","2","624190","58","0","2024","A","","Connecticut -- Statewide","State Government","NAICS 624190 Other individual and family services","State, NAICS 6-digit -- by ownership sector","All establishment sizes",14,1513,128770979,0,0,1637,85114,"",1.07,2.73,3.22,0.00,0.00,1.18,1.18,"",0,0.0,152,11.2,-2561661,-2.0,0,0.0,0,0.0,-219,-11.8,-11401,-11.8
"09000","2","6243","56","0","2024","A","","Connecticut -- Statewide","State Government","NAICS 6243 Vocational rehabilitation services","State, NAICS 4-digit -- by ownership sector","All establishment sizes",12,197,16954997,0,0,1654,85993,"",1.48,1.49,1.76,0.00,0.00,1.18,1.18,"",-1,-7.7,-45,-18.6,-3993052,-19.1,0,0.0,0,0.0,-12,-0.7,-659,-0.8
"09000","2","62431","57","0","2024","A","","Connecticut -- Statewide","State Government","NAICS 62431 Vocational rehabilitation services","State, NAICS 5-digit -- by ownership sector","All establishment sizes",12,197,16954997,0,0,1654,85993,"",1.48,1.49,1.76,0.00,0.00,1.18,1.18,"",-1,-7.7,-45,-18.6,-3993052,-19.1,0,0.0,0,0.0,-12,-0.7,-659,-0.8
"09000","2","624310","58","0","2024","A","","Connecticut -- Statewide","State Government","NAICS 624310 Vocational rehabilitation services","State, NAICS 6-digit -- by ownership sector","All establishment sizes",12,197,16954997,0,0,1654,85993,"",1.48,1.49,1.76,0.00,0.00,1.18,1.18,"",-1,-7.7,-45,-18.6,-3993052,-19.1,0,0.0,0,0.0,-12,-0.7,-659,-0.8
"09000","2","71","54","0","2024","A","","Connecticut -- Statewide","State Government","NAICS 71 Arts, entertainment, and recreation","State, NAICS Sector -- by ownership sector","All establishment sizes",23,485,43686659,0,0,1733,90138,"N",2.01,0,0,0,0,0,0,"",0,0.0,21,4.5,2095981,5.0,0,0.0,0,0.0,10,0.6,567,0.6
"09000","2","712","55","0","2024","A","","Connecticut -- Statewide","State Government","NAICS 712 Museums, historical sites, and similar institutions","State, NAICS 3-digit -- by ownership sector","All establishment sizes",21,342,31331732,0,0,1762,91636,"",1.98,2.18,3.67,0.00,0.00,1.69,1.69,"",0,0.0,23,7.2,2138843,7.3,0,0.0,0,0.0,1,0.1,50,0.1
"09000","2","7121","56","0","2024","A","","Connecticut -- Statewide","State Government","NAICS 7121 Museums, historical sites, and similar institutions","State, NAICS 4-digit -- by ownership sector","All establishment sizes",21,342,31331732,0,0,1762,91636,"",1.98,2.18,3.67,0.00,0.00,1.69,1.69,"",0,0.0,23,7.2,2138843,7.3,0,0.0,0,0.0,1,0.1,50,0.1
"09000","2","71219","57","0","2024","A","","Connecticut -- Statewide","State Government","NAICS 71219 Nature parks and other similar institutions","State, NAICS 5-digit -- by ownership sector","All establishment sizes",21,342,31331732,0,0,1762,91636,"",2.62,3.21,5.53,0.00,0.00,1.72,1.72,"",0,0.0,23,7.2,2138843,7.3,0,0.0,0,0.0,1,0.1,50,0.1
"09000","2","712190","58","0","2024","A","","Connecticut -- Statewide","State Government","NAICS 712190 Nature parks and other similar institutions","State, NAICS 6-digit -- by ownership sector","All establishment sizes",21,342,31331732,0,0,1762,91636,"",2.62,3.21,5.53,0.00,0.00,1.72,1.72,"",0,0.0,23,7.2,2138843,7.3,0,0.0,0,0.0,1,0.1,50,0.1
"09000","2","713","55","0","2024","A","","Connecticut -- Statewide","State Government","NAICS 713 Amusement, gambling, and recreation industries","State, NAICS 3-digit -- by ownership sector","All establishment sizes",2,143,12354927,0,0,1664,86549,"N",4.91,0,0,0,0,0,0,"",0,0.0,-3,-2.1,-42862,-0.3,0,0.0,0,0.0,26,1.6,1390,1.6
"09000","2","7132","56","0","2024","A","","Connecticut -- Statewide","State Government","NAICS 7132 Gambling industries","State, NAICS 4-digit -- by ownership sector","All establishment sizes",1,143,12354927,0,0,1664,86549,"",4.50,14.76,14.98,0.00,0.00,1.02,1.02,"",0,0.0,0,0.0,334002,2.8,0,0.0,0,0.0,47,2.9,2487,3.0
"09000","2","71329","57","0","2024","A","","Connecticut -- Statewide","State Government","NAICS 71329 Other gambling industries","State, NAICS 5-digit -- by ownership sector","All establishment sizes",1,143,12354927,0,0,1664,86549,"",4.50,14.76,14.98,0.00,0.00,1.02,1.02,"",0,0.0,0,0.0,334002,2.8,0,0.0,0,0.0,47,2.9,2487,3.0
"09000","2","713290","58","0","2024","A","","Connecticut -- Statewide","State Government","NAICS 713290 Other gambling industries","State, NAICS 6-digit -- by ownership sector","All establishment sizes",1,143,12354927,0,0,1664,86549,"",4.50,14.76,14.98,0.00,0.00,1.02,1.02,"",0,0.0,0,0.0,334002,2.8,0,0.0,0,0.0,47,2.9,2487,3.0
"09000","2","7139","56","0","2024","A","","Connecticut -- Statewide","State Government","NAICS 7139 Other amusement and recreation industries","State, NAICS 4-digit -- by ownership sector","All establishment sizes",1,0,0,0,0,0,0,"N",5.40,0,0,0,0,0,0,"",0,0.0,-3,-100.0,-376864,-100.0,0,0.0,0,0.0,-2805,-100.0,-145883,-100.0
"09000","2","71399","57","0","2024","A","","Connecticut -- Statewide","State Government","NAICS 71399 All other amusement and recreation industries","State, NAICS 5-digit -- by ownership sector","All establishment sizes",1,0,0,0,0,0,0,"N",7.36,0,0,0,0,0,0,"",0,0.0,-3,-100.0,-376864,-100.0,0,0.0,0,0.0,-2805,-100.0,-145883,-100.0
"09000","2","713990","58","0","2024","A","","Connecticut -- Statewide","State Government","NAICS 713990 All other amusement and recreation industries","State, NAICS 6-digit -- by ownership sector","All establishment sizes",1,0,0,0,0,0,0,"N",7.36,0,0,0,0,0,0,"",0,0.0,-3,-100.0,-376864,-100.0,0,0.0,0,0.0,-2805,-100.0,-145883,-100.0
"09000","2","81","54","0","2024","A","","Connecticut -- Statewide","State Government","NAICS 81 Other services (except public administration)","State, NAICS Sector -- by ownership sector","All establishment sizes",1,4,131091,0,0,658,34198,"N",0.46,0,0,0,0,0,0,"",0,0.0,1,33.3,6807,5.5,0,0.0,0,0.0,-42,-6.0,-2178,-6.0
"09000","2","811","55","0","2024","A","","Connecticut -- Statewide","State Government","NAICS 811 Repair and maintenance","State, NAICS 3-digit -- by ownership sector","All establishment sizes",1,4,131091,0,0,658,34198,"",3.11,0.87,0.31,0.00,0.00,0.37,0.37,"",0,0.0,1,33.3,6807,5.5,0,0.0,0,0.0,-42,-6.0,-2178,-6.0
"09000","2","8111","56","0","2024","A","","Connecticut -- Statewide","State Government","NAICS 8111 Automotive repair and maintenance","State, NAICS 4-digit -- by ownership sector","All establishment sizes",1,4,131091,0,0,658,34198,"",10.12,1.13,0.38,0.00,0.00,0.36,0.36,"",0,0.0,1,33.3,6807,5.5,0,0.0,0,0.0,-42,-6.0,-2178,-6.0
"09000","2","81111","57","0","2024","A","","Connecticut -- Statewide","State Government","NAICS 81111 Automotive mechanical and electrical repair and maintenance","State, NAICS 5-digit -- by ownership sector","All establishment sizes",1,4,131091,0,0,658,34198,"",10.12,1.13,0.38,0.00,0.00,0.36,0.36,"",0,0.0,1,33.3,6807,5.5,0,0.0,0,0.0,-42,-6.0,-2178,-6.0
"09000","2","811111","58","0","2024","A","","Connecticut -- Statewide","State Government","NAICS 811111 General automotive repair","State, NAICS 6-digit -- by ownership sector","All establishment sizes",1,4,131091,0,0,658,34198,"",10.12,1.13,0.38,0.00,0.00,0.36,0.36,"",0,0.0,1,33.3,6807,5.5,0,0.0,0,0.0,-42,-6.0,-2178,-6.0
"09000","2","92","54","0","2024","A","","Connecticut -- Statewide","State Government","NAICS 92 Public administration","State, NAICS Sector -- by ownership sector","All establishment sizes",424,26467,2381429856,0,0,1730,89978,"",0.66,1.30,1.24,0.00,0.00,0.95,0.95,"",-11,-2.5,972,3.8,114637211,5.1,0,0.0,0,0.0,20,1.2,1066,1.2
"09000","2","921","55","0","2024","A","","Connecticut -- Statewide","State Government","NAICS 921 Executive, legislative, and other general government support","State, NAICS 3-digit -- by ownership sector","All establishment sizes",63,2980,282099450,0,0,1820,94662,"",0.78,1.14,1.05,0.00,0.00,0.93,0.93,"",0,0.0,75,2.6,10897145,4.0,0,0.0,0,0.0,25,1.4,1318,1.4
"09000","2","9211","56","0","2024","A","","Connecticut -- Statewide","State Government","NAICS 9211 Executive, legislative, and other general government support","State, NAICS 4-digit -- by ownership sector","All establishment sizes",63,2980,282099450,0,0,1820,94662,"",0.78,1.14,1.05,0.00,0.00,0.93,0.93,"",0,0.0,75,2.6,10897145,4.0,0,0.0,0,0.0,25,1.4,1318,1.4
"09000","2","92111","57","0","2024","A","","Connecticut -- Statewide","State Government","NAICS 92111 Executive offices","State, NAICS 5-digit -- by ownership sector","All establishment sizes",3,30,3502531,0,0,2245,116751,"",0.42,0.20,0.24,0.00,0.00,1.21,1.21,"",0,0.0,-6,-16.7,-113599,-3.1,0,0.0,0,0.0,300,15.4,15601,15.4
"09000","2","921110","58","0","2024","A","","Connecticut -- Statewide","State Government","NAICS 921110 Executive offices","State, NAICS 6-digit -- by ownership sector","All establishment sizes",3,30,3502531,0,0,2245,116751,"",0.42,0.20,0.24,0.00,0.00,1.21,1.21,"",0,0.0,-6,-16.7,-113599,-3.1,0,0.0,0,0.0,300,15.4,15601,15.4
"09000","2","92112","57","0","2024","A","","Connecticut -- Statewide","State Government","NAICS 92112 Legislative bodies","State, NAICS 5-digit -- by ownership sector","All establishment sizes",1,525,42379689,0,0,1551,80659,"",0.16,1.70,1.54,0.00,0.00,0.91,0.91,"",0,0.0,8,1.5,2147060,5.3,0,0.0,0,0.0,54,3.6,2802,3.6
"09000","2","921120","58","0","2024","A","","Connecticut -- Statewide","State Government","NAICS 921120 Legislative bodies","State, NAICS 6-digit -- by ownership sector","All establishment sizes",1,525,42379689,0,0,1551,80659,"",0.16,1.70,1.54,0.00,0.00,0.91,0.91,"",0,0.0,8,1.5,2147060,5.3,0,0.0,0,0.0,54,3.6,2802,3.6
"09000","2","92113","57","0","2024","A","","Connecticut -- Statewide","State Government","NAICS 92113 Public finance activities","State, NAICS 5-digit -- by ownership sector","All establishment sizes",8,1180,119597723,0,0,1950,101397,"",0.26,1.06,1.04,0.00,0.00,0.98,0.98,"",0,0.0,47,4.1,8550094,7.7,0,0.0,0,0.0,64,3.4,3349,3.4
"09000","2","921130","58","0","2024","A","","Connecticut -- Statewide","State Government","NAICS 921130 Public finance activities","State, NAICS 6-digit -- by ownership sector","All establishment sizes",8,1180,119597723,0,0,1950,101397,"",0.26,1.06,1.04,0.00,0.00,0.98,0.98,"",0,0.0,47,4.1,8550094,7.7,0,0.0,0,0.0,64,3.4,3349,3.4
"09000","2","92119","57","0","2024","A","","Connecticut -- Statewide","State Government","NAICS 92119 Other general government support","State, NAICS 5-digit -- by ownership sector","All establishment sizes",51,1245,116619507,0,0,1801,93658,"",1.41,1.21,1.07,0.00,0.00,0.88,0.88,"",0,0.0,25,2.0,313590,0.3,0,0.0,0,0.0,-32,-1.7,-1649,-1.7
"09000","2","921190","58","0","2024","A","","Connecticut -- Statewide","State Government","NAICS 921190 Other general government support","State, NAICS 6-digit -- by ownership sector","All establishment sizes",51,1245,116619507,0,0,1801,93658,"",1.41,1.21,1.07,0.00,0.00,0.88,0.88,"",0,0.0,25,2.0,313590,0.3,0,0.0,0,0.0,-32,-1.7,-1649,-1.7
"09000","2","922","55","0","2024","A","","Connecticut -- Statewide","State Government","NAICS 922 Justice, public order, and safety activities","State, NAICS 3-digit -- by ownership sector","All establishment sizes",167,12971,1160703805,0,0,1721,89485,"",0.92,1.73,1.58,0.00,0.00,0.91,0.91,"",-8,-4.6,203,1.6,22404512,2.0,0,0.0,0,0.0,6,0.3,329,0.4
"09000","2","9221","56","0","2024","A","","Connecticut -- Statewide","State Government","NAICS 9221 Justice, public order, and safety activities","State, NAICS 4-digit -- by ownership sector","All establishment sizes",167,12971,1160703805,0,0,1721,89485,"",0.92,1.73,1.58,0.00,0.00,0.91,0.91,"",-8,-4.6,203,1.6,22404512,2.0,0,0.0,0,0.0,6,0.3,329,0.4
"09000","2","92211","57","0","2024","A","","Connecticut -- Statewide","State Government","NAICS 92211 Courts","State, NAICS 5-digit -- by ownership sector","All establishment sizes",72,4248,360379370,0,0,1632,84842,"",1.45,3.74,3.19,0.00,0.00,0.85,0.85,"",0,0.0,58,1.4,20252380,6.0,0,0.0,0,0.0,71,4.5,3673,4.5
"09000","2","922110","58","0","2024","A","","Connecticut -- Statewide","State Government","NAICS 922110 Courts","State, NAICS 6-digit -- by ownership sector","All establishment sizes",72,4248,360379370,0,0,1632,84842,"",1.45,3.74,3.19,0.00,0.00,0.85,0.85,"",0,0.0,58,1.4,20252380,6.0,0,0.0,0,0.0,71,4.5,3673,4.5
"09000","2","92212","57","0","2024","A","","Connecticut -- Statewide","State Government","NAICS 92212 Police protection","State, NAICS 5-digit -- by ownership sector","All establishment sizes",17,1500,199374084,0,0,2556,132909,"",0.54,1.31,1.47,0.00,0.00,1.12,1.12,"",0,0.0,59,4.1,1234071,0.6,0,0.0,0,0.0,-87,-3.3,-4553,-3.3
"09000","2","922120","58","0","2024","A","","Connecticut -- Statewide","State Government","NAICS 922120 Police protection","State, NAICS 6-digit -- by ownership sector","All establishment sizes",17,1500,199374084,0,0,2556,132909,"",0.54,1.31,1.47,0.00,0.00,1.12,1.12,"",0,0.0,59,4.1,1234071,0.6,0,0.0,0,0.0,-87,-3.3,-4553,-3.3
"09000","2","92213","57","0","2024","A","","Connecticut -- Statewide","State Government","NAICS 92213 Legal counsel and prosecution","State, NAICS 5-digit -- by ownership sector","All establishment sizes",55,1384,146354019,0,0,2033,105715,"",2.15,2.04,2.11,0.00,0.00,1.03,1.03,"",-8,-12.7,-7,-0.5,14378224,10.9,0,0.0,0,0.0,208,11.4,10831,11.4
"09000","2","922130","58","0","2024","A","","Connecticut -- Statewide","State Government","NAICS 922130 Legal counsel and prosecution","State, NAICS 6-digit -- by ownership sector","All establishment sizes",55,1384,146354019,0,0,2033,105715,"",2.15,2.04,2.11,0.00,0.00,1.03,1.03,"",-8,-12.7,-7,-0.5,14378224,10.9,0,0.0,0,0.0,208,11.4,10831,11.4
"09000","2","92214","57","0","2024","A","","Connecticut -- Statewide","State Government","NAICS 92214 Correctional institutions","State, NAICS 5-digit -- by ownership sector","All establishment sizes",22,5661,440804515,0,0,1498,77871,"",0.42,1.43,1.22,0.00,0.00,0.86,0.86,"",0,0.0,96,1.7,-12732236,-2.8,0,0.0,0,0.0,-69,-4.4,-3621,-4.4
"09000","2","922140","58","0","2024","A","","Connecticut -- Statewide","State Government","NAICS 922140 Correctional institutions","State, NAICS 6-digit -- by ownership sector","All establishment sizes",22,5661,440804515,0,0,1498,77871,"",0.42,1.43,1.22,0.00,0.00,0.86,0.86,"",0,0.0,96,1.7,-12732236,-2.8,0,0.0,0,0.0,-69,-4.4,-3621,-4.4
"09000","2","92216","57","0","2024","A","","Connecticut -- Statewide","State Government","NAICS 92216 Fire protection","State, NAICS 5-digit -- by ownership sector","All establishment sizes",1,178,13791817,0,0,1489,77446,"",0.53,6.18,7.03,0.00,0.00,1.14,1.14,"",0,0.0,-1,-0.6,-727927,-5.0,0,0.0,0,0.0,-67,-4.3,-3482,-4.3
"09000","2","922160","58","0","2024","A","","Connecticut -- Statewide","State Government","NAICS 922160 Fire protection","State, NAICS 6-digit -- by ownership sector","All establishment sizes",1,178,13791817,0,0,1489,77446,"",0.53,6.18,7.03,0.00,0.00,1.14,1.14,"",0,0.0,-1,-0.6,-727927,-5.0,0,0.0,0,0.0,-67,-4.3,-3482,-4.3
"09000","2","923","55","0","2024","A","","Connecticut -- Statewide","State Government","NAICS 923 Administration of human resource programs","State, NAICS 3-digit -- by ownership sector","All establishment sizes",44,3745,364806702,0,0,1873,97410,"",0.32,0.79,0.87,0.00,0.00,1.10,1.10,"",-4,-8.3,330,9.7,48116972,15.2,0,0.0,0,0.0,90,5.0,4680,5.0
"09000","2","9231","56","0","2024","A","","Connecticut -- Statewide","State Government","NAICS 9231 Administration of human resource programs","State, NAICS 4-digit -- by ownership sector","All establishment sizes",44,3745,364806702,0,0,1873,97410,"",0.32,0.79,0.87,0.00,0.00,1.10,1.10,"",-4,-8.3,330,9.7,48116972,15.2,0,0.0,0,0.0,90,5.0,4680,5.0
"09000","2","92311","57","0","2024","A","","Connecticut -- Statewide","State Government","NAICS 92311 Administration of education programs","State, NAICS 5-digit -- by ownership sector","All establishment sizes",6,610,70439782,0,0,2219,115396,"",0.39,1.19,1.36,0.00,0.00,1.14,1.14,"",-1,-14.3,157,34.7,18975219,36.9,0,0.0,0,0.0,36,1.6,1871,1.6
"09000","2","923110","58","0","2024","A","","Connecticut -- Statewide","State Government","NAICS 923110 Administration of education programs","State, NAICS 6-digit -- by ownership sector","All establishment sizes",6,610,70439782,0,0,2219,115396,"",0.39,1.19,1.36,0.00,0.00,1.14,1.14,"",-1,-14.3,157,34.7,18975219,36.9,0,0.0,0,0.0,36,1.6,1871,1.6
"09000","2","92312","57","0","2024","A","","Connecticut -- Statewide","State Government","NAICS 92312 Administration of public health programs","State, NAICS 5-digit -- by ownership sector","All establishment sizes",10,1573,152924330,0,0,1869,97198,"",0.22,1.00,1.07,0.00,0.00,1.07,1.07,"",-1,-9.1,131,9.1,24780849,19.3,0,0.0,0,0.0,160,9.4,8328,9.4
"09000","2","923120","58","0","2024","A","","Connecticut -- Statewide","State Government","NAICS 923120 Administration of public health programs","State, NAICS 6-digit -- by ownership sector","All establishment sizes",10,1573,152924330,0,0,1869,97198,"",0.22,1.00,1.07,0.00,0.00,1.07,1.07,"",-1,-9.1,131,9.1,24780849,19.3,0,0.0,0,0.0,160,9.4,8328,9.4
"09000","2","92313","57","0","2024","A","","Connecticut -- Statewide","State Government","NAICS 92313 Administration of human resource programs (except education, public health, and veterans' affairs programs)","State, NAICS 5-digit -- by ownership sector","All establishment sizes",27,1561,141442590,0,0,1742,90591,"",0.39,0.61,0.65,0.00,0.00,1.06,1.06,"",0,0.0,50,3.3,4970807,3.6,0,0.0,0,0.0,5,0.3,282,0.3
"09000","2","923130","58","0","2024","A","","Connecticut -- Statewide","State Government","NAICS 923130 Administration of human resource programs (except education, public health, and veterans' affairs programs)","State, NAICS 6-digit -- by ownership sector","All establishment sizes",27,1561,141442590,0,0,1742,90591,"",0.39,0.61,0.65,0.00,0.00,1.06,1.06,"",0,0.0,50,3.3,4970807,3.6,0,0.0,0,0.0,5,0.3,282,0.3
"09000","2","924","55","0","2024","A","","Connecticut -- Statewide","State Government","NAICS 924 Administration of environmental quality programs","State, NAICS 3-digit -- by ownership sector","All establishment sizes",9,960,58665046,0,0,1175,61078,"",0.10,0.56,0.39,0.00,0.00,0.70,0.70,"",0,0.0,53,5.8,3627031,6.6,0,0.0,0,0.0,9,0.8,424,0.7
"09000","2","9241","56","0","2024","A","","Connecticut -- Statewide","State Government","NAICS 9241 Administration of environmental quality programs","State, NAICS 4-digit -- by ownership sector","All establishment sizes",9,960,58665046,0,0,1175,61078,"",0.10,0.56,0.39,0.00,0.00,0.70,0.70,"",0,0.0,53,5.8,3627031,6.6,0,0.0,0,0.0,9,0.8,424,0.7
"09000","2","92411","57","0","2024","A","","Connecticut -- Statewide","State Government","NAICS 92411 Administration of air and water resource and solid waste management programs","State, NAICS 5-digit -- by ownership sector","All establishment sizes",9,960,58665046,0,0,1175,61078,"",0.52,1.98,1.12,0.00,0.00,0.57,0.57,"",0,0.0,53,5.8,3627031,6.6,0,0.0,0,0.0,9,0.8,424,0.7
"09000","2","924110","58","0","2024","A","","Connecticut -- Statewide","State Government","NAICS 924110 Administration of air and water resource and solid waste management programs","State, NAICS 6-digit -- by ownership sector","All establishment sizes",9,960,58665046,0,0,1175,61078,"",0.52,1.98,1.12,0.00,0.00,0.57,0.57,"",0,0.0,53,5.8,3627031,6.6,0,0.0,0,0.0,9,0.8,424,0.7
"09000","2","925","55","0","2024","A","","Connecticut -- Statewide","State Government","NAICS 925 Administration of housing programs, urban planning, and community development","State, NAICS 3-digit -- by ownership sector","All establishment sizes",2,157,16028451,0,0,1961,101984,"N",0.33,0,0,0,0,0,0,"",0,0.0,-2,-1.3,817523,5.4,0,0.0,0,0.0,122,6.6,6368,6.7
"09000","2","9251","56","0","2024","A","","Connecticut -- Statewide","State Government","NAICS 9251 Administration of housing programs, urban planning, and community development","State, NAICS 4-digit -- by ownership sector","All establishment sizes",2,157,16028451,0,0,1961,101984,"N",0.33,0,0,0,0,0,0,"",0,0.0,-2,-1.3,817523,5.4,0,0.0,0,0.0,122,6.6,6368,6.7
"09000","2","92511","57","0","2024","A","","Connecticut -- Statewide","State Government","NAICS 92511 Administration of housing programs","State, NAICS 5-digit -- by ownership sector","All establishment sizes",2,157,16028451,0,0,1961,101984,"N",0.60,0,0,0,0,0,0,"",0,0.0,-2,-1.3,817523,5.4,0,0.0,0,0.0,122,6.6,6368,6.7
"09000","2","925110","58","0","2024","A","","Connecticut -- Statewide","State Government","NAICS 925110 Administration of housing programs","State, NAICS 6-digit -- by ownership sector","All establishment sizes",2,157,16028451,0,0,1961,101984,"N",0.60,0,0,0,0,0,0,"",0,0.0,-2,-1.3,817523,5.4,0,0.0,0,0.0,122,6.6,6368,6.7
"09000","2","926","55","0","2024","A","","Connecticut -- Statewide","State Government","NAICS 926 Administration of economic programs","State, NAICS 3-digit -- by ownership sector","All establishment sizes",122,5531,488905397,0,0,1700,88395,"",0.89,1.62,1.53,0.00,0.00,0.95,0.95,"",0,0.0,309,5.9,27679685,6.0,0,0.0,0,0.0,1,0.1,71,0.1
"09000","2","9261","56","0","2024","A","","Connecticut -- Statewide","State Government","NAICS 9261 Administration of economic programs","State, NAICS 4-digit -- by ownership sector","All establishment sizes",122,5531,488905397,0,0,1700,88395,"",0.89,1.62,1.53,0.00,0.00,0.95,0.95,"",0,0.0,309,5.9,27679685,6.0,0,0.0,0,0.0,1,0.1,71,0.1
"09000","2","92611","57","0","2024","A","","Connecticut -- Statewide","State Government","NAICS 92611 Administration of general economic programs","State, NAICS 5-digit -- by ownership sector","All establishment sizes",9,691,65459301,0,0,1822,94766,"",0.80,2.01,2.23,0.00,0.00,1.11,1.11,"",0,0.0,65,10.4,9865847,17.7,0,0.0,0,0.0,113,6.6,5899,6.6
"09000","2","926110","58","0","2024","A","","Connecticut -- Statewide","State Government","NAICS 926110 Administration of general economic programs","State, NAICS 6-digit -- by ownership sector","All establishment sizes",9,691,65459301,0,0,1822,94766,"",0.80,2.01,2.23,0.00,0.00,1.11,1.11,"",0,0.0,65,10.4,9865847,17.7,0,0.0,0,0.0,113,6.6,5899,6.6
"09000","2","92612","57","0","2024","A","","Connecticut -- Statewide","State Government","NAICS 92612 Regulation and administration of transportation programs","State, NAICS 5-digit -- by ownership sector","All establishment sizes",95,4043,362273027,0,0,1723,89612,"",1.92,2.02,1.86,0.00,0.00,0.92,0.92,"",1,1.1,265,7.0,15973121,4.6,0,0.0,0,0.0,-40,-2.3,-2054,-2.2
"09000","2","926120","58","0","2024","A","","Connecticut -- Statewide","State Government","NAICS 926120 Regulation and administration of transportation programs","State, NAICS 6-digit -- by ownership sector","All establishment sizes",95,4043,362273027,0,0,1723,89612,"",1.92,2.02,1.86,0.00,0.00,0.92,0.92,"",1,1.1,265,7.0,15973121,4.6,0,0.0,0,0.0,-40,-2.3,-2054,-2.2
"09000","2","92613","57","0","2024","A","","Connecticut -- Statewide","State Government","NAICS 92613 Regulation and administration of communications, electric, gas, and other utilities","State, NAICS 5-digit -- by ownership sector","All establishment sizes",2,126,8060567,0,0,1227,63804,"",0.37,1.25,0.59,0.00,0.00,0.47,0.47,"",0,0.0,16,14.5,632846,8.5,0,0.0,0,0.0,-75,-5.8,-3926,-5.8
"09000","2","926130","58","0","2024","A","","Connecticut -- Statewide","State Government","NAICS 926130 Regulation and administration of communications, electric, gas, and other utilities","State, NAICS 6-digit -- by ownership sector","All establishment sizes",2,126,8060567,0,0,1227,63804,"",0.37,1.25,0.59,0.00,0.00,0.47,0.47,"",0,0.0,16,14.5,632846,8.5,0,0.0,0,0.0,-75,-5.8,-3926,-5.8
"09000","2","92614","57","0","2024","A","","Connecticut -- Statewide","State Government","NAICS 92614 Regulation of agricultural marketing and commodities","State, NAICS 5-digit -- by ownership sector","All establishment sizes",11,257,17759646,0,0,1328,69037,"",0.29,0.68,0.66,0.00,0.00,0.97,0.97,"",0,0.0,17,7.1,1884336,11.9,0,0.0,0,0.0,58,4.6,2982,4.5
"09000","2","926140","58","0","2024","A","","Connecticut -- Statewide","State Government","NAICS 926140 Regulation of agricultural marketing and commodities","State, NAICS 6-digit -- by ownership sector","All establishment sizes",11,257,17759646,0,0,1328,69037,"",0.29,0.68,0.66,0.00,0.00,0.97,0.97,"",0,0.0,17,7.1,1884336,11.9,0,0.0,0,0.0,58,4.6,2982,4.5
"09000","2","92615","57","0","2024","A","","Connecticut -- Statewide","State Government","NAICS 92615 Regulation, licensing, and inspection of miscellaneous commercial sectors","State, NAICS 5-digit -- by ownership sector","All establishment sizes",5,414,35352856,0,0,1643,85411,"",0.15,0.70,0.65,0.00,0.00,0.93,0.93,"",-1,-16.7,-55,-11.7,-676465,-1.9,0,0.0,0,0.0,164,11.1,8521,11.1
"09000","2","926150","58","0","2024","A","","Connecticut -- Statewide","State Government","NAICS 926150 Regulation, licensing, and inspection of miscellaneous commercial sectors","State, NAICS 6-digit -- by ownership sector","All establishment sizes",5,414,35352856,0,0,1643,85411,"",0.15,0.70,0.65,0.00,0.00,0.93,0.93,"",-1,-16.7,-55,-11.7,-676465,-1.9,0,0.0,0,0.0,164,11.1,8521,11.1
"09000","2","928","55","0","2024","A","","Connecticut -- Statewide","State Government","NAICS 928 National security and international affairs","State, NAICS 3-digit -- by ownership sector","All establishment sizes",17,122,10221005,0,0,1610,83722,"",1.75,0.58,0.68,0.00,0.00,1.17,1.17,"",1,6.2,4,3.4,1094343,12.0,0,0.0,0,0.0,126,8.5,6541,8.5
"09000","2","9281","56","0","2024","A","","Connecticut -- Statewide","State Government","NAICS 9281 National security and international affairs","State, NAICS 4-digit -- by ownership sector","All establishment sizes",17,122,10221005,0,0,1610,83722,"",1.75,0.58,0.68,0.00,0.00,1.17,1.17,"",1,6.2,4,3.4,1094343,12.0,0,0.0,0,0.0,126,8.5,6541,8.5
"09000","2","92811","57","0","2024","A","","Connecticut -- Statewide","State Government","NAICS 92811 National security","State, NAICS 5-digit -- by ownership sector","All establishment sizes",17,122,10221005,0,0,1610,83722,"N",1.76,0,0,0,0,0,0,"",1,6.2,4,3.4,1094343,12.0,0,0.0,0,0.0,126,8.5,6541,8.5
"09000","2","928110","58","0","2024","A","","Connecticut -- Statewide","State Government","NAICS 928110 National security","State, NAICS 6-digit -- by ownership sector","All establishment sizes",17,122,10221005,0,0,1610,83722,"N",1.76,0,0,0,0,0,0,"",1,6.2,4,3.4,1094343,12.0,0,0.0,0,0.0,126,8.5,6541,8.5
"09000","3","10","51","0","2024","A","","Connecticut -- Statewide","Local Government","10 Total, all industries","State, Total -- by ownership sector","All establishment sizes",2187,140971,10163096767,191997303,2887610,1386,72094,"",1.03,0.89,0.84,0.41,0.84,0.94,0.94,"",-5,-0.2,1791,1.3,365487761,3.7,68294861,55.2,577860,25.0,32,2.4,1699,2.4
"09000","3","101","52","0","2024","A","","Connecticut -- Statewide","Local Government","101 Goods-producing","State, by Domain -- by ownership sector","All establishment sizes",171,4057,305883924,1154308,12902,1450,75395,"",3.15,3.32,3.26,0.24,0.26,0.98,0.98,"",0,0.0,57,1.4,15416485,5.3,472101,69.2,1308,11.3,54,3.9,2778,3.8
"09000","3","1012","53","0","2024","A","","Connecticut -- Statewide","Local Government","1012 Construction","State, by Supersector -- by ownership sector","All establishment sizes",171,4057,305883924,1154308,12902,1450,75395,"",3.24,3.42,3.37,0.30,0.33,0.98,0.98,"",0,0.0,57,1.4,15416485,5.3,472101,69.2,1308,11.3,54,3.9,2778,3.8
"09000","3","102","52","0","2024","A","","Connecticut -- Statewide","Local Government","102 Service-providing","State, by Domain -- by ownership sector","All establishment sizes",2016,136914,9857212843,190842995,2874708,1385,71996,"",0.97,0.87,0.82,0.41,0.85,0.94,0.94,"",-5,-0.2,1734,1.3,350071276,3.7,67822760,55.1,576552,25.1,33,2.4,1667,2.4
"09000","3","1021","53","0","2024","A","","Connecticut -- Statewide","Local Government","1021 Trade, transportation, and utilities","State, by Supersector -- by ownership sector","All establishment sizes",104,2545,254202007,11637656,211894,1921,99883,"",0.70,0.41,0.41,0.45,0.89,1.01,1.01,"",0,0.0,75,3.0,17234755,7.3,4756853,69.1,62313,41.7,76,4.1,3948,4.1
"09000","3","1022","53","0","2024","A","","Connecticut -- Statewide","Local Government","1022 Information","State, by Supersector -- by ownership sector","All establishment sizes",123,2620,104903235,750845,11214,770,40047,"",1.93,1.91,1.53,0.16,0.37,0.80,0.80,"",0,0.0,38,1.5,4815778,4.8,220595,41.6,2200,24.4,25,3.4,1283,3.3
"09000","3","1023","53","0","2024","A","","Connecticut -- Statewide","Local Government","1023 Financial activities","State, by Supersector -- by ownership sector","All establishment sizes",27,501,35409589,13072533,248620,1359,70690,"",1.15,0.96,0.81,1.65,2.44,0.84,0.84,"",-1,-3.6,-1,-0.2,877119,2.5,5191234,65.9,53079,27.1,37,2.8,1934,2.8
"09000","3","1024","53","0","2024","A","","Connecticut -- Statewide","Local Government","1024 Professional and business services","State, by Supersector -- by ownership sector","All establishment sizes",163,1459,104385608,87235,960,1376,71534,"",2.75,1.35,1.25,0.02,0.01,0.92,0.92,"",0,0.0,55,3.9,2300460,2.3,27235,45.4,-60,-5.9,-22,-1.6,-1155,-1.6
"09000","3","1025","53","0","2024","A","","Connecticut -- Statewide","Local Government","1025 Education and health services","State, by Supersector -- by ownership sector","All establishment sizes",328,89312,6371499724,231563,2738,1372,71340,"",0.36,0.92,0.91,0.00,0.00,0.99,0.99,"",-4,-1.2,250,0.3,173807271,2.8,43988,23.5,-449,-14.1,34,2.5,1751,2.5
"09000","3","1026","53","0","2024","A","","Connecticut -- Statewide","Local Government","1026 Leisure and hospitality","State, by Supersector -- by ownership sector","All establishment sizes",168,13625,601023086,121384898,1714907,848,44113,"",2.92,3.04,2.73,3.40,3.49,0.90,0.90,"",0,0.0,241,1.8,13688433,2.3,41667567,52.3,348957,25.5,4,0.5,231,0.5
"09000","3","1027","53","0","2024","A","","Connecticut -- Statewide","Local Government","1027 Other services","State, by Supersector -- by ownership sector","All establishment sizes",13,74,4308521,237420,2613,1117,58092,"",0.50,0.20,0.17,0.12,0.08,0.84,0.84,"N",0,0.0,0,0,0,0,0,0,0,0,0,0,0,0
"09000","3","1028","53","0","2024","A","","Connecticut -- Statewide","Local Government","1028 Public administration","State, by Supersector -- by ownership sector","All establishment sizes",1090,26778,2381481073,43440845,681762,1710,88933,"",1.39,0.57,0.59,0.21,0.46,1.04,1.04,"",0,0.0,1073,4.2,136979296,6.1,15857460,57.5,110952,19.4,31,1.8,1614,1.8
"09000","3","22","54","0","2024","A","","Connecticut -- Statewide","Local Government","NAICS 22 Utilities","State, NAICS Sector -- by ownership sector","All establishment sizes",95,2080,222699721,2060679,41457,2059,107076,"",0.92,0.74,0.74,0.13,0.31,1.00,1.00,"",0,0.0,53,2.6,14386019,6.9,814939,65.4,-298,-0.7,83,4.2,4328,4.2
"09000","3","221","55","0","2024","A","","Connecticut -- Statewide","Local Government","NAICS 221 Utilities","State, NAICS 3-digit -- by ownership sector","All establishment sizes",95,2080,222699721,2060679,41457,2059,107076,"",0.92,0.74,0.74,0.13,0.31,1.00,1.00,"",0,0.0,53,2.6,14386019,6.9,814939,65.4,-298,-0.7,83,4.2,4328,4.2
"09000","3","2211","56","0","2024","A","","Connecticut -- Statewide","Local Government","NAICS 2211 Electric power generation, transmission and distribution","State, NAICS 4-digit -- by ownership sector","All establishment sizes",8,297,38295499,1159072,30169,2478,128833,"",0.70,0.34,0.32,0.24,0.60,0.94,0.94,"",0,0.0,4,1.4,3369245,9.6,503299,76.7,-1558,-4.9,185,8.1,9597,8.0
"09000","3","22112","57","0","2024","A","","Connecticut -- Statewide","Local Government","NAICS 22112 Electric power transmission, control, and distribution","State, NAICS 5-digit -- by ownership sector","All establishment sizes",8,297,38295499,1159072,30169,2478,128833,"",0.95,0.46,0.44,0.35,0.94,0.94,0.94,"",0,0.0,4,1.4,3369245,9.6,503299,76.7,-1558,-4.9,185,8.1,9597,8.0
"09000","3","221122","58","0","2024","A","","Connecticut -- Statewide","Local Government","NAICS 221122 Electric power distribution","State, NAICS 6-digit -- by ownership sector","All establishment sizes",8,297,38295499,1159072,30169,2478,128833,"",1.05,0.52,0.50,0.35,0.95,0.95,0.95,"",0,0.0,4,1.4,3369245,9.6,503299,76.7,-1558,-4.9,185,8.1,9597,8.0
"09000","3","2213","56","0","2024","A","","Connecticut -- Statewide","Local Government","NAICS 2213 Water, sewage and other systems","State, NAICS 4-digit -- by ownership sector","All establishment sizes",87,1783,184404222,901607,11288,1989,103448,"",0.98,0.97,1.06,0.08,0.14,1.10,1.10,"",0,0.0,48,2.8,11016774,6.4,311640,52.8,1260,12.6,67,3.5,3484,3.5
"09000","3","22131","57","0","2024","A","","Connecticut -- Statewide","Local Government","NAICS 22131 Water supply and irrigation systems","State, NAICS 5-digit -- by ownership sector","All establishment sizes",35,1254,135299452,779212,9942,2075,107909,"",0.58,0.99,1.16,0.10,0.17,1.16,1.16,"",0,0.0,35,2.9,7465439,5.8,264245,51.3,1189,13.6,57,2.8,2998,2.9
"09000","3","221310","58","0","2024","A","","Connecticut -- Statewide","Local Government","NAICS 221310 Water supply and irrigation systems","State, NAICS 6-digit -- by ownership sector","All establishment sizes",35,1254,135299452,779212,9942,2075,107909,"",0.58,0.99,1.16,0.10,0.17,1.16,1.16,"",0,0.0,35,2.9,7465439,5.8,264245,51.3,1189,13.6,57,2.8,2998,2.9
"09000","3","22132","57","0","2024","A","","Connecticut -- Statewide","Local Government","NAICS 22132 Sewage treatment facilities","State, NAICS 5-digit -- by ownership sector","All establishment sizes",52,529,49104770,122395,1346,1786,92870,"",1.82,0.92,0.88,0.04,0.06,0.95,0.95,"",0,0.0,13,2.5,3551335,7.8,47395,63.2,71,5.6,88,5.2,4588,5.2
"09000","3","221320","58","0","2024","A","","Connecticut -- Statewide","Local Government","NAICS 221320 Sewage treatment facilities","State, NAICS 6-digit -- by ownership sector","All establishment sizes",52,529,49104770,122395,1346,1786,92870,"",1.82,0.92,0.88,0.04,0.06,0.95,0.95,"",0,0.0,13,2.5,3551335,7.8,47395,63.2,71,5.6,88,5.2,4588,5.2
"09000","3","23","54","0","2024","A","","Connecticut -- Statewide","Local Government","NAICS 23 Construction","State, NAICS Sector -- by ownership sector","All establishment sizes",171,4057,305883924,1154308,12902,1450,75395,"",3.24,3.42,3.37,0.30,0.33,0.98,0.98,"",0,0.0,57,1.4,15416485,5.3,472101,69.2,1308,11.3,54,3.9,2778,3.8
"09000","3","237","55","0","2024","A","","Connecticut -- Statewide","Local Government","NAICS 237 Heavy and civil engineering construction","State, NAICS 3-digit -- by ownership sector","All establishment sizes",171,4057,305883924,1154308,12902,1450,75395,"",3.40,3.55,3.52,0.31,0.36,0.99,0.99,"",0,0.0,57,1.4,15416485,5.3,472101,69.2,1308,11.3,54,3.9,2778,3.8
"09000","3","2373","56","0","2024","A","","Connecticut -- Statewide","Local Government","NAICS 2373 Highway, street, and bridge construction","State, NAICS 4-digit -- by ownership sector","All establishment sizes",171,4057,305883924,1154308,12902,1450,75395,"",3.53,3.67,3.65,0.34,0.42,1.00,1.00,"",0,0.0,57,1.4,15416485,5.3,472101,69.2,1308,11.3,54,3.9,2778,3.8
"09000","3","23731","57","0","2024","A","","Connecticut -- Statewide","Local Government","NAICS 23731 Highway, street, and bridge construction","State, NAICS 5-digit -- by ownership sector","All establishment sizes",171,4057,305883924,1154308,12902,1450,75395,"",3.53,3.67,3.65,0.34,0.42,1.00,1.00,"",0,0.0,57,1.4,15416485,5.3,472101,69.2,1308,11.3,54,3.9,2778,3.8
"09000","3","237310","58","0","2024","A","","Connecticut -- Statewide","Local Government","NAICS 237310 Highway, street, and bridge construction","State, NAICS 6-digit -- by ownership sector","All establishment sizes",171,4057,305883924,1154308,12902,1450,75395,"",3.53,3.67,3.65,0.34,0.42,1.00,1.00,"",0,0.0,57,1.4,15416485,5.3,472101,69.2,1308,11.3,54,3.9,2778,3.8
"09000","3","48-49","54","0","2024","A","","Connecticut -- Statewide","Local Government","NAICS 48-49 Transportation and warehousing","State, NAICS Sector -- by ownership sector","All establishment sizes",9,465,31502286,9576977,170437,1302,67723,"",0.25,0.14,0.10,1.16,2.04,0.73,0.73,"",0,0.0,22,5.0,2848736,9.9,3941914,70.0,62611,58.1,57,4.6,2994,4.6
"09000","3","485","55","0","2024","A","N","Connecticut -- Statewide","Local Government","NAICS 485 Transit and ground passenger transportation","State, NAICS 3-digit -- by ownership sector","All establishment sizes",6,0,0,0,0,0,0,"N",0.27,0,0,0,0,0,0,"N",0,0.0,0,0,0,0,0,0,0,0,0,0,0,0
"09000","3","4851","56","0","2024","A","","Connecticut -- Statewide","Local Government","NAICS 4851 Urban transit systems","State, NAICS 4-digit -- by ownership sector","All establishment sizes",3,356,26567576,9565901,170316,1436,74663,"",0.47,0.18,0.13,2.49,4.13,0.72,0.72,"",0,0.0,14,4.1,2131506,8.7,3940169,70.0,62649,58.2,62,4.5,3213,4.5
"09000","3","48511","57","0","2024","A","","Connecticut -- Statewide","Local Government","NAICS 48511 Urban transit systems","State, NAICS 5-digit -- by ownership sector","All establishment sizes",3,356,26567576,9565901,170316,1436,74663,"",0.47,0.18,0.13,2.49,4.13,0.72,0.72,"",0,0.0,14,4.1,2131506,8.7,3940169,70.0,62649,58.2,62,4.5,3213,4.5
"09000","3","485111","58","0","2024","A","N","Connecticut -- Statewide","Local Government","NAICS 485111 Mixed mode transit systems","State, NAICS 6-digit -- by ownership sector","All establishment sizes",1,0,0,0,0,0,0,"N",0.63,0,0,0,0,0,0,"N",0,0.0,0,0,0,0,0,0,0,0,0,0,0,0
"09000","3","485113","58","0","2024","A","N","Connecticut -- Statewide","Local Government","NAICS 485113 Bus and other motor vehicle transit systems","State, NAICS 6-digit -- by ownership sector","All establishment sizes",2,0,0,0,0,0,0,"N",0.43,0,0,0,0,0,0,"N",0,0.0,0,0,0,0,0,0,0,0,0,0,0,0
"09000","3","4854","56","0","2024","A","N","Connecticut -- Statewide","Local Government","NAICS 4854 School and employee bus transportation","State, NAICS 4-digit -- by ownership sector","All establishment sizes",1,0,0,0,0,0,0,"N",0.07,0,0,0,0,0,0,"N",0,0.0,0,0,0,0,0,0,0,0,0,0,0,0
"09000","3","48541","57","0","2024","A","N","Connecticut -- Statewide","Local Government","NAICS 48541 School and employee bus transportation","State, NAICS 5-digit -- by ownership sector","All establishment sizes",1,0,0,0,0,0,0,"N",0.07,0,0,0,0,0,0,"N",0,0.0,0,0,0,0,0,0,0,0,0,0,0,0
"09000","3","485410","58","0","2024","A","N","Connecticut -- Statewide","Local Government","NAICS 485410 School and employee bus transportation","State, NAICS 6-digit -- by ownership sector","All establishment sizes",1,0,0,0,0,0,0,"N",0.07,0,0,0,0,0,0,"N",0,0.0,0,0,0,0,0,0,0,0,0,0,0,0
"09000","3","4859","56","0","2024","A","N","Connecticut -- Statewide","Local Government","NAICS 4859 Other transit and ground passenger transportation","State, NAICS 4-digit -- by ownership sector","All establishment sizes",2,0,0,0,0,0,0,"N",2.31,0,0,0,0,0,0,"N",0,0.0,0,0,0,0,0,0,0,0,0,0,0,0
"09000","3","48599","57","0","2024","A","N","Connecticut -- Statewide","Local Government","NAICS 48599 Other transit and ground passenger transportation","State, NAICS 5-digit -- by ownership sector","All establishment sizes",2,0,0,0,0,0,0,"N",2.31,0,0,0,0,0,0,"N",0,0.0,0,0,0,0,0,0,0,0,0,0,0,0
"09000","3","485991","58","0","2024","A","N","Connecticut -- Statewide","Local Government","NAICS 485991 Special needs transportation","State, NAICS 6-digit -- by ownership sector","All establishment sizes",2,0,0,0,0,0,0,"N",3.00,0,0,0,0,0,0,"N",0,0.0,0,0,0,0,0,0,0,0,0,0,0,0
"09000","3","488","55","0","2024","A","N","Connecticut -- Statewide","Local Government","NAICS 488 Support activities for transportation","State, NAICS 3-digit -- by ownership sector","All establishment sizes",3,0,0,0,0,0,0,"N",0.28,0,0,0,0,0,0,"N",0,0.0,0,0,0,0,0,0,0,0,0,0,0,0
"09000","3","4881","56","0","2024","A","N","Connecticut -- Statewide","Local Government","NAICS 4881 Support activities for air transportation","State, NAICS 4-digit -- by ownership sector","All establishment sizes",2,0,0,0,0,0,0,"N",0.27,0,0,0,0,0,0,"N",0,0.0,0,0,0,0,0,0,0,0,0,0,0,0
"09000","3","48811","57","0","2024","A","N","Connecticut -- Statewide","Local Government","NAICS 48811 Airport operations","State, NAICS 5-digit -- by ownership sector","All establishment sizes",2,0,0,0,0,0,0,"N",0.28,0,0,0,0,0,0,"N",0,0.0,0,0,0,0,0,0,0,0,0,0,0,0
"09000","3","488119","58","0","2024","A","N","Connecticut -- Statewide","Local Government","NAICS 488119 Other airport operations","State, NAICS 6-digit -- by ownership sector","All establishment sizes",2,0,0,0,0,0,0,"N",0.29,0,0,0,0,0,0,"N",0,0.0,0,0,0,0,0,0,0,0,0,0,0,0
"09000","3","4883","56","0","2024","A","N","Connecticut -- Statewide","Local Government","NAICS 4883 Support activities for water transportation","State, NAICS 4-digit -- by ownership sector","All establishment sizes",1,0,0,0,0,0,0,"N",1.16,0,0,0,0,0,0,"N",0,0.0,0,0,0,0,0,0,0,0,0,0,0,0
"09000","3","48833","57","0","2024","A","N","Connecticut -- Statewide","Local Government","NAICS 48833 Navigational services to shipping","State, NAICS 5-digit -- by ownership sector","All establishment sizes",1,0,0,0,0,0,0,"N",40.48,0,0,0,0,0,0,"N",0,0.0,0,0,0,0,0,0,0,0,0,0,0,0
"09000","3","488330","58","0","2024","A","N","Connecticut -- Statewide","Local Government","NAICS 488330 Navigational services to shipping","State, NAICS 6-digit -- by ownership sector","All establishment sizes",1,0,0,0,0,0,0,"N",40.48,0,0,0,0,0,0,"N",0,0.0,0,0,0,0,0,0,0,0,0,0,0,0
"09000","3","51","54","0","2024","A","","Connecticut -- Statewide","Local Government","NAICS 51 Information","State, NAICS Sector -- by ownership sector","All establishment sizes",123,2620,104903235,750845,11214,770,40047,"",1.93,1.91,1.53,0.16,0.37,0.80,0.80,"",0,0.0,38,1.5,4815778,4.8,220595,41.6,2200,24.4,25,3.4,1283,3.3
"09000","3","516","55","0","2024","A","N","Connecticut -- Statewide","Local Government","NAICS 516 Broadcasting and content providers","State, NAICS 3-digit -- by ownership sector","All establishment sizes",1,0,0,0,0,0,0,"N",2.61,0,0,0,0,0,0,"N",0,0.0,0,0,0,0,0,0,0,0,0,0,0,0
"09000","3","5161","56","0","2024","A","N","Connecticut -- Statewide","Local Government","NAICS 5161 Radio and television broadcasting stations","State, NAICS 4-digit -- by ownership sector","All establishment sizes",1,0,0,0,0,0,0,"N",8.10,0,0,0,0,0,0,"N",0,0.0,0,0,0,0,0,0,0,0,0,0,0,0
"09000","3","51611","57","0","2024","A","N","Connecticut -- Statewide","Local Government","NAICS 51611 Radio broadcasting stations","State, NAICS 5-digit -- by ownership sector","All establishment sizes",1,0,0,0,0,0,0,"N",16.19,0,0,0,0,0,0,"N",0,0.0,0,0,0,0,0,0,0,0,0,0,0,0
"09000","3","516110","58","0","2024","A","N","Connecticut -- Statewide","Local Government","NAICS 516110 Radio broadcasting stations","State, NAICS 6-digit -- by ownership sector","All establishment sizes",1,0,0,0,0,0,0,"N",16.19,0,0,0,0,0,0,"N",0,0.0,0,0,0,0,0,0,0,0,0,0,0,0
"09000","3","517","55","0","2024","A","N","Connecticut -- Statewide","Local Government","NAICS 517 Telecommunications","State, NAICS 3-digit -- by ownership sector","All establishment sizes",1,0,0,0,0,0,0,"N",1.65,0,0,0,0,0,0,"N",0,0.0,0,0,0,0,0,0,0,0,0,0,0,0
"09000","3","5171","56","0","2024","A","N","Connecticut -- Statewide","Local Government","NAICS 5171 Wired and wireless telecommunications (except satellite)","State, NAICS 4-digit -- by ownership sector","All establishment sizes",1,0,0,0,0,0,0,"N",1.88,0,0,0,0,0,0,"N",0,0.0,0,0,0,0,0,0,0,0,0,0,0,0
"09000","3","51711","57","0","2024","A","N","Connecticut -- Statewide","Local Government","NAICS 51711 Wired and wireless telecommunications carriers (except satellite)","State, NAICS 5-digit -- by ownership sector","All establishment sizes",1,0,0,0,0,0,0,"N",2.08,0,0,0,0,0,0,"N",0,0.0,0,0,0,0,0,0,0,0,0,0,0,0
"09000","3","517112","58","0","2024","A","N","Connecticut -- Statewide","Local Government","NAICS 517112 Wireless telecommunications carriers (except satellite)","State, NAICS 6-digit -- by ownership sector","All establishment sizes",1,0,0,0,0,0,0,"N",5.06,0,0,0,0,0,0,"N",0,0.0,0,0,0,0,0,0,0,0,0,0,0,0
"09000","3","518","55","0","2024","A","N","Connecticut -- Statewide","Local Government","NAICS 518 Computing infrastructure providers, data processing, web hosting, and related services","State, NAICS 3-digit -- by ownership sector","All establishment sizes",1,0,0,0,0,0,0,"N",0.83,0,0,0,0,0,0,"N",0,0.0,0,0,0,0,0,0,0,0,0,0,0,0
"09000","3","5182","56","0","2024","A","N","Connecticut -- Statewide","Local Government","NAICS 5182 Computing infrastructure providers, data processing, web hosting, and related services","State, NAICS 4-digit -- by ownership sector","All establishment sizes",1,0,0,0,0,0,0,"N",0.83,0,0,0,0,0,0,"N",0,0.0,0,0,0,0,0,0,0,0,0,0,0,0
"09000","3","51821","57","0","2024","A","N","Connecticut -- Statewide","Local Government","NAICS 51821 Computing infrastructure providers, data processing, web hosting, and related services","State, NAICS 5-digit -- by ownership sector","All establishment sizes",1,0,0,0,0,0,0,"N",0.83,0,0,0,0,0,0,"N",0,0.0,0,0,0,0,0,0,0,0,0,0,0,0
"09000","3","518210","58","0","2024","A","N","Connecticut -- Statewide","Local Government","NAICS 518210 Computing infrastructure providers, data processing, web hosting, and related services","State, NAICS 6-digit -- by ownership sector","All establishment sizes",1,0,0,0,0,0,0,"N",0.83,0,0,0,0,0,0,"N",0,0.0,0,0,0,0,0,0,0,0,0,0,0,0
"09000","3","519","55","0","2024","A","","Connecticut -- Statewide","Local Government","NAICS 519 Web search portals, libraries, archives, and other information services","State, NAICS 3-digit -- by ownership sector","All establishment sizes",120,2601,104184982,750845,11214,770,40051,"",1.95,1.96,1.61,0.17,0.40,0.82,0.82,"",0,0.0,38,1.5,4868131,4.9,220595,41.6,2200,24.4,25,3.4,1297,3.3
"09000","3","5192","56","0","2024","A","","Connecticut -- Statewide","Local Government","NAICS 5192 Web search portals, libraries, archives, and other information services","State, NAICS 4-digit -- by ownership sector","All establishment sizes",120,2601,104184982,750845,11214,770,40051,"",1.95,1.96,1.61,0.17,0.40,0.82,0.82,"",0,0.0,38,1.5,4868131,4.9,220595,41.6,2200,24.4,25,3.4,1297,3.3
"09000","3","51921","57","0","2024","A","","Connecticut -- Statewide","Local Government","NAICS 51921 Libraries and archives","State, NAICS 5-digit -- by ownership sector","All establishment sizes",120,2601,104184982,750845,11214,770,40051,"N",1.96,0,0,0,0,0,0,"",0,0.0,38,1.5,4868131,4.9,220595,41.6,2200,24.4,25,3.4,1297,3.3
"09000","3","519210","58","0","2024","A","","Connecticut -- Statewide","Local Government","NAICS 519210 Libraries and archives","State, NAICS 6-digit -- by ownership sector","All establishment sizes",120,2601,104184982,750845,11214,770,40051,"N",1.96,0,0,0,0,0,0,"",0,0.0,38,1.5,4868131,4.9,220595,41.6,2200,24.4,25,3.4,1297,3.3
"09000","3","53","54","0","2024","A","","Connecticut -- Statewide","Local Government","NAICS 53 Real estate and rental and leasing","State, NAICS Sector -- by ownership sector","All establishment sizes",27,501,35409589,13072533,248620,1359,70690,"",1.28,1.31,1.30,2.16,3.34,0.99,0.99,"",-1,-3.6,-1,-0.2,877119,2.5,5191234,65.9,53079,27.1,37,2.8,1934,2.8
"09000","3","531","55","0","2024","A","","Connecticut -- Statewide","Local Government","NAICS 531 Real estate","State, NAICS 3-digit -- by ownership sector","All establishment sizes",27,501,35409589,13072533,248620,1359,70690,"",1.29,1.32,1.31,2.16,3.34,0.99,0.99,"",-1,-3.6,-1,-0.2,877119,2.5,5191234,65.9,53079,27.1,37,2.8,1934,2.8
"09000","3","5311","56","0","2024","A","","Connecticut -- Statewide","Local Government","NAICS 5311 Lessors of real estate","State, NAICS 4-digit -- by ownership sector","All establishment sizes",23,395,26642250,10354109,187874,1296,67406,"",1.57,1.33,1.22,2.25,3.10,0.92,0.92,"",-1,-4.2,-1,-0.3,533797,2.0,4209584,68.5,35935,23.7,28,2.2,1476,2.2
"09000","3","53111","57","0","2024","A","","Connecticut -- Statewide","Local Government","NAICS 53111 Lessors of residential buildings and dwellings","State, NAICS 5-digit -- by ownership sector","All establishment sizes",23,395,26642250,10354109,187874,1296,67406,"",1.70,1.45,1.32,2.55,4.01,0.91,0.91,"",-1,-4.2,-1,-0.3,533797,2.0,4209584,68.5,35935,23.7,28,2.2,1476,2.2
"09000","3","531110","58","0","2024","A","","Connecticut -- Statewide","Local Government","NAICS 531110 Lessors of residential buildings and dwellings","State, NAICS 6-digit -- by ownership sector","All establishment sizes",23,395,26642250,10354109,187874,1296,67406,"",1.70,1.45,1.32,2.55,4.01,0.91,0.91,"",-1,-4.2,-1,-0.3,533797,2.0,4209584,68.5,35935,23.7,28,2.2,1476,2.2
"09000","3","5312","56","0","2024","A","N","Connecticut -- Statewide","Local Government","NAICS 5312 Offices of real estate agents and brokers","State, NAICS 4-digit -- by ownership sector","All establishment sizes",1,0,0,0,0,0,0,"N",1.53,0,0,0,0,0,0,"N",0,0.0,0,0,0,0,0,0,0,0,0,0,0,0
"09000","3","53121","57","0","2024","A","N","Connecticut -- Statewide","Local Government","NAICS 53121 Offices of real estate agents and brokers","State, NAICS 5-digit -- by ownership sector","All establishment sizes",1,0,0,0,0,0,0,"N",1.53,0,0,0,0,0,0,"N",0,0.0,0,0,0,0,0,0,0,0,0,0,0,0
"09000","3","531210","58","0","2024","A","N","Connecticut -- Statewide","Local Government","NAICS 531210 Offices of real estate agents and brokers","State, NAICS 6-digit -- by ownership sector","All establishment sizes",1,0,0,0,0,0,0,"N",1.53,0,0,0,0,0,0,"N",0,0.0,0,0,0,0,0,0,0,0,0,0,0,0
"09000","3","5313","56","0","2024","A","N","Connecticut -- Statewide","Local Government","NAICS 5313 Activities related to real estate","State, NAICS 4-digit -- by ownership sector","All establishment sizes",3,0,0,0,0,0,0,"N",0.53,0,0,0,0,0,0,"N",0,0.0,0,0,0,0,0,0,0,0,0,0,0,0
"09000","3","53131","57","0","2024","A","N","Connecticut -- Statewide","Local Government","NAICS 53131 Real estate property managers","State, NAICS 5-digit -- by ownership sector","All establishment sizes",3,0,0,0,0,0,0,"N",0.55,0,0,0,0,0,0,"N",0,0.0,0,0,0,0,0,0,0,0,0,0,0,0
"09000","3","531311","58","0","2024","A","N","Connecticut -- Statewide","Local Government","NAICS 531311 Residential property managers","State, NAICS 6-digit -- by ownership sector","All establishment sizes",3,0,0,0,0,0,0,"N",0.58,0,0,0,0,0,0,"N",0,0.0,0,0,0,0,0,0,0,0,0,0,0,0
"09000","3","54","54","0","2024","A","","Connecticut -- Statewide","Local Government","NAICS 54 Professional, scientific, and technical services","State, NAICS Sector -- by ownership sector","All establishment sizes",31,259,23448147,87235,960,1738,90388,"",1.96,1.10,0.99,0.06,0.05,0.89,0.89,"",0,0.0,16,6.6,2177192,10.2,27235,45.4,-60,-5.9,53,3.1,2793,3.2
"09000","3","541","55","0","2024","A","","Connecticut -- Statewide","Local Government","NAICS 541 Professional, scientific, and technical services","State, NAICS 3-digit -- by ownership sector","All establishment sizes",31,259,23448147,87235,960,1738,90388,"",1.96,1.10,0.99,0.06,0.05,0.89,0.89,"",0,0.0,16,6.6,2177192,10.2,27235,45.4,-60,-5.9,53,3.1,2793,3.2
"09000","3","5413","56","0","2024","A","","Connecticut -- Statewide","Local Government","NAICS 5413 Architectural, engineering, and related services","State, NAICS 4-digit -- by ownership sector","All establishment sizes",29,253,23152215,0,0,1760,91541,"",4.71,2.79,2.60,0.00,0.00,0.93,0.93,"",0,0.0,16,6.8,2172293,10.4,0,0.0,0,0.0,58,3.4,3018,3.4
"09000","3","54133","57","0","2024","A","","Connecticut -- Statewide","Local Government","NAICS 54133 Engineering services","State, NAICS 5-digit -- by ownership sector","All establishment sizes",29,253,23152215,0,0,1760,91541,"",5.99,3.46,3.42,0.00,0.00,0.99,0.99,"",0,0.0,16,6.8,2172293,10.4,0,0.0,0,0.0,58,3.4,3018,3.4
"09000","3","541330","58","0","2024","A","","Connecticut -- Statewide","Local Government","NAICS 541330 Engineering services","State, NAICS 6-digit -- by ownership sector","All establishment sizes",29,253,23152215,0,0,1760,91541,"",5.99,3.46,3.42,0.00,0.00,0.99,0.99,"",0,0.0,16,6.8,2172293,10.4,0,0.0,0,0.0,58,3.4,3018,3.4
"09000","3","5415","56","0","2024","A","N","Connecticut -- Statewide","Local Government","NAICS 5415 Computer systems design and related services","State, NAICS 4-digit -- by ownership sector","All establishment sizes",1,0,0,0,0,0,0,"N",0.26,0,0,0,0,0,0,"N",0,0.0,0,0,0,0,0,0,0,0,0,0,0,0
"09000","3","54151","57","0","2024","A","N","Connecticut -- Statewide","Local Government","NAICS 54151 Computer systems design and related services","State, NAICS 5-digit -- by ownership sector","All establishment sizes",1,0,0,0,0,0,0,"N",0.26,0,0,0,0,0,0,"N",0,0.0,0,0,0,0,0,0,0,0,0,0,0,0
"09000","3","541519","58","0","2024","A","N","Connecticut -- Statewide","Local Government","NAICS 541519 Other computer related services","State, NAICS 6-digit -- by ownership sector","All establishment sizes",1,0,0,0,0,0,0,"N",3.52,0,0,0,0,0,0,"N",0,0.0,0,0,0,0,0,0,0,0,0,0,0,0
"09000","3","5417","56","0","2024","A","N","Connecticut -- Statewide","Local Government","NAICS 5417 Scientific research and development services","State, NAICS 4-digit -- by ownership sector","All establishment sizes",1,0,0,0,0,0,0,"N",1.84,0,0,0,0,0,0,"N",0,0.0,0,0,0,0,0,0,0,0,0,0,0,0
"09000","3","54171","57","0","2024","A","N","Connecticut -- Statewide","Local Government","NAICS 54171 Research and development in the physical, engineering, and life sciences","State, NAICS 5-digit -- by ownership sector","All establishment sizes",1,0,0,0,0,0,0,"N",2.79,0,0,0,0,0,0,"N",0,0.0,0,0,0,0,0,0,0,0,0,0,0,0
"09000","3","541715","58","0","2024","A","N","Connecticut -- Statewide","Local Government","NAICS 541715 Research and development in the physical, engineering, and life sciences (except nanotechnology and biotechnology)","State, NAICS 6-digit -- by ownership sector","All establishment sizes",1,0,0,0,0,0,0,"N",3.11,0,0,0,0,0,0,"N",0,0.0,0,0,0,0,0,0,0,0,0,0,0,0
"09000","3","56","54","0","2024","A","","Connecticut -- Statewide","Local Government","NAICS 56 Administrative and support and waste management and remediation services","State, NAICS Sector -- by ownership sector","All establishment sizes",132,1200,80937461,0,0,1297,67457,"",3.03,1.42,1.35,0.00,0.00,0.95,0.95,"",0,0.0,38,3.3,123268,0.2,0,0.0,0,0.0,-41,-3.1,-2115,-3.0
"09000","3","561","55","0","2024","A","","Connecticut -- Statewide","Local Government","NAICS 561 Administrative and support services","State, NAICS 3-digit -- by ownership sector","All establishment sizes",66,722,48969256,0,0,1304,67817,"",2.25,1.28,1.22,0.00,0.00,0.96,0.96,"",0,0.0,90,14.2,6298611,14.8,0,0.0,0,0.0,6,0.5,327,0.5
"09000","3","5614","56","0","2024","A","N","Connecticut -- Statewide","Local Government","NAICS 5614 Business support services","State, NAICS 4-digit -- by ownership sector","All establishment sizes",4,0,0,0,0,0,0,"N",3.24,0,0,0,0,0,0,"N",0,0.0,0,0,0,0,0,0,0,0,0,0,0,0
"09000","3","56142","57","0","2024","A","N","Connecticut -- Statewide","Local Government","NAICS 56142 Telephone call centers","State, NAICS 5-digit -- by ownership sector","All establishment sizes",4,0,0,0,0,0,0,"N",5.68,0,0,0,0,0,0,"N",0,0.0,0,0,0,0,0,0,0,0,0,0,0,0
"09000","3","561421","58","0","2024","A","N","Connecticut -- Statewide","Local Government","NAICS 561421 Telephone answering services","State, NAICS 6-digit -- by ownership sector","All establishment sizes",4,0,0,0,0,0,0,"N",7.36,0,0,0,0,0,0,"N",0,0.0,0,0,0,0,0,0,0,0,0,0,0,0
"09000","3","5617","56","0","2024","A","","Connecticut -- Statewide","Local Government","NAICS 5617 Services to buildings and dwellings","State, NAICS 4-digit -- by ownership sector","All establishment sizes",61,624,41635940,0,0,1284,66778,"",3.29,2.24,2.42,0.00,0.00,1.08,1.08,"",-1,-1.6,68,12.2,5412843,14.9,0,0.0,0,0.0,32,2.6,1668,2.6
"09000","3","56172","57","0","2024","A","","Connecticut -- Statewide","Local Government","NAICS 56172 Janitorial services","State, NAICS 5-digit -- by ownership sector","All establishment sizes",53,557,37077111,0,0,1280,66566,"",4.78,3.74,3.93,0.00,0.00,1.05,1.05,"",-1,-1.9,63,12.8,5033952,15.7,0,0.0,0,0.0,33,2.6,1723,2.7
"09000","3","561720","58","0","2024","A","","Connecticut -- Statewide","Local Government","NAICS 561720 Janitorial services","State, NAICS 6-digit -- by ownership sector","All establishment sizes",53,557,37077111,0,0,1280,66566,"",4.78,3.74,3.93,0.00,0.00,1.05,1.05,"",-1,-1.9,63,12.8,5033952,15.7,0,0.0,0,0.0,33,2.6,1723,2.7
"09000","3","56173","57","0","2024","A","N","Connecticut -- Statewide","Local Government","NAICS 56173 Landscaping services","State, NAICS 5-digit -- by ownership sector","All establishment sizes",2,0,0,0,0,0,0,"N",0.68,0,0,0,0,0,0,"N",0,0.0,0,0,0,0,0,0,0,0,0,0,0,0
"09000","3","561730","58","0","2024","A","N","Connecticut -- Statewide","Local Government","NAICS 561730 Landscaping services","State, NAICS 6-digit -- by ownership sector","All establishment sizes",2,0,0,0,0,0,0,"N",0.68,0,0,0,0,0,0,"N",0,0.0,0,0,0,0,0,0,0,0,0,0,0,0
"09000","3","56179","57","0","2024","A","N","Connecticut -- Statewide","Local Government","NAICS 56179 Other services to buildings and dwellings","State, NAICS 5-digit -- by ownership sector","All establishment sizes",6,0,0,0,0,0,0,"N",1.65,0,0,0,0,0,0,"N",0,0.0,0,0,0,0,0,0,0,0,0,0,0,0
"09000","3","561790","58","0","2024","A","N","Connecticut -- Statewide","Local Government","NAICS 561790 Other services to buildings and dwellings","State, NAICS 6-digit -- by ownership sector","All establishment sizes",6,0,0,0,0,0,0,"N",1.65,0,0,0,0,0,0,"N",0,0.0,0,0,0,0,0,0,0,0,0,0,0,0
"09000","3","5619","56","0","2024","A","N","Connecticut -- Statewide","Local Government","NAICS 5619 Other support services","State, NAICS 4-digit -- by ownership sector","All establishment sizes",1,0,0,0,0,0,0,"N",0.37,0,0,0,0,0,0,"N",1,100.0,0,0,0,0,0,0,0,0,0,0,0,0
"09000","3","56199","57","0","2024","A","N","Connecticut -- Statewide","Local Government","NAICS 56199 All other support services","State, NAICS 5-digit -- by ownership sector","All establishment sizes",1,0,0,0,0,0,0,"N",0.41,0,0,0,0,0,0,"N",1,100.0,0,0,0,0,0,0,0,0,0,0,0,0
"09000","3","561990","58","0","2024","A","N","Connecticut -- Statewide","Local Government","NAICS 561990 All other support services","State, NAICS 6-digit -- by ownership sector","All establishment sizes",1,0,0,0,0,0,0,"N",0.41,0,0,0,0,0,0,"N",1,100.0,0,0,0,0,0,0,0,0,0,0,0,0
"09000","3","562","55","0","2024","A","","Connecticut -- Statewide","Local Government","NAICS 562 Waste management and remediation services","State, NAICS 3-digit -- by ownership sector","All establishment sizes",66,478,31968205,0,0,1287,66914,"",4.68,1.72,1.62,0.00,0.00,0.94,0.94,"",0,0.0,-51,-9.6,-6175343,-16.2,0,0.0,0,0.0,-99,-7.1,-5146,-7.1
"09000","3","5621","56","0","2024","A","","Connecticut -- Statewide","Local Government","NAICS 5621 Waste collection","State, NAICS 4-digit -- by ownership sector","All establishment sizes",5,14,620493,0,0,842,43800,"",1.52,0.26,0.18,0.00,0.00,0.67,0.67,"",0,0.0,-1,-6.7,-6187,-1.0,0,0.0,0,0.0,20,2.4,1072,2.5
"09000","3","56211","57","0","2024","A","","Connecticut -- Statewide","Local Government","NAICS 56211 Waste collection","State, NAICS 5-digit -- by ownership sector","All establishment sizes",5,14,620493,0,0,842,43800,"",1.52,0.26,0.18,0.00,0.00,0.67,0.67,"",0,0.0,-1,-6.7,-6187,-1.0,0,0.0,0,0.0,20,2.4,1072,2.5
"09000","3","562111","58","0","2024","A","N","Connecticut -- Statewide","Local Government","NAICS 562111 Solid waste collection","State, NAICS 6-digit -- by ownership sector","All establishment sizes",4,0,0,0,0,0,0,"N",1.31,0,0,0,0,0,0,"N",0,0.0,0,0,0,0,0,0,0,0,0,0,0,0
"09000","3","562112","58","0","2024","A","N","Connecticut -- Statewide","Local Government","NAICS 562112 Hazardous waste collection","State, NAICS 6-digit -- by ownership sector","All establishment sizes",1,0,0,0,0,0,0,"N",20.24,0,0,0,0,0,0,"N",0,0.0,0,0,0,0,0,0,0,0,0,0,0,0
"09000","3","5622","56","0","2024","A","","Connecticut -- Statewide","Local Government","NAICS 5622 Waste treatment and disposal","State, NAICS 4-digit -- by ownership sector","All establishment sizes",35,301,21249561,0,0,1358,70616,"",3.77,1.46,1.41,0.00,0.00,0.97,0.97,"",0,0.0,-50,-14.2,-6505415,-23.4,0,0.0,0,0.0,-161,-10.6,-8364,-10.6
"09000","3","56221","57","0","2024","A","","Connecticut -- Statewide","Local Government","NAICS 56221 Waste treatment and disposal","State, NAICS 5-digit -- by ownership sector","All establishment sizes",35,301,21249561,0,0,1358,70616,"",3.77,1.46,1.41,0.00,0.00,0.97,0.97,"",0,0.0,-50,-14.2,-6505415,-23.4,0,0.0,0,0.0,-161,-10.6,-8364,-10.6
"09000","3","562211","58","0","2024","A","N","Connecticut -- Statewide","Local Government","NAICS 562211 Hazardous waste treatment and disposal","State, NAICS 6-digit -- by ownership sector","All establishment sizes",1,0,0,0,0,0,0,"N",1.56,0,0,0,0,0,0,"N",0,0.0,0,0,0,0,0,0,0,0,0,0,0,0
"09000","3","562212","58","0","2024","A","","Connecticut -- Statewide","Local Government","NAICS 562212 Solid waste landfill","State, NAICS 6-digit -- by ownership sector","All establishment sizes",21,149,9553074,0,0,1233,64115,"",3.04,1.00,0.96,0.00,0.00,0.96,0.96,"",0,0.0,-3,-2.0,-48759,-0.5,0,0.0,0,0.0,20,1.6,1014,1.6
"09000","3","562213","58","0","2024","A","N","Connecticut -- Statewide","Local Government","NAICS 562213 Solid waste combustors and incinerators","State, NAICS 6-digit -- by ownership sector","All establishment sizes",1,0,0,0,0,0,0,"N",3.86,0,0,0,0,0,0,"N",0,0.0,0,0,0,0,0,0,0,0,0,0,0,0
"09000","3","562219","58","0","2024","A","","Connecticut -- Statewide","Local Government","NAICS 562219 Other nonhazardous waste treatment and disposal","State, NAICS 6-digit -- by ownership sector","All establishment sizes",12,81,5058362,0,0,1205,62642,"",8.16,2.03,1.35,0.00,0.00,0.67,0.66,"",0,0.0,-3,-3.6,-209797,-4.0,0,0.0,0,0.0,-2,-0.2,-136,-0.2
"09000","3","5629","56","0","2024","A","","Connecticut -- Statewide","Local Government","NAICS 5629 Remediation and other waste management services","State, NAICS 4-digit -- by ownership sector","All establishment sizes",26,163,10098151,0,0,1194,62079,"",16.84,9.36,8.92,0.00,0.00,0.96,0.96,"",0,0.0,0,0.0,336259,3.4,0,0.0,0,0.0,44,3.8,2282,3.8
"09000","3","56292","57","0","2024","A","N","Connecticut -- Statewide","Local Government","NAICS 56292 Materials recovery facilities","State, NAICS 5-digit -- by ownership sector","All establishment sizes",25,0,0,0,0,0,0,"N",20.87,0,0,0,0,0,0,"N",0,0.0,0,0,0,0,0,0,0,0,0,0,0,0
"09000","3","562920","58","0","2024","A","N","Connecticut -- Statewide","Local Government","NAICS 562920 Materials recovery facilities","State, NAICS 6-digit -- by ownership sector","All establishment sizes",25,0,0,0,0,0,0,"N",20.87,0,0,0,0,0,0,"N",0,0.0,0,0,0,0,0,0,0,0,0,0,0,0
"09000","3","56299","57","0","2024","A","N","Connecticut -- Statewide","Local Government","NAICS 56299 All other waste management services","State, NAICS 5-digit -- by ownership sector","All establishment sizes",1,0,0,0,0,0,0,"N",3.37,0,0,0,0,0,0,"N",0,0.0,0,0,0,0,0,0,0,0,0,0,0,0
"09000","3","562991","58","0","2024","A","N","Connecticut -- Statewide","Local Government","NAICS 562991 Septic tank and related services","State, NAICS 6-digit -- by ownership sector","All establishment sizes",1,0,0,0,0,0,0,"N",80.96,0,0,0,0,0,0,"N",0,0.0,0,0,0,0,0,0,0,0,0,0,0,0
"09000","3","61","54","0","2024","A","","Connecticut -- Statewide","Local Government","NAICS 61 Educational services","State, NAICS Sector -- by ownership sector","All establishment sizes",192,87365,6281748297,41743,460,1383,71902,"",0.23,1.01,1.04,0.00,0.00,1.03,1.03,"",-4,-2.0,275,0.3,179410352,2.9,3657,9.6,-187,-28.9,36,2.7,1833,2.6
"09000","3","611","55","0","2024","A","","Connecticut -- Statewide","Local Government","NAICS 611 Educational services","State, NAICS 3-digit -- by ownership sector","All establishment sizes",192,87365,6281748297,41743,460,1383,71902,"",0.23,1.01,1.04,0.00,0.00,1.03,1.03,"",-4,-2.0,275,0.3,179410352,2.9,3657,9.6,-187,-28.9,36,2.7,1833,2.6
"09000","3","6111","56","0","2024","A","N","Connecticut -- Statewide","Local Government","NAICS 6111 Elementary and secondary schools","State, NAICS 4-digit -- by ownership sector","All establishment sizes",190,0,0,0,0,0,0,"N",0.24,0,0,0,0,0,0,"N",-4,-2.1,0,0,0,0,0,0,0,0,0,0,0,0
"09000","3","61111","57","0","2024","A","N","Connecticut -- Statewide","Local Government","NAICS 61111 Elementary and secondary schools","State, NAICS 5-digit -- by ownership sector","All establishment sizes",190,0,0,0,0,0,0,"N",0.24,0,0,0,0,0,0,"N",-4,-2.1,0,0,0,0,0,0,0,0,0,0,0,0
"09000","3","611110","58","0","2024","A","N","Connecticut -- Statewide","Local Government","NAICS 611110 Elementary and secondary schools","State, NAICS 6-digit -- by ownership sector","All establishment sizes",190,0,0,0,0,0,0,"N",0.24,0,0,0,0,0,0,"N",-4,-2.1,0,0,0,0,0,0,0,0,0,0,0,0
"09000","3","6116","56","0","2024","A","N","Connecticut -- Statewide","Local Government","NAICS 6116 Other schools and instruction","State, NAICS 4-digit -- by ownership sector","All establishment sizes",2,0,0,0,0,0,0,"N",0.80,0,0,0,0,0,0,"N",0,0.0,0,0,0,0,0,0,0,0,0,0,0,0
"09000","3","61161","57","0","2024","A","N","Connecticut -- Statewide","Local Government","NAICS 61161 Fine arts schools","State, NAICS 5-digit -- by ownership sector","All establishment sizes",1,0,0,0,0,0,0,"N",9.00,0,0,0,0,0,0,"N",0,0.0,0,0,0,0,0,0,0,0,0,0,0,0
"09000","3","611610","58","0","2024","A","N","Connecticut -- Statewide","Local Government","NAICS 611610 Fine arts schools","State, NAICS 6-digit -- by ownership sector","All establishment sizes",1,0,0,0,0,0,0,"N",9.00,0,0,0,0,0,0,"N",0,0.0,0,0,0,0,0,0,0,0,0,0,0,0
"09000","3","61162","57","0","2024","A","N","Connecticut -- Statewide","Local Government","NAICS 61162 Sports and recreation instruction","State, NAICS 5-digit -- by ownership sector","All establishment sizes",1,0,0,0,0,0,0,"N",1.19,0,0,0,0,0,0,"N",0,0.0,0,0,0,0,0,0,0,0,0,0,0,0
"09000","3","611620","58","0","2024","A","N","Connecticut -- Statewide","Local Government","NAICS 611620 Sports and recreation instruction","State, NAICS 6-digit -- by ownership sector","All establishment sizes",1,0,0,0,0,0,0,"N",1.19,0,0,0,0,0,0,"N",0,0.0,0,0,0,0,0,0,0,0,0,0,0,0
"09000","3","62","54","0","2024","A","","Connecticut -- Statewide","Local Government","NAICS 62 Health care and social assistance","State, NAICS Sector -- by ownership sector","All establishment sizes",136,1947,89751427,189820,2278,887,46107,"",1.51,0.19,0.10,0.01,0.01,0.52,0.52,"",-1,-0.7,-24,-1.2,-5603081,-5.9,40331,27.0,-262,-10.3,-43,-4.6,-2262,-4.7
"09000","3","621","55","0","2024","A","N","Connecticut -- Statewide","Local Government","NAICS 621 Ambulatory health care services","State, NAICS 3-digit -- by ownership sector","All establishment sizes",7,0,0,0,0,0,0,"N",0.25,0,0,0,0,0,0,"N",0,0.0,0,0,0,0,0,0,0,0,0,0,0,0
"09000","3","6219","56","0","2024","A","N","Connecticut -- Statewide","Local Government","NAICS 6219 Other ambulatory health care services","State, NAICS 4-digit -- by ownership sector","All establishment sizes",7,0,0,0,0,0,0,"N",0.78,0,0,0,0,0,0,"N",0,0.0,0,0,0,0,0,0,0,0,0,0,0,0
"09000","3","62191","57","0","2024","A","N","Connecticut -- Statewide","Local Government","NAICS 62191 Ambulance services","State, NAICS 5-digit -- by ownership sector","All establishment sizes",7,0,0,0,0,0,0,"N",0.91,0,0,0,0,0,0,"N",0,0.0,0,0,0,0,0,0,0,0,0,0,0,0
"09000","3","621910","58","0","2024","A","N","Connecticut -- Statewide","Local Government","NAICS 621910 Ambulance services","State, NAICS 6-digit -- by ownership sector","All establishment sizes",7,0,0,0,0,0,0,"N",0.91,0,0,0,0,0,0,"N",0,0.0,0,0,0,0,0,0,0,0,0,0,0,0
"09000","3","623","55","0","2024","A","N","Connecticut -- Statewide","Local Government","NAICS 623 Nursing and residential care facilities","State, NAICS 3-digit -- by ownership sector","All establishment sizes",1,0,0,0,0,0,0,"N",0.11,0,0,0,0,0,0,"N",0,0.0,0,0,0,0,0,0,0,0,0,0,0,0
"09000","3","6231","56","0","2024","A","N","Connecticut -- Statewide","Local Government","NAICS 6231 Nursing care facilities (skilled nursing facilities)","State, NAICS 4-digit -- by ownership sector","All establishment sizes",1,0,0,0,0,0,0,"N",0.26,0,0,0,0,0,0,"N",0,0.0,0,0,0,0,0,0,0,0,0,0,0,0
"09000","3","62311","57","0","2024","A","N","Connecticut -- Statewide","Local Government","NAICS 62311 Nursing care facilities (skilled nursing facilities)","State, NAICS 5-digit -- by ownership sector","All establishment sizes",1,0,0,0,0,0,0,"N",0.26,0,0,0,0,0,0,"N",0,0.0,0,0,0,0,0,0,0,0,0,0,0,0
"09000","3","623110","58","0","2024","A","N","Connecticut -- Statewide","Local Government","NAICS 623110 Nursing care facilities (skilled nursing facilities)","State, NAICS 6-digit -- by ownership sector","All establishment sizes",1,0,0,0,0,0,0,"N",0.26,0,0,0,0,0,0,"N",0,0.0,0,0,0,0,0,0,0,0,0,0,0,0
"09000","3","624","55","0","2024","A","","Connecticut -- Statewide","Local Government","NAICS 624 Social assistance","State, NAICS 3-digit -- by ownership sector","All establishment sizes",128,1591,70554651,26618,320,853,44341,"",3.64,1.22,0.80,0.00,0.00,0.65,0.65,"",-1,-0.8,-39,-2.4,-5355779,-7.1,-9828,-27.0,-299,-48.3,-42,-4.7,-2218,-4.8
"09000","3","6241","56","0","2024","A","","Connecticut -- Statewide","Local Government","NAICS 6241 Individual and family services","State, NAICS 4-digit -- by ownership sector","All establishment sizes",112,1423,64567270,26618,320,873,45371,"",4.98,1.31,0.85,0.00,0.00,0.65,0.64,"",0,0.0,-47,-3.2,-5665750,-8.1,5172,24.1,-44,-12.1,-46,-5.0,-2417,-5.1
"09000","3","62411","57","0","2024","A","","Connecticut -- Statewide","Local Government","NAICS 62411 Child and youth services","State, NAICS 5-digit -- by ownership sector","All establishment sizes",5,45,1593805,0,0,686,35682,"",1.56,0.24,0.13,0.00,0.00,0.53,0.53,"",0,0.0,5,12.5,36220,2.3,0,0.0,0,0.0,-69,-9.1,-3585,-9.1
"09000","3","624110","58","0","2024","A","","Connecticut -- Statewide","Local Government","NAICS 624110 Child and youth services","State, NAICS 6-digit -- by ownership sector","All establishment sizes",5,45,1593805,0,0,686,35682,"",1.56,0.24,0.13,0.00,0.00,0.53,0.53,"",0,0.0,5,12.5,36220,2.3,0,0.0,0,0.0,-69,-9.1,-3585,-9.1
"09000","3","62412","57","0","2024","A","","Connecticut -- Statewide","Local Government","NAICS 62412 Services for the elderly and persons with disabilities","State, NAICS 5-digit -- by ownership sector","All establishment sizes",36,325,11142664,0,0,659,34259,"",3.76,1.16,0.64,0.00,0.00,0.55,0.55,"",0,0.0,1,0.3,-55456,-0.5,0,0.0,0,0.0,-6,-0.9,-303,-0.9
"09000","3","624120","58","0","2024","A","","Connecticut -- Statewide","Local Government","NAICS 624120 Services for the elderly and persons with disabilities","State, NAICS 6-digit -- by ownership sector","All establishment sizes",36,325,11142664,0,0,659,34259,"",3.76,1.16,0.64,0.00,0.00,0.55,0.55,"",0,0.0,1,0.3,-55456,-0.5,0,0.0,0,0.0,-6,-0.9,-303,-0.9
"09000","3","62419","57","0","2024","A","","Connecticut -- Statewide","Local Government","NAICS 62419 Other individual and family services","State, NAICS 5-digit -- by ownership sector","All establishment sizes",71,1053,51830801,26618,320,946,49214,"",7.31,1.71,1.12,0.01,0.01,0.65,0.65,"",0,0.0,-53,-4.8,-5646514,-9.8,5172,24.1,-44,-12.1,-53,-5.3,-2755,-5.3
"09000","3","624190","58","0","2024","A","","Connecticut -- Statewide","Local Government","NAICS 624190 Other individual and family services","State, NAICS 6-digit -- by ownership sector","All establishment sizes",71,1053,51830801,26618,320,946,49214,"",7.31,1.71,1.12,0.01,0.01,0.65,0.65,"",0,0.0,-53,-4.8,-5646514,-9.8,5172,24.1,-44,-12.1,-53,-5.3,-2755,-5.3
"09000","3","6242","56","0","2024","A","N","Connecticut -- Statewide","Local Government","NAICS 6242 Community food and housing, and emergency and other relief services","State, NAICS 4-digit -- by ownership sector","All establishment sizes",11,0,0,0,0,0,0,"N",4.50,0,0,0,0,0,0,"N",0,0.0,0,0,0,0,0,0,0,0,0,0,0,0
"09000","3","62421","57","0","2024","A","N","Connecticut -- Statewide","Local Government","NAICS 62421 Community food services","State, NAICS 5-digit -- by ownership sector","All establishment sizes",11,0,0,0,0,0,0,"N",10.86,0,0,0,0,0,0,"N",0,0.0,0,0,0,0,0,0,0,0,0,0,0,0
"09000","3","624210","58","0","2024","A","N","Connecticut -- Statewide","Local Government","NAICS 624210 Community food services","State, NAICS 6-digit -- by ownership sector","All establishment sizes",11,0,0,0,0,0,0,"N",10.86,0,0,0,0,0,0,"N",0,0.0,0,0,0,0,0,0,0,0,0,0,0,0
"09000","3","6244","56","0","2024","A","N","Connecticut -- Statewide","Local Government","NAICS 6244 Child care services","State, NAICS 4-digit -- by ownership sector","All establishment sizes",5,0,0,0,0,0,0,"N",0.64,0,0,0,0,0,0,"N",0,0.0,0,0,0,0,0,0,0,0,0,0,0,0
"09000","3","62441","57","0","2024","A","N","Connecticut -- Statewide","Local Government","NAICS 62441 Child care services","State, NAICS 5-digit -- by ownership sector","All establishment sizes",5,0,0,0,0,0,0,"N",0.64,0,0,0,0,0,0,"N",0,0.0,0,0,0,0,0,0,0,0,0,0,0,0
"09000","3","624410","58","0","2024","A","N","Connecticut -- Statewide","Local Government","NAICS 624410 Child care services","State, NAICS 6-digit -- by ownership sector","All establishment sizes",5,0,0,0,0,0,0,"N",0.64,0,0,0,0,0,0,"N",0,0.0,0,0,0,0,0,0,0,0,0,0,0,0
"09000","3","71","54","0","2024","A","N","Connecticut -- Statewide","Local Government","NAICS 71 Arts, entertainment, and recreation","State, NAICS Sector -- by ownership sector","All establishment sizes",159,0,0,0,0,0,0,"N",3.26,0,0,0,0,0,0,"N",1,0.6,0,0,0,0,0,0,0,0,0,0,0,0
"09000","3","711","55","0","2024","A","N","Connecticut -- Statewide","Local Government","NAICS 711 Performing arts, spectator sports, and related industries","State, NAICS 3-digit -- by ownership sector","All establishment sizes",1,0,0,0,0,0,0,"N",0.46,0,0,0,0,0,0,"N",0,0.0,0,0,0,0,0,0,0,0,0,0,0,0
"09000","3","7112","56","0","2024","A","N","Connecticut -- Statewide","Local Government","NAICS 7112 Spectator sports","State, NAICS 4-digit -- by ownership sector","All establishment sizes",1,0,0,0,0,0,0,"N",4.76,0,0,0,0,0,0,"N",0,0.0,0,0,0,0,0,0,0,0,0,0,0,0
"09000","3","71121","57","0","2024","A","N","Connecticut -- Statewide","Local Government","NAICS 71121 Spectator sports","State, NAICS 5-digit -- by ownership sector","All establishment sizes",1,0,0,0,0,0,0,"N",4.76,0,0,0,0,0,0,"N",0,0.0,0,0,0,0,0,0,0,0,0,0,0,0
"09000","3","711211","58","0","2024","A","N","Connecticut -- Statewide","Local Government","NAICS 711211 Sports teams and clubs","State, NAICS 6-digit -- by ownership sector","All establishment sizes",1,0,0,0,0,0,0,"N",40.48,0,0,0,0,0,0,"N",0,0.0,0,0,0,0,0,0,0,0,0,0,0,0
"09000","3","712","55","0","2024","A","N","Connecticut -- Statewide","Local Government","NAICS 712 Museums, historical sites, and similar institutions","State, NAICS 3-digit -- by ownership sector","All establishment sizes",1,0,0,0,0,0,0,"N",0.11,0,0,0,0,0,0,"N",0,0.0,0,0,0,0,0,0,0,0,0,0,0,0
"09000","3","7121","56","0","2024","A","N","Connecticut -- Statewide","Local Government","NAICS 7121 Museums, historical sites, and similar institutions","State, NAICS 4-digit -- by ownership sector","All establishment sizes",1,0,0,0,0,0,0,"N",0.11,0,0,0,0,0,0,"N",0,0.0,0,0,0,0,0,0,0,0,0,0,0,0
"09000","3","71211","57","0","2024","A","N","Connecticut -- Statewide","Local Government","NAICS 71211 Museums","State, NAICS 5-digit -- by ownership sector","All establishment sizes",1,0,0,0,0,0,0,"N",0.48,0,0,0,0,0,0,"N",0,0.0,0,0,0,0,0,0,0,0,0,0,0,0
"09000","3","712110","58","0","2024","A","N","Connecticut -- Statewide","Local Government","NAICS 712110 Museums","State, NAICS 6-digit -- by ownership sector","All establishment sizes",1,0,0,0,0,0,0,"N",0.48,0,0,0,0,0,0,"N",0,0.0,0,0,0,0,0,0,0,0,0,0,0,0
"09000","3","713","55","0","2024","A","","Connecticut -- Statewide","Local Government","NAICS 713 Amusement, gambling, and recreation industries","State, NAICS 3-digit -- by ownership sector","All establishment sizes",157,5535,160710928,1896249,42065,558,29033,"",4.18,1.99,1.24,0.09,0.16,0.63,0.63,"",1,0.6,299,5.7,-788150,-0.5,605114,46.9,9361,28.6,-35,-5.9,-1810,-5.9
"09000","3","7139","56","0","2024","A","","Connecticut -- Statewide","Local Government","NAICS 7139 Other amusement and recreation industries","State, NAICS 4-digit -- by ownership sector","All establishment sizes",157,5535,160710928,1896249,42065,558,29033,"",4.76,3.57,3.08,0.45,0.83,0.86,0.86,"",1,0.6,299,5.7,-788150,-0.5,605114,46.9,9361,28.6,-35,-5.9,-1810,-5.9
"09000","3","71391","57","0","2024","A","","Connecticut -- Statewide","Local Government","NAICS 71391 Golf courses and country clubs","State, NAICS 5-digit -- by ownership sector","All establishment sizes",12,325,10157744,1726243,40108,601,31231,"",4.12,3.78,4.01,3.38,5.76,1.06,1.06,"",0,0.0,14,4.5,611021,6.4,544205,46.0,9257,30.0,11,1.9,567,1.8
"09000","3","713910","58","0","2024","A","","Connecticut -- Statewide","Local Government","NAICS 713910 Golf courses and country clubs","State, NAICS 6-digit -- by ownership sector","All establishment sizes",12,325,10157744,1726243,40108,601,31231,"",4.12,3.78,4.01,3.38,5.76,1.06,1.06,"",0,0.0,14,4.5,611021,6.4,544205,46.0,9257,30.0,11,1.9,567,1.8
"09000","3","71394","57","0","2024","A","","Connecticut -- Statewide","Local Government","NAICS 71394 Fitness and recreational sports centers","State, NAICS 5-digit -- by ownership sector","All establishment sizes",8,54,1066830,105597,1248,383,19910,"",0.56,0.09,0.06,0.07,0.06,0.69,0.69,"",0,0.0,8,17.4,105215,10.9,37233,54.5,87,7.5,-18,-4.5,-919,-4.4
"09000","3","713940","58","0","2024","A","","Connecticut -- Statewide","Local Government","NAICS 713940 Fitness and recreational sports centers","State, NAICS 6-digit -- by ownership sector","All establishment sizes",8,54,1066830,105597,1248,383,19910,"",0.56,0.09,0.06,0.07,0.06,0.69,0.69,"",0,0.0,8,17.4,105215,10.9,37233,54.5,87,7.5,-18,-4.5,-919,-4.4
"09000","3","71399","57","0","2024","A","","Connecticut -- Statewide","Local Government","NAICS 71399 All other amusement and recreation industries","State, NAICS 5-digit -- by ownership sector","All establishment sizes",137,5157,149486354,64409,709,557,28989,"",8.97,6.22,4.82,0.03,0.03,0.77,0.77,"",1,0.7,278,5.7,-1504386,-1.0,23676,58.1,17,2.5,-38,-6.4,-1960,-6.3
"09000","3","713990","58","0","2024","A","","Connecticut -- Statewide","Local Government","NAICS 713990 All other amusement and recreation industries","State, NAICS 6-digit -- by ownership sector","All establishment sizes",137,5157,149486354,64409,709,557,28989,"",8.97,6.22,4.82,0.03,0.03,0.77,0.77,"",1,0.7,278,5.7,-1504386,-1.0,23676,58.1,17,2.5,-38,-6.4,-1960,-6.3
"09000","3","72","54","0","2024","A","N","Connecticut -- Statewide","Local Government","NAICS 72 Accommodation and food services","State, NAICS Sector -- by ownership sector","All establishment sizes",9,0,0,0,0,0,0,"N",1.03,0,0,0,0,0,0,"N",-1,-10.0,0,0,0,0,0,0,0,0,0,0,0,0
"09000","3","721","55","0","2024","A","N","Connecticut -- Statewide","Local Government","NAICS 721 Accommodation","State, NAICS 3-digit -- by ownership sector","All establishment sizes",2,0,0,0,0,0,0,"N",0.87,0,0,0,0,0,0,"N",0,0.0,0,0,0,0,0,0,0,0,0,0,0,0
"09000","3","7211","56","0","2024","A","N","Connecticut -- Statewide","Local Government","NAICS 7211 Traveler accommodation","State, NAICS 4-digit -- by ownership sector","All establishment sizes",2,0,0,0,0,0,0,"N",1.11,0,0,0,0,0,0,"N",0,0.0,0,0,0,0,0,0,0,0,0,0,0,0
"09000","3","72112","57","0","2024","A","N","Connecticut -- Statewide","Local Government","NAICS 72112 Casino hotels","State, NAICS 5-digit -- by ownership sector","All establishment sizes",2,0,0,0,0,0,0,"N",1.53,0,0,0,0,0,0,"N",0,0.0,0,0,0,0,0,0,0,0,0,0,0,0
"09000","3","721120","58","0","2024","A","N","Connecticut -- Statewide","Local Government","NAICS 721120 Casino hotels","State, NAICS 6-digit -- by ownership sector","All establishment sizes",2,0,0,0,0,0,0,"N",1.53,0,0,0,0,0,0,"N",0,0.0,0,0,0,0,0,0,0,0,0,0,0,0
"09000","3","722","55","0","2024","A","","Connecticut -- Statewide","Local Government","NAICS 722 Food services and drinking places","State, NAICS 3-digit -- by ownership sector","All establishment sizes",7,125,3318959,0,0,511,26569,"",1.08,1.02,0.73,0.00,0.00,0.71,0.71,"",-1,-12.5,-43,-25.6,-1054366,-24.1,0,0.0,0,0.0,10,2.0,499,1.9
"09000","3","7223","56","0","2024","A","N","Connecticut -- Statewide","Local Government","NAICS 7223 Special food services","State, NAICS 4-digit -- by ownership sector","All establishment sizes",1,0,0,0,0,0,0,"N",0.46,0,0,0,0,0,0,"N",0,0.0,0,0,0,0,0,0,0,0,0,0,0,0
"09000","3","72231","57","0","2024","A","N","Connecticut -- Statewide","Local Government","NAICS 72231 Food service contractors","State, NAICS 5-digit -- by ownership sector","All establishment sizes",1,0,0,0,0,0,0,"N",0.47,0,0,0,0,0,0,"N",0,0.0,0,0,0,0,0,0,0,0,0,0,0,0
"09000","3","722310","58","0","2024","A","N","Connecticut -- Statewide","Local Government","NAICS 722310 Food service contractors","State, NAICS 6-digit -- by ownership sector","All establishment sizes",1,0,0,0,0,0,0,"N",0.47,0,0,0,0,0,0,"N",0,0.0,0,0,0,0,0,0,0,0,0,0,0,0
"09000","3","7225","56","0","2024","A","N","Connecticut -- Statewide","Local Government","NAICS 7225 Restaurants and other eating places","State, NAICS 4-digit -- by ownership sector","All establishment sizes",6,0,0,0,0,0,0,"N",1.48,0,0,0,0,0,0,"N",-1,-14.3,0,0,0,0,0,0,0,0,0,0,0,0
"09000","3","72251","57","0","2024","A","N","Connecticut -- Statewide","Local Government","NAICS 72251 Restaurants and other eating places","State, NAICS 5-digit -- by ownership sector","All establishment sizes",6,0,0,0,0,0,0,"N",1.48,0,0,0,0,0,0,"N",-1,-14.3,0,0,0,0,0,0,0,0,0,0,0,0
"09000","3","722514","58","0","2024","A","N","Connecticut -- Statewide","Local Government","NAICS 722514 Cafeterias, grill buffets, and buffets","State, NAICS 6-digit -- by ownership sector","All establishment sizes",6,0,0,0,0,0,0,"N",1.68,0,0,0,0,0,0,"N",-1,-14.3,0,0,0,0,0,0,0,0,0,0,0,0
"09000","3","81","54","0","2024","A","","Connecticut -- Statewide","Local Government","NAICS 81 Other services (except public administration)","State, NAICS Sector -- by ownership sector","All establishment sizes",13,74,4308521,237420,2613,1117,58092,"",0.50,0.20,0.17,0.12,0.08,0.84,0.84,"N",0,0.0,0,0,0,0,0,0,0,0,0,0,0,0
"09000","3","811","55","0","2024","A","N","Connecticut -- Statewide","Local Government","NAICS 811 Repair and maintenance","State, NAICS 3-digit -- by ownership sector","All establishment sizes",4,0,0,0,0,0,0,"N",0.54,0,0,0,0,0,0,"N",0,0.0,0,0,0,0,0,0,0,0,0,0,0,0
"09000","3","8111","56","0","2024","A","N","Connecticut -- Statewide","Local Government","NAICS 8111 Automotive repair and maintenance","State, NAICS 4-digit -- by ownership sector","All establishment sizes",4,0,0,0,0,0,0,"N",0.59,0,0,0,0,0,0,"N",0,0.0,0,0,0,0,0,0,0,0,0,0,0,0
"09000","3","81111","57","0","2024","A","N","Connecticut -- Statewide","Local Government","NAICS 81111 Automotive mechanical and electrical repair and maintenance","State, NAICS 5-digit -- by ownership sector","All establishment sizes",4,0,0,0,0,0,0,"N",0.60,0,0,0,0,0,0,"N",0,0.0,0,0,0,0,0,0,0,0,0,0,0,0
"09000","3","811111","58","0","2024","A","N","Connecticut -- Statewide","Local Government","NAICS 811111 General automotive repair","State, NAICS 6-digit -- by ownership sector","All establishment sizes",4,0,0,0,0,0,0,"N",0.60,0,0,0,0,0,0,"N",0,0.0,0,0,0,0,0,0,0,0,0,0,0,0
"09000","3","812","55","0","2024","A","","Connecticut -- Statewide","Local Government","NAICS 812 Personal and laundry services","State, NAICS 3-digit -- by ownership sector","All establishment sizes",8,39,1540594,233340,2567,763,39672,"",0.63,0.48,0.34,0.59,0.40,0.71,0.71,"",0,0.0,4,11.4,183559,13.5,57948,33.0,-414,-13.9,14,1.9,714,1.8
"09000","3","8122","56","0","2024","A","","Connecticut -- Statewide","Local Government","NAICS 8122 Death care services","State, NAICS 4-digit -- by ownership sector","All establishment sizes",5,22,888023,0,0,785,40829,"",0.57,0.78,0.73,0.00,0.00,0.94,0.94,"",0,0.0,5,29.4,150463,20.4,0,0.0,0,0.0,-75,-8.7,-3872,-8.7
"09000","3","81222","57","0","2024","A","","Connecticut -- Statewide","Local Government","NAICS 81222 Cemeteries and crematories","State, NAICS 5-digit -- by ownership sector","All establishment sizes",5,22,888023,0,0,785,40829,"",0.57,0.79,0.73,0.00,0.00,0.94,0.94,"",0,0.0,5,29.4,150463,20.4,0,0.0,0,0.0,-75,-8.7,-3872,-8.7
"09000","3","812220","58","0","2024","A","","Connecticut -- Statewide","Local Government","NAICS 812220 Cemeteries and crematories","State, NAICS 6-digit -- by ownership sector","All establishment sizes",5,22,888023,0,0,785,40829,"",0.57,0.79,0.73,0.00,0.00,0.94,0.94,"",0,0.0,5,29.4,150463,20.4,0,0.0,0,0.0,-75,-8.7,-3872,-8.7
"09000","3","8129","56","0","2024","A","","Connecticut -- Statewide","Local Government","NAICS 8129 Other personal services","State, NAICS 4-digit -- by ownership sector","All establishment sizes",3,17,652571,233340,2567,735,38199,"",0.81,0.34,0.20,1.23,1.00,0.60,0.60,"",0,0.0,-1,-5.6,33096,5.3,57948,33.0,-414,-13.9,85,13.1,4409,13.0
"09000","3","81293","57","0","2024","A","","Connecticut -- Statewide","Local Government","NAICS 81293 Parking lots and garages","State, NAICS 5-digit -- by ownership sector","All establishment sizes",3,17,652571,233340,2567,735,38199,"",3.42,0.58,0.32,2.95,1.94,0.54,0.54,"",0,0.0,-1,-5.6,33096,5.3,57948,33.0,-414,-13.9,85,13.1,4409,13.0
"09000","3","812930","58","0","2024","A","","Connecticut -- Statewide","Local Government","NAICS 812930 Parking lots and garages","State, NAICS 6-digit -- by ownership sector","All establishment sizes",3,17,652571,233340,2567,735,38199,"",3.42,0.58,0.32,2.95,1.94,0.54,0.54,"",0,0.0,-1,-5.6,33096,5.3,57948,33.0,-414,-13.9,85,13.1,4409,13.0
"09000","3","813","55","0","2024","A","N","Connecticut -- Statewide","Local Government","NAICS 813 Religious, grantmaking, civic, professional, and similar organizations","State, NAICS 3-digit -- by ownership sector","All establishment sizes",1,0,0,0,0,0,0,"N",0.17,0,0,0,0,0,0,"N",0,0.0,0,0,0,0,0,0,0,0,0,0,0,0
"09000","3","8139","56","0","2024","A","N","Connecticut -- Statewide","Local Government","NAICS 8139 Business, professional, labor, political, and similar organizations","State, NAICS 4-digit -- by ownership sector","All establishment sizes",1,0,0,0,0,0,0,"N",0.46,0,0,0,0,0,0,"N",0,0.0,0,0,0,0,0,0,0,0,0,0,0,0
"09000","3","81393","57","0","2024","A","N","Connecticut -- Statewide","Local Government","NAICS 81393 Labor unions and similar labor organizations","State, NAICS 5-digit -- by ownership sector","All establishment sizes",1,0,0,0,0,0,0,"N",9.00,0,0,0,0,0,0,"N",0,0.0,0,0,0,0,0,0,0,0,0,0,0,0
"09000","3","813930","58","0","2024","A","N","Connecticut -- Statewide","Local Government","NAICS 813930 Labor unions and similar labor organizations","State, NAICS 6-digit -- by ownership sector","All establishment sizes",1,0,0,0,0,0,0,"N",9.00,0,0,0,0,0,0,"N",0,0.0,0,0,0,0,0,0,0,0,0,0,0,0
"09000","3","92","54","0","2024","A","","Connecticut -- Statewide","Local Government","NAICS 92 Public administration","State, NAICS Sector -- by ownership sector","All establishment sizes",1090,26778,2381481073,43440845,681762,1710,88933,"",1.39,0.57,0.59,0.21,0.46,1.04,1.04,"",0,0.0,1073,4.2,136979296,6.1,15857460,57.5,110952,19.4,31,1.8,1614,1.8
"09000","3","921","55","0","2024","A","","Connecticut -- Statewide","Local Government","NAICS 921 Executive, legislative, and other general government support","State, NAICS 3-digit -- by ownership sector","All establishment sizes",392,8381,530663626,2873882,35917,1218,63321,"",0.86,0.27,0.22,0.02,0.03,0.83,0.83,"",3,0.8,757,9.9,35286863,7.1,738297,34.6,-881,-2.4,-32,-2.6,-1655,-2.5
"09000","3","9211","56","0","2024","A","","Connecticut -- Statewide","Local Government","NAICS 9211 Executive, legislative, and other general government support","State, NAICS 4-digit -- by ownership sector","All establishment sizes",392,8381,530663626,2873882,35917,1218,63321,"",0.86,0.27,0.22,0.02,0.03,0.83,0.83,"",3,0.8,757,9.9,35286863,7.1,738297,34.6,-881,-2.4,-32,-2.6,-1655,-2.5
"09000","3","92111","57","0","2024","A","N","Connecticut -- Statewide","Local Government","NAICS 92111 Executive offices","State, NAICS 5-digit -- by ownership sector","All establishment sizes",1,0,0,0,0,0,0,"N",0.02,0,0,0,0,0,0,"N",0,0.0,0,0,0,0,0,0,0,0,0,0,0,0
"09000","3","921110","58","0","2024","A","N","Connecticut -- Statewide","Local Government","NAICS 921110 Executive offices","State, NAICS 6-digit -- by ownership sector","All establishment sizes",1,0,0,0,0,0,0,"N",0.02,0,0,0,0,0,0,"N",0,0.0,0,0,0,0,0,0,0,0,0,0,0,0
"09000","3","92113","57","0","2024","A","","Connecticut -- Statewide","Local Government","NAICS 92113 Public finance activities","State, NAICS 5-digit -- by ownership sector","All establishment sizes",147,1741,137795932,344896,3792,1522,79151,"",4.60,2.16,1.97,0.19,0.23,0.91,0.91,"",0,0.0,73,4.4,8053243,6.2,101032,41.4,-354,-8.5,26,1.7,1368,1.8
"09000","3","921130","58","0","2024","A","","Connecticut -- Statewide","Local Government","NAICS 921130 Public finance activities","State, NAICS 6-digit -- by ownership sector","All establishment sizes",147,1741,137795932,344896,3792,1522,79151,"",4.60,2.16,1.97,0.19,0.23,0.91,0.91,"",0,0.0,73,4.4,8053243,6.2,101032,41.4,-354,-8.5,26,1.7,1368,1.8
"09000","3","92114","57","0","2024","A","","Connecticut -- Statewide","Local Government","NAICS 92114 Executive and legislative offices, combined","State, NAICS 5-digit -- by ownership sector","All establishment sizes",4,56,2207360,857713,13359,755,39242,"",0.02,0.00,0.00,0.01,0.03,0.52,0.52,"",0,0.0,2,3.7,192463,9.6,221602,34.8,2051,18.1,32,4.4,1639,4.4
"09000","3","921140","58","0","2024","A","","Connecticut -- Statewide","Local Government","NAICS 921140 Executive and legislative offices, combined","State, NAICS 6-digit -- by ownership sector","All establishment sizes",4,56,2207360,857713,13359,755,39242,"",0.02,0.00,0.00,0.01,0.03,0.52,0.52,"",0,0.0,2,3.7,192463,9.6,221602,34.8,2051,18.1,32,4.4,1639,4.4
"09000","3","92115","57","0","2024","A","N","Connecticut -- Statewide","Local Government","NAICS 92115 American indian and alaska native tribal governments","State, NAICS 5-digit -- by ownership sector","All establishment sizes",2,0,0,0,0,0,0,"N",0.14,0,0,0,0,0,0,"N",0,0.0,0,0,0,0,0,0,0,0,0,0,0,0
"09000","3","921150","58","0","2024","A","N","Connecticut -- Statewide","Local Government","NAICS 921150 American indian and alaska native tribal governments","State, NAICS 6-digit -- by ownership sector","All establishment sizes",2,0,0,0,0,0,0,"N",0.14,0,0,0,0,0,0,"N",0,0.0,0,0,0,0,0,0,0,0,0,0,0,0
"09000","3","92119","57","0","2024","A","","Connecticut -- Statewide","Local Government","NAICS 92119 Other general government support","State, NAICS 5-digit -- by ownership sector","All establishment sizes",238,5647,307627596,1174178,13297,1048,54480,"",4.02,1.58,1.11,0.06,0.17,0.70,0.70,"",3,1.3,679,13.7,23273456,8.2,312238,36.2,-1355,-9.2,-53,-4.8,-2757,-4.8
"09000","3","921190","58","0","2024","A","","Connecticut -- Statewide","Local Government","NAICS 921190 Other general government support","State, NAICS 6-digit -- by ownership sector","All establishment sizes",238,5647,307627596,1174178,13297,1048,54480,"",4.02,1.58,1.11,0.06,0.17,0.70,0.70,"",3,1.3,679,13.7,23273456,8.2,312238,36.2,-1355,-9.2,-53,-4.8,-2757,-4.8
"09000","3","922","55","0","2024","A","","Connecticut -- Statewide","Local Government","NAICS 922 Justice, public order, and safety activities","State, NAICS 3-digit -- by ownership sector","All establishment sizes",372,14508,1588952689,11942292,155407,2106,109525,"",2.23,1.38,1.35,0.48,0.84,0.98,0.98,"",0,0.0,314,2.2,97029306,6.5,4088425,52.1,8053,5.5,85,4.2,4413,4.2
"09000","3","9221","56","0","2024","A","","Connecticut -- Statewide","Local Government","NAICS 9221 Justice, public order, and safety activities","State, NAICS 4-digit -- by ownership sector","All establishment sizes",372,14508,1588952689,11942292,155407,2106,109525,"",2.23,1.38,1.35,0.48,0.84,0.98,0.98,"",0,0.0,314,2.2,97029306,6.5,4088425,52.1,8053,5.5,85,4.2,4413,4.2
"09000","3","92211","57","0","2024","A","N","Connecticut -- Statewide","Local Government","NAICS 92211 Courts","State, NAICS 5-digit -- by ownership sector","All establishment sizes",60,0,0,0,0,0,0,"N",2.54,0,0,0,0,0,0,"N",0,0.0,0,0,0,0,0,0,0,0,0,0,0,0
"09000","3","922110","58","0","2024","A","N","Connecticut -- Statewide","Local Government","NAICS 922110 Courts","State, NAICS 6-digit -- by ownership sector","All establishment sizes",60,0,0,0,0,0,0,"N",2.54,0,0,0,0,0,0,"N",0,0.0,0,0,0,0,0,0,0,0,0,0,0,0
"09000","3","92212","57","0","2024","A","","Connecticut -- Statewide","Local Government","NAICS 92212 Police protection","State, NAICS 5-digit -- by ownership sector","All establishment sizes",158,9117,1029624100,124302,1487,2172,112931,"",3.62,1.97,2.05,0.02,0.03,1.04,1.04,"",-2,-1.2,142,1.6,49338810,5.0,33359,36.7,-58,-3.8,72,3.4,3707,3.4
"09000","3","922120","58","0","2024","A","","Connecticut -- Statewide","Local Government","NAICS 922120 Police protection","State, NAICS 6-digit -- by ownership sector","All establishment sizes",158,9117,1029624100,124302,1487,2172,112931,"",3.62,1.97,2.05,0.02,0.03,1.04,1.04,"",-2,-1.2,142,1.6,49338810,5.0,33359,36.7,-58,-3.8,72,3.4,3707,3.4
"09000","3","92216","57","0","2024","A","","Connecticut -- Statewide","Local Government","NAICS 92216 Fire protection","State, NAICS 5-digit -- by ownership sector","All establishment sizes",150,5063,541301842,4097401,46637,2056,106915,"",2.25,2.07,1.91,0.30,0.45,0.92,0.92,"",0,0.0,173,3.5,46593654,9.4,1115079,37.4,-6332,-12.0,111,5.7,5753,5.7
"09000","3","922160","58","0","2024","A","","Connecticut -- Statewide","Local Government","NAICS 922160 Fire protection","State, NAICS 6-digit -- by ownership sector","All establishment sizes",150,5063,541301842,4097401,46637,2056,106915,"",2.25,2.07,1.91,0.30,0.45,0.92,0.92,"",0,0.0,173,3.5,46593654,9.4,1115079,37.4,-6332,-12.0,111,5.7,5753,5.7
"09000","3","92219","57","0","2024","A","N","Connecticut -- Statewide","Local Government","NAICS 92219 Other justice, public order, and safety activities","State, NAICS 5-digit -- by ownership sector","All establishment sizes",3,0,0,0,0,0,0,"N",0.32,0,0,0,0,0,0,"N",0,0.0,0,0,0,0,0,0,0,0,0,0,0,0
"09000","3","922190","58","0","2024","A","N","Connecticut -- Statewide","Local Government","NAICS 922190 Other justice, public order, and safety activities","State, NAICS 6-digit -- by ownership sector","All establishment sizes",3,0,0,0,0,0,0,"N",0.32,0,0,0,0,0,0,"N",0,0.0,0,0,0,0,0,0,0,0,0,0,0,0
"09000","3","923","55","0","2024","A","","Connecticut -- Statewide","Local Government","NAICS 923 Administration of human resource programs","State, NAICS 3-digit -- by ownership sector","All establishment sizes",66,1305,84578310,2364808,47574,1246,64794,"",2.37,0.53,0.39,0.40,0.92,0.73,0.73,"",1,1.5,-51,-3.8,-4168211,-4.7,731671,44.8,18905,65.9,-13,-1.0,-669,-1.0
"09000","3","9231","56","0","2024","A","","Connecticut -- Statewide","Local Government","NAICS 9231 Administration of human resource programs","State, NAICS 4-digit -- by ownership sector","All establishment sizes",66,1305,84578310,2364808,47574,1246,64794,"",2.37,0.53,0.39,0.40,0.92,0.73,0.73,"",1,1.5,-51,-3.8,-4168211,-4.7,731671,44.8,18905,65.9,-13,-1.0,-669,-1.0
"09000","3","92312","57","0","2024","A","N","Connecticut -- Statewide","Local Government","NAICS 92312 Administration of public health programs","State, NAICS 5-digit -- by ownership sector","All establishment sizes",64,0,0,0,0,0,0,"N",4.31,0,0,0,0,0,0,"N",1,1.6,0,0,0,0,0,0,0,0,0,0,0,0
"09000","3","923120","58","0","2024","A","N","Connecticut -- Statewide","Local Government","NAICS 923120 Administration of public health programs","State, NAICS 6-digit -- by ownership sector","All establishment sizes",64,0,0,0,0,0,0,"N",4.31,0,0,0,0,0,0,"N",1,1.6,0,0,0,0,0,0,0,0,0,0,0,0
"09000","3","92313","57","0","2024","A","N","Connecticut -- Statewide","Local Government","NAICS 92313 Administration of human resource programs (except education, public health, and veterans' affairs programs)","State, NAICS 5-digit -- by ownership sector","All establishment sizes",2,0,0,0,0,0,0,"N",0.30,0,0,0,0,0,0,"N",0,0.0,0,0,0,0,0,0,0,0,0,0,0,0
"09000","3","923130","58","0","2024","A","N","Connecticut -- Statewide","Local Government","NAICS 923130 Administration of human resource programs (except education, public health, and veterans' affairs programs)","State, NAICS 6-digit -- by ownership sector","All establishment sizes",2,0,0,0,0,0,0,"N",0.30,0,0,0,0,0,0,"N",0,0.0,0,0,0,0,0,0,0,0,0,0,0,0
"09000","3","924","55","0","2024","A","","Connecticut -- Statewide","Local Government","NAICS 924 Administration of environmental quality programs","State, NAICS 3-digit -- by ownership sector","All establishment sizes",27,203,13784413,1255204,36158,1305,67848,"",0.52,0.17,0.15,0.30,0.76,0.83,0.83,"",0,0.0,2,1.0,-632892,-4.4,430307,52.2,19667,119.3,-78,-5.6,-4059,-5.6
"09000","3","9241","56","0","2024","A","","Connecticut -- Statewide","Local Government","NAICS 9241 Administration of environmental quality programs","State, NAICS 4-digit -- by ownership sector","All establishment sizes",27,203,13784413,1255204,36158,1305,67848,"",0.52,0.17,0.15,0.30,0.76,0.83,0.83,"",0,0.0,2,1.0,-632892,-4.4,430307,52.2,19667,119.3,-78,-5.6,-4059,-5.6
"09000","3","92411","57","0","2024","A","","Connecticut -- Statewide","Local Government","NAICS 92411 Administration of air and water resource and solid waste management programs","State, NAICS 5-digit -- by ownership sector","All establishment sizes",18,117,9992273,789553,20765,1644,85465,"",0.87,0.18,0.15,0.50,1.29,0.83,0.83,"",0,0.0,-4,-3.3,-670597,-6.3,220189,38.7,11084,114.5,-50,-3.0,-2597,-2.9
"09000","3","924110","58","0","2024","A","","Connecticut -- Statewide","Local Government","NAICS 924110 Administration of air and water resource and solid waste management programs","State, NAICS 6-digit -- by ownership sector","All establishment sizes",18,117,9992273,789553,20765,1644,85465,"",0.87,0.18,0.15,0.50,1.29,0.83,0.83,"",0,0.0,-4,-3.3,-670597,-6.3,220189,38.7,11084,114.5,-50,-3.0,-2597,-2.9
"09000","3","92412","57","0","2024","A","","Connecticut -- Statewide","Local Government","NAICS 92412 Administration of conservation programs","State, NAICS 5-digit -- by ownership sector","All establishment sizes",9,86,3792140,465651,15393,846,43967,"",0.29,0.17,0.14,0.18,0.49,0.82,0.82,"",0,0.0,7,8.9,37705,1.0,210118,82.2,8583,126.0,-63,-6.9,-3308,-7.0
"09000","3","924120","58","0","2024","A","","Connecticut -- Statewide","Local Government","NAICS 924120 Administration of conservation programs","State, NAICS 6-digit -- by ownership sector","All establishment sizes",9,86,3792140,465651,15393,846,43967,"",0.29,0.17,0.14,0.18,0.49,0.82,0.82,"",0,0.0,7,8.9,37705,1.0,210118,82.2,8583,126.0,-63,-6.9,-3308,-7.0
"09000","3","925","55","0","2024","A","","Connecticut -- Statewide","Local Government","NAICS 925 Administration of housing programs, urban planning, and community development","State, NAICS 3-digit -- by ownership sector","All establishment sizes",95,1056,75113727,17632446,297393,1368,71130,"",2.06,1.15,1.00,1.60,2.93,0.87,0.87,"",-2,-2.1,17,1.6,4687064,6.7,6828499,63.2,30975,11.6,65,5.0,3358,5.0
"09000","3","9251","56","0","2024","A","","Connecticut -- Statewide","Local Government","NAICS 9251 Administration of housing programs, urban planning, and community development","State, NAICS 4-digit -- by ownership sector","All establishment sizes",95,1056,75113727,17632446,297393,1368,71130,"",2.06,1.15,1.00,1.60,2.93,0.87,0.87,"",-2,-2.1,17,1.6,4687064,6.7,6828499,63.2,30975,11.6,65,5.0,3358,5.0
"09000","3","92511","57","0","2024","A","","Connecticut -- Statewide","Local Government","NAICS 92511 Administration of housing programs","State, NAICS 5-digit -- by ownership sector","All establishment sizes",51,695,46839725,14292006,260641,1296,67395,"",1.72,1.24,0.98,1.69,3.63,0.79,0.79,"",-2,-3.8,2,0.3,2593311,5.9,5336814,59.6,25651,10.9,69,5.6,3578,5.6
"09000","3","925110","58","0","2024","A","","Connecticut -- Statewide","Local Government","NAICS 925110 Administration of housing programs","State, NAICS 6-digit -- by ownership sector","All establishment sizes",51,695,46839725,14292006,260641,1296,67395,"",1.72,1.24,0.98,1.69,3.63,0.79,0.79,"",-2,-3.8,2,0.3,2593311,5.9,5336814,59.6,25651,10.9,69,5.6,3578,5.6
"09000","3","92512","57","0","2024","A","","Connecticut -- Statewide","Local Government","NAICS 92512 Administration of urban planning and community and rural development","State, NAICS 5-digit -- by ownership sector","All establishment sizes",44,361,28274002,3340440,36752,1506,78321,"",2.67,1.01,1.04,1.31,1.24,1.03,1.03,"",0,0.0,15,4.3,2093753,8.0,1491685,80.7,5324,16.9,50,3.4,2619,3.5
"09000","3","925120","58","0","2024","A","","Connecticut -- Statewide","Local Government","NAICS 925120 Administration of urban planning and community and rural development","State, NAICS 6-digit -- by ownership sector","All establishment sizes",44,361,28274002,3340440,36752,1506,78321,"",2.67,1.01,1.04,1.31,1.24,1.03,1.03,"",0,0.0,15,4.3,2093753,8.0,1491685,80.7,5324,16.9,50,3.4,2619,3.5
"09000","3","926","55","0","2024","A","","Connecticut -- Statewide","Local Government","NAICS 926 Administration of economic programs","State, NAICS 3-digit -- by ownership sector","All establishment sizes",139,1326,88388308,7372213,109313,1282,66675,"",3.95,1.71,1.15,1.94,2.15,0.68,0.68,"",-2,-1.4,34,2.6,4777166,5.7,3040261,70.2,34233,45.6,37,3.0,1935,3.0
"09000","3","9261","56","0","2024","A","","Connecticut -- Statewide","Local Government","NAICS 9261 Administration of economic programs","State, NAICS 4-digit -- by ownership sector","All establishment sizes",139,1326,88388308,7372213,109313,1282,66675,"",3.95,1.71,1.15,1.94,2.15,0.68,0.68,"",-2,-1.4,34,2.6,4777166,5.7,3040261,70.2,34233,45.6,37,3.0,1935,3.0
"09000","3","92611","57","0","2024","A","","Connecticut -- Statewide","Local Government","NAICS 92611 Administration of general economic programs","State, NAICS 5-digit -- by ownership sector","All establishment sizes",5,12,1043571,13373,147,1649,85773,"",0.65,0.08,0.08,0.01,0.01,0.91,0.91,"N",0,0.0,0,0,0,0,0,0,0,0,0,0,0,0
"09000","3","926110","58","0","2024","A","","Connecticut -- Statewide","Local Government","NAICS 926110 Administration of general economic programs","State, NAICS 6-digit -- by ownership sector","All establishment sizes",5,12,1043571,13373,147,1649,85773,"",0.65,0.08,0.08,0.01,0.01,0.91,0.91,"N",0,0.0,0,0,0,0,0,0,0,0,0,0,0,0
"09000","3","92612","57","0","2024","A","","Connecticut -- Statewide","Local Government","NAICS 92612 Regulation and administration of transportation programs","State, NAICS 5-digit -- by ownership sector","All establishment sizes",11,374,22261911,7116925,106486,1146,59604,"",2.17,1.26,0.65,5.39,5.05,0.52,0.52,"",-1,-8.3,35,10.3,2469547,12.5,3021705,73.8,35430,49.9,24,2.1,1277,2.2
"09000","3","926120","58","0","2024","A","","Connecticut -- Statewide","Local Government","NAICS 926120 Regulation and administration of transportation programs","State, NAICS 6-digit -- by ownership sector","All establishment sizes",11,374,22261911,7116925,106486,1146,59604,"",2.17,1.26,0.65,5.39,5.05,0.52,0.52,"",-1,-8.3,35,10.3,2469547,12.5,3021705,73.8,35430,49.9,24,2.1,1277,2.2
"09000","3","92613","57","0","2024","A","N","Connecticut -- Statewide","Local Government","NAICS 92613 Regulation and administration of communications, electric, gas, and other utilities","State, NAICS 5-digit -- by ownership sector","All establishment sizes",2,0,0,0,0,0,0,"N",0.36,0,0,0,0,0,0,"N",-1,-33.3,0,0,0,0,0,0,0,0,0,0,0,0
"09000","3","926130","58","0","2024","A","N","Connecticut -- Statewide","Local Government","NAICS 926130 Regulation and administration of communications, electric, gas, and other utilities","State, NAICS 6-digit -- by ownership sector","All establishment sizes",2,0,0,0,0,0,0,"N",0.36,0,0,0,0,0,0,"N",-1,-33.3,0,0,0,0,0,0,0,0,0,0,0,0
"09000","3","92614","57","0","2024","A","N","Connecticut -- Statewide","Local Government","NAICS 92614 Regulation of agricultural marketing and commodities","State, NAICS 5-digit -- by ownership sector","All establishment sizes",1,0,0,0,0,0,0,"N",0.16,0,0,0,0,0,0,"N",0,0.0,0,0,0,0,0,0,0,0,0,0,0,0
"09000","3","926140","58","0","2024","A","N","Connecticut -- Statewide","Local Government","NAICS 926140 Regulation of agricultural marketing and commodities","State, NAICS 6-digit -- by ownership sector","All establishment sizes",1,0,0,0,0,0,0,"N",0.16,0,0,0,0,0,0,"N",0,0.0,0,0,0,0,0,0,0,0,0,0,0,0
"09000","3","92615","57","0","2024","A","","Connecticut -- Statewide","Local Government","NAICS 92615 Regulation, licensing, and inspection of miscellaneous commercial sectors","State, NAICS 5-digit -- by ownership sector","All establishment sizes",120,914,64086979,44873,512,1348,70091,"",11.35,5.55,4.69,0.12,0.11,0.85,0.84,"",0,0.0,23,2.6,3623703,6.0,-35065,-43.9,-847,-62.3,43,3.3,2237,3.3
"09000","3","926150","58","0","2024","A","","Connecticut -- Statewide","Local Government","NAICS 926150 Regulation, licensing, and inspection of miscellaneous commercial sectors","State, NAICS 6-digit -- by ownership sector","All establishment sizes",120,914,64086979,44873,512,1348,70091,"",11.35,5.55,4.69,0.12,0.11,0.85,0.84,"",0,0.0,23,2.6,3623703,6.0,-35065,-43.9,-847,-62.3,43,3.3,2237,3.3
"09000","5","10","51","0","2024","A","","Connecticut -- Statewide","Private","10 Total, all industries","State, Total -- by ownership sector","All establishment sizes",145501,1459801,129862780461,32607177971,626851676,1711,88959,"",1.00,1.01,1.03,1.01,1.00,1.01,1.01,"",1528,1.1,11449,0.8,6828861162,5.6,10812828751,49.6,133913278,27.2,77,4.7,4011,4.7
"09000","5","101","52","0","2024","A","","Connecticut -- Statewide","Private","101 Goods-producing","State, by Domain -- by ownership sector","All establishment sizes",14846,224851,21524196450,6305689131,144017875,1841,95727,"",0.81,0.91,0.91,0.96,0.92,1.00,1.00,"",-111,-0.7,5,0.0,1009699511,4.9,2275719177,56.5,39968267,38.4,86,4.9,4489,4.9
"09000","5","1011","53","0","2024","A","","Connecticut -- Statewide","Private","1011 Natural resources and mining","State, by Supersector -- by ownership sector","All establishment sizes",538,5806,299075053,152055008,3963256,991,51516,"",0.30,0.29,0.18,0.27,0.28,0.61,0.61,"",6,1.1,202,3.6,19839639,7.1,50547814,49.8,955249,31.8,33,3.4,1691,3.4
"09000","5","1012","53","0","2024","A","","Connecticut -- Statewide","Private","1012 Construction","State, by Supersector -- by ownership sector","All establishment sizes",9742,63272,5538626297,1912687725,67198654,1683,87536,"",0.84,0.72,0.67,0.75,0.84,0.93,0.93,"",84,0.9,1562,2.5,342747511,6.6,698242206,57.5,23718344,54.5,64,4.0,3337,4.0
"09000","5","1013","53","0","2024","A","","Connecticut -- Statewide","Private","1013 Manufacturing","State, by Supersector -- by ownership sector","All establishment sizes",4566,155773,15686495100,4240946398,72855965,1937,100701,"",0.93,1.13,1.15,1.22,1.15,1.02,1.02,"",-201,-4.2,-1759,-1.1,647112361,4.3,1526929157,56.3,15294674,26.6,101,5.5,5232,5.5
"09000","5","102","52","0","2024","A","","Connecticut -- Statewide","Private","102 Service-providing","State, by Domain -- by ownership sector","All establishment sizes",130656,1234950,108338584011,26301488840,482833801,1687,87727,"",1.03,1.03,1.05,1.03,1.03,1.02,1.02,"",1639,1.3,11444,0.9,5819161651,5.7,8537109574,48.1,93945011,24.2,76,4.7,3936,4.7
"09000","5","1021","53","0","2024","A","","Connecticut -- Statewide","Private","1021 Trade, transportation, and utilities","State, by Supersector -- by ownership sector","All establishment sizes",25977,297364,20121473328,7319069439,135906204,1301,67666,"",1.02,0.95,0.89,1.03,1.16,0.94,0.94,"",289,1.1,94,0.0,827735059,4.3,2321410588,46.4,29383213,27.6,53,4.2,2763,4.3
"09000","5","1022","53","0","2024","A","N","Connecticut -- Statewide","Private","1022 Information","State, by Supersector -- by ownership sector","All establishment sizes",5115,0,0,0,0,0,0,"N",1.41,0,0,0,0,0,0,"N",520,11.3,0,0,0,0,0,0,0,0,0,0,0,0
"09000","5","1023","53","0","2024","A","","Connecticut -- Statewide","Private","1023 Financial activities","State, by Supersector -- by ownership sector","All establishment sizes",13132,116012,24355514018,3212958891,58308580,4037,209939,"",0.99,1.23,1.78,1.36,1.40,1.45,1.45,"",301,2.3,-99,-0.1,1818220146,8.1,1216371613,60.9,15160606,35.1,304,8.1,15838,8.2
"09000","5","1024","53","0","2024","A","","Connecticut -- Statewide","Private","1024 Professional and business services","State, by Supersector -- by ownership sector","All establishment sizes",34980,221168,26006664508,6010317827,123801308,2261,117588,"",1.12,0.90,0.89,0.93,0.93,0.98,0.98,"",3538,11.3,45,0.0,1651058937,6.8,2049848305,51.8,28884942,30.4,143,6.8,7443,6.8
"09000","5","1025","53","0","2024","A","","Connecticut -- Statewide","Private","1025 Education and health services","State, by Supersector -- by ownership sector","All establishment sizes",24498,357451,24899093769,4498070310,71024619,1340,69657,"",0.90,1.29,1.21,1.12,1.02,0.93,0.93,"",1100,4.7,11872,3.4,1355982123,5.8,1487485068,49.4,9796588,16.0,30,2.3,1530,2.2
"09000","5","1026","53","0","2024","A","","Connecticut -- Statewide","Private","1026 Leisure and hospitality","State, by Supersector -- by ownership sector","All establishment sizes",11908,154729,5091151058,3212009031,57133158,633,32904,"",0.99,0.85,0.73,0.89,0.87,0.86,0.86,"",116,1.0,1469,1.0,260790331,5.4,824230286,34.5,4993839,9.6,27,4.5,1386,4.4
"09000","5","1027","53","0","2024","A","","Connecticut -- Statewide","Private","1027 Other services","State, by Supersector -- by ownership sector","All establishment sizes",13688,56826,2857657220,1195698069,19445773,967,50288,"",1.25,1.12,0.92,1.15,1.02,0.82,0.82,"",560,4.3,2092,3.8,199342101,7.5,398539069,50.0,2970161,18.0,33,3.5,1720,3.5
"09000","5","1029","53","0","2024","A","N","Connecticut -- Statewide","Private","1029 Unclassified","State, by Supersector -- by ownership sector","All establishment sizes",1359,0,0,0,0,0,0,"N",0.40,0,0,0,0,0,0,"N",-4784,-77.9,0,0,0,0,0,0,0,0,0,0,0,0
"09000","5","11","54","0","2024","A","","Connecticut -- Statewide","Private","NAICS 11 Agriculture, forestry, fishing and hunting","State, NAICS Sector -- by ownership sector","All establishment sizes",462,5326,259864459,138633960,3349962,938,48787,"",0.33,0.39,0.35,0.37,0.33,0.90,0.90,"",10,2.2,199,3.9,19330456,8.0,46044558,49.7,732159,28.0,36,4.0,1869,4.0
"09000","5","111","55","0","2024","A","","Connecticut -- Statewide","Private","NAICS 111 Crop production","State, NAICS 3-digit -- by ownership sector","All establishment sizes",245,3794,180305526,100716140,2747034,914,47520,"",0.38,0.64,0.59,0.64,0.65,0.92,0.92,"",14,6.1,234,6.6,20763887,13.0,35183123,53.7,672122,32.4,52,6.0,2709,6.0
"09000","5","1111","56","0","2024","A","N","Connecticut -- Statewide","Private","NAICS 1111 Oilseed and grain farming","State, NAICS 4-digit -- by ownership sector","All establishment sizes",3,0,0,0,0,0,0,"N",0.02,0,0,0,0,0,0,"N",0,0.0,0,0,0,0,0,0,0,0,0,0,0,0
"09000","5","11115","57","0","2024","A","N","Connecticut -- Statewide","Private","NAICS 11115 Corn farming","State, NAICS 5-digit -- by ownership sector","All establishment sizes",1,0,0,0,0,0,0,"N",0.02,0,0,0,0,0,0,"N",0,0.0,0,0,0,0,0,0,0,0,0,0,0,0
"09000","5","111150","58","0","2024","A","N","Connecticut -- Statewide","Private","NAICS 111150 Corn farming","State, NAICS 6-digit -- by ownership sector","All establishment sizes",1,0,0,0,0,0,0,"N",0.02,0,0,0,0,0,0,"N",0,0.0,0,0,0,0,0,0,0,0,0,0,0,0
"09000","5","11119","57","0","2024","A","N","Connecticut -- Statewide","Private","NAICS 11119 Other grain farming","State, NAICS 5-digit -- by ownership sector","All establishment sizes",2,0,0,0,0,0,0,"N",0.03,0,0,0,0,0,0,"N",0,0.0,0,0,0,0,0,0,0,0,0,0,0,0
"09000","5","111199","58","0","2024","A","N","Connecticut -- Statewide","Private","NAICS 111199 All other grain farming","State, NAICS 6-digit -- by ownership sector","All establishment sizes",2,0,0,0,0,0,0,"N",0.11,0,0,0,0,0,0,"N",0,0.0,0,0,0,0,0,0,0,0,0,0,0,0
"09000","5","1112","56","0","2024","A","N","Connecticut -- Statewide","Private","NAICS 1112 Vegetable and melon farming","State, NAICS 4-digit -- by ownership sector","All establishment sizes",56,0,0,0,0,0,0,"N",0.83,0,0,0,0,0,0,"N",4,7.7,0,0,0,0,0,0,0,0,0,0,0,0
"09000","5","11121","57","0","2024","A","N","Connecticut -- Statewide","Private","NAICS 11121 Vegetable and melon farming","State, NAICS 5-digit -- by ownership sector","All establishment sizes",56,0,0,0,0,0,0,"N",0.83,0,0,0,0,0,0,"N",4,7.7,0,0,0,0,0,0,0,0,0,0,0,0
"09000","5","111219","58","0","2024","A","N","Connecticut -- Statewide","Private","NAICS 111219 Other vegetable (except potato) and melon farming","State, NAICS 6-digit -- by ownership sector","All establishment sizes",56,0,0,0,0,0,0,"N",1.04,0,0,0,0,0,0,"N",4,7.7,0,0,0,0,0,0,0,0,0,0,0,0
"09000","5","1113","56","0","2024","A","N","Connecticut -- Statewide","Private","NAICS 1113 Fruit and tree nut farming","State, NAICS 4-digit -- by ownership sector","All establishment sizes",35,0,0,0,0,0,0,"N",0.28,0,0,0,0,0,0,"N",1,2.9,0,0,0,0,0,0,0,0,0,0,0,0
"09000","5","11133","57","0","2024","A","N","Connecticut -- Statewide","Private","NAICS 11133 Noncitrus fruit and tree nut farming","State, NAICS 5-digit -- by ownership sector","All establishment sizes",35,0,0,0,0,0,0,"N",0.30,0,0,0,0,0,0,"N",1,2.9,0,0,0,0,0,0,0,0,0,0,0,0
"09000","5","111331","58","0","2024","A","","Connecticut -- Statewide","Private","NAICS 111331 Apple orchards","State, NAICS 6-digit -- by ownership sector","All establishment sizes",23,346,12190626,7463121,118017,677,35191,"",1.26,0.99,0.92,0.59,0.54,0.92,0.92,"",0,0.0,8,2.4,1182876,10.7,2337402,45.6,7523,6.8,51,8.1,2624,8.1
"09000","5","111332","58","0","2024","A","","Connecticut -- Statewide","Private","NAICS 111332 Grape vineyards","State, NAICS 6-digit -- by ownership sector","All establishment sizes",3,35,899246,645883,10112,488,25390,"",0.14,0.14,0.07,0.11,0.04,0.50,0.50,"N",0,0.0,0,0,0,0,0,0,0,0,0,0,0,0
"09000","5","111333","58","0","2024","A","N","Connecticut -- Statewide","Private","NAICS 111333 Strawberry farming","State, NAICS 6-digit -- by ownership sector","All establishment sizes",1,0,0,0,0,0,0,"N",0.16,0,0,0,0,0,0,"N",0,0.0,0,0,0,0,0,0,0,0,0,0,0,0
"09000","5","111334","58","0","2024","A","N","Connecticut -- Statewide","Private","NAICS 111334 Berry (except strawberry) farming","State, NAICS 6-digit -- by ownership sector","All establishment sizes",2,0,0,0,0,0,0,"N",0.17,0,0,0,0,0,0,"N",0,0.0,0,0,0,0,0,0,0,0,0,0,0,0
"09000","5","111336","58","0","2024","A","","Connecticut -- Statewide","Private","NAICS 111336 Fruit and tree nut combination farming","State, NAICS 6-digit -- by ownership sector","All establishment sizes",6,22,586820,347589,5759,523,27189,"",1.08,0.28,0.16,0.16,0.10,0.58,0.58,"",0,0.0,1,4.8,-124989,-17.6,60151,20.9,-3900,-40.4,-137,-20.8,-7115,-20.7
"09000","5","1114","56","0","2024","A","","Connecticut -- Statewide","Private","NAICS 1114 Greenhouse, nursery, and floriculture production","State, NAICS 4-digit -- by ownership sector","All establishment sizes",86,2412,125540865,65947125,1986237,1001,52039,"",0.69,1.28,1.26,1.38,1.72,0.98,0.98,"",5,6.2,88,3.8,11446715,10.0,22877333,53.1,505945,34.2,57,6.0,2940,6.0
"09000","5","11141","57","0","2024","A","","Connecticut -- Statewide","Private","NAICS 11141 Food crops grown under cover","State, NAICS 5-digit -- by ownership sector","All establishment sizes",16,760,40716891,21288989,431999,1031,53598,"",0.46,1.46,1.40,1.44,1.06,0.96,0.96,"",3,23.1,82,12.1,7566719,22.8,7656207,56.2,56471,15.0,91,9.7,4728,9.7
"09000","5","111411","58","0","2024","A","N","Connecticut -- Statewide","Private","NAICS 111411 Mushroom production","State, NAICS 6-digit -- by ownership sector","All establishment sizes",1,0,0,0,0,0,0,"N",0.25,0,0,0,0,0,0,"N",0,0.0,0,0,0,0,0,0,0,0,0,0,0,0
"09000","5","111419","58","0","2024","A","N","Connecticut -- Statewide","Private","NAICS 111419 Other food crops grown under cover","State, NAICS 6-digit -- by ownership sector","All establishment sizes",15,0,0,0,0,0,0,"N",0.48,0,0,0,0,0,0,"N",3,25.0,0,0,0,0,0,0,0,0,0,0,0,0
"09000","5","11142","57","0","2024","A","","Connecticut -- Statewide","Private","NAICS 11142 Nursery and floriculture production","State, NAICS 5-digit -- by ownership sector","All establishment sizes",70,1653,84823974,44658136,1554238,987,51323,"",0.77,1.21,1.20,1.35,2.07,0.99,0.99,"",2,2.9,8,0.5,3879996,4.8,15221126,51.7,449474,40.7,41,4.3,2129,4.3
"09000","5","111421","58","0","2024","A","","Connecticut -- Statewide","Private","NAICS 111421 Nursery and tree production","State, NAICS 6-digit -- by ownership sector","All establishment sizes",37,950,51010862,25549836,871768,1033,53691,"",0.58,1.04,1.05,1.13,1.63,1.01,1.01,"",0,0.0,-20,-2.1,1309209,2.6,8499077,49.8,228510,35.5,48,4.9,2474,4.8
"09000","5","111422","58","0","2024","A","","Connecticut -- Statewide","Private","NAICS 111422 Floriculture production","State, NAICS 6-digit -- by ownership sector","All establishment sizes",32,703,33813112,19108300,682470,925,48121,"",1.20,1.56,1.53,1.83,3.16,0.98,0.98,"",1,3.2,28,4.1,2570787,8.2,6722049,54.3,220964,47.9,35,3.9,1836,4.0
"09000","5","1119","56","0","2024","A","","Connecticut -- Statewide","Private","NAICS 1119 Other crop farming","State, NAICS 4-digit -- by ownership sector","All establishment sizes",66,535,23531400,14913718,431204,846,43991,"",0.46,0.73,0.58,0.67,0.82,0.79,0.79,"",5,8.2,86,19.2,5564653,31.0,5853038,64.6,146391,51.4,77,10.0,3998,10.0
"09000","5","11191","57","0","2024","A","","Connecticut -- Statewide","Private","NAICS 11191 Tobacco farming","State, NAICS 5-digit -- by ownership sector","All establishment sizes",23,242,12295611,8144785,295052,978,50843,"",5.09,13.98,15.12,13.02,40.95,1.08,1.08,"",-1,-4.2,15,6.6,2076936,20.3,2784879,52.0,98427,50.1,112,12.9,5810,12.9
"09000","5","111910","58","0","2024","A","","Connecticut -- Statewide","Private","NAICS 111910 Tobacco farming","State, NAICS 6-digit -- by ownership sector","All establishment sizes",23,242,12295611,8144785,295052,978,50843,"",5.09,13.98,15.12,13.02,40.95,1.08,1.08,"",-1,-4.2,15,6.6,2076936,20.3,2784879,52.0,98427,50.1,112,12.9,5810,12.9
"09000","5","11194","57","0","2024","A","","Connecticut -- Statewide","Private","NAICS 11194 Hay farming","State, NAICS 5-digit -- by ownership sector","All establishment sizes",7,32,1520233,796704,10163,918,47756,"",0.31,0.32,0.27,0.25,0.14,0.85,0.85,"",0,0.0,2,6.7,407326,36.6,319109,66.8,1880,22.7,195,27.0,10137,26.9
"09000","5","111940","58","0","2024","A","","Connecticut -- Statewide","Private","NAICS 111940 Hay farming","State, NAICS 6-digit -- by ownership sector","All establishment sizes",7,32,1520233,796704,10163,918,47756,"",0.31,0.32,0.27,0.25,0.14,0.85,0.85,"",0,0.0,2,6.7,407326,36.6,319109,66.8,1880,22.7,195,27.0,10137,26.9
"09000","5","11199","57","0","2024","A","","Connecticut -- Statewide","Private","NAICS 11199 All other crop farming","State, NAICS 5-digit -- by ownership sector","All establishment sizes",36,261,9715556,5972229,125989,715,37189,"",0.44,0.55,0.39,0.37,0.32,0.70,0.70,"",6,20.0,68,35.2,3080391,46.4,2749050,85.3,46084,57.7,53,8.0,2765,8.0
"09000","5","111998","58","0","2024","A","","Connecticut -- Statewide","Private","NAICS 111998 All other miscellaneous crop farming","State, NAICS 6-digit -- by ownership sector","All establishment sizes",36,261,9715556,5972229,125989,715,37189,"",0.48,0.59,0.41,0.40,0.33,0.70,0.70,"",6,20.0,68,35.2,3080391,46.4,2749050,85.3,46084,57.7,53,8.0,2765,8.0
"09000","5","112","55","0","2024","A","","Connecticut -- Statewide","Private","NAICS 112 Animal production and aquaculture","State, NAICS 3-digit -- by ownership sector","All establishment sizes",125,1269,67830493,31920837,507408,1028,53462,"",0.35,0.44,0.39,0.40,0.61,0.90,0.90,"",6,5.0,-26,-2.0,-1166258,-1.7,9192990,40.4,57244,12.7,4,0.4,193,0.4
"09000","5","1121","56","0","2024","A","","Connecticut -- Statewide","Private","NAICS 1121 Cattle ranching and farming","State, NAICS 4-digit -- by ownership sector","All establishment sizes",56,527,22648545,12168865,183863,826,42976,"",0.25,0.30,0.23,0.25,0.37,0.76,0.77,"",0,0.0,-8,-1.5,-19092,-0.1,3608533,42.2,20137,12.3,11,1.3,620,1.5
"09000","5","11211","57","0","2024","A","","Connecticut -- Statewide","Private","NAICS 11211 Beef cattle ranching and farming, including feedlots","State, NAICS 5-digit -- by ownership sector","All establishment sizes",7,14,668430,311355,3426,935,48613,"",0.05,0.02,0.02,0.02,0.02,0.86,0.86,"",-1,-12.5,-31,-68.9,-1857511,-73.5,-458250,-59.5,-15622,-82.0,-140,-13.0,-7312,-13.1
"09000","5","112111","58","0","2024","A","","Connecticut -- Statewide","Private","NAICS 112111 Beef cattle ranching and farming","State, NAICS 6-digit -- by ownership sector","All establishment sizes",7,14,668430,311355,3426,935,48613,"",0.06,0.03,0.03,0.03,0.03,0.91,0.91,"",-1,-12.5,-31,-68.9,-1857511,-73.5,-458250,-59.5,-15622,-82.0,-140,-13.0,-7312,-13.1
"09000","5","11212","57","0","2024","A","","Connecticut -- Statewide","Private","NAICS 11212 Dairy cattle and milk production","State, NAICS 5-digit -- by ownership sector","All establishment sizes",48,513,21980115,11857510,180437,824,42825,"",0.58,0.45,0.35,0.38,0.55,0.77,0.77,"",0,0.0,23,4.7,1838419,9.1,4066783,52.2,35759,24.7,34,4.3,1719,4.2
"09000","5","112120","58","0","2024","A","","Connecticut -- Statewide","Private","NAICS 112120 Dairy cattle and milk production","State, NAICS 6-digit -- by ownership sector","All establishment sizes",48,513,21980115,11857510,180437,824,42825,"",0.58,0.45,0.35,0.38,0.55,0.77,0.77,"",0,0.0,23,4.7,1838419,9.1,4066783,52.2,35759,24.7,34,4.3,1719,4.2
"09000","5","1123","56","0","2024","A","","Connecticut -- Statewide","Private","NAICS 1123 Poultry and egg production","State, NAICS 4-digit -- by ownership sector","All establishment sizes",20,440,30129517,12090173,208368,1318,68528,"",0.62,0.88,0.88,0.87,1.43,1.00,1.00,"",0,0.0,-11,-2.4,-875418,-2.8,3128915,34.9,19487,10.3,-4,-0.3,-206,-0.3
"09000","5","11231","57","0","2024","A","","Connecticut -- Statewide","Private","NAICS 11231 Chicken egg production","State, NAICS 5-digit -- by ownership sector","All establishment sizes",16,428,29755444,11842898,204249,1337,69536,"",1.57,1.77,1.73,1.70,2.38,0.98,0.98,"",0,0.0,-12,-2.7,-926738,-3.0,3025642,34.3,18074,9.7,-3,-0.2,-143,-0.2
"09000","5","112310","58","0","2024","A","","Connecticut -- Statewide","Private","NAICS 112310 Chicken egg production","State, NAICS 6-digit -- by ownership sector","All establishment sizes",16,428,29755444,11842898,204249,1337,69536,"",1.57,1.77,1.73,1.70,2.38,0.98,0.98,"",0,0.0,-12,-2.7,-926738,-3.0,3025642,34.3,18074,9.7,-3,-0.2,-143,-0.2
"09000","5","11232","57","0","2024","A","N","Connecticut -- Statewide","Private","NAICS 11232 Broilers and other meat type chicken production","State, NAICS 5-digit -- by ownership sector","All establishment sizes",2,0,0,0,0,0,0,"N",0.25,0,0,0,0,0,0,"N",0,0.0,0,0,0,0,0,0,0,0,0,0,0,0
"09000","5","112320","58","0","2024","A","N","Connecticut -- Statewide","Private","NAICS 112320 Broilers and other meat type chicken production","State, NAICS 6-digit -- by ownership sector","All establishment sizes",2,0,0,0,0,0,0,"N",0.25,0,0,0,0,0,0,"N",0,0.0,0,0,0,0,0,0,0,0,0,0,0,0
"09000","5","11233","57","0","2024","A","N","Connecticut -- Statewide","Private","NAICS 11233 Turkey production","State, NAICS 5-digit -- by ownership sector","All establishment sizes",1,0,0,0,0,0,0,"N",0.18,0,0,0,0,0,0,"N",0,0.0,0,0,0,0,0,0,0,0,0,0,0,0
"09000","5","112330","58","0","2024","A","N","Connecticut -- Statewide","Private","NAICS 112330 Turkey production","State, NAICS 6-digit -- by ownership sector","All establishment sizes",1,0,0,0,0,0,0,"N",0.18,0,0,0,0,0,0,"N",0,0.0,0,0,0,0,0,0,0,0,0,0,0,0
"09000","5","11234","57","0","2024","A","N","Connecticut -- Statewide","Private","NAICS 11234 Poultry hatcheries","State, NAICS 5-digit -- by ownership sector","All establishment sizes",2,0,0,0,0,0,0,"N",0.34,0,0,0,0,0,0,"N",1,100.0,0,0,0,0,0,0,0,0,0,0,0,0
"09000","5","112340","58","0","2024","A","N","Connecticut -- Statewide","Private","NAICS 112340 Poultry hatcheries","State, NAICS 6-digit -- by ownership sector","All establishment sizes",2,0,0,0,0,0,0,"N",0.34,0,0,0,0,0,0,"N",1,100.0,0,0,0,0,0,0,0,0,0,0,0,0
"09000","5","1124","56","0","2024","A","N","Connecticut -- Statewide","Private","NAICS 1124 Sheep and goat farming","State, NAICS 4-digit -- by ownership sector","All establishment sizes",5,0,0,0,0,0,0,"N",0.99,0,0,0,0,0,0,"N",2,66.7,0,0,0,0,0,0,0,0,0,0,0,0
"09000","5","11241","57","0","2024","A","N","Connecticut -- Statewide","Private","NAICS 11241 Sheep farming","State, NAICS 5-digit -- by ownership sector","All establishment sizes",4,0,0,0,0,0,0,"N",1.21,0,0,0,0,0,0,"N",1,33.3,0,0,0,0,0,0,0,0,0,0,0,0
"09000","5","112410","58","0","2024","A","N","Connecticut -- Statewide","Private","NAICS 112410 Sheep farming","State, NAICS 6-digit -- by ownership sector","All establishment sizes",4,0,0,0,0,0,0,"N",1.21,0,0,0,0,0,0,"N",1,33.3,0,0,0,0,0,0,0,0,0,0,0,0
"09000","5","11242","57","0","2024","A","N","Connecticut -- Statewide","Private","NAICS 11242 Goat farming","State, NAICS 5-digit -- by ownership sector","All establishment sizes",1,0,0,0,0,0,0,"N",0.57,0,0,0,0,0,0,"N",1,100.0,0,0,0,0,0,0,0,0,0,0,0,0
"09000","5","112420","58","0","2024","A","N","Connecticut -- Statewide","Private","NAICS 112420 Goat farming","State, NAICS 6-digit -- by ownership sector","All establishment sizes",1,0,0,0,0,0,0,"N",0.57,0,0,0,0,0,0,"N",1,100.0,0,0,0,0,0,0,0,0,0,0,0,0
"09000","5","1125","56","0","2024","A","N","Connecticut -- Statewide","Private","NAICS 1125 Aquaculture","State, NAICS 4-digit -- by ownership sector","All establishment sizes",9,0,0,0,0,0,0,"N",0.70,0,0,0,0,0,0,"N",1,12.5,0,0,0,0,0,0,0,0,0,0,0,0
"09000","5","11251","57","0","2024","A","N","Connecticut -- Statewide","Private","NAICS 11251 Aquaculture","State, NAICS 5-digit -- by ownership sector","All establishment sizes",9,0,0,0,0,0,0,"N",0.70,0,0,0,0,0,0,"N",1,12.5,0,0,0,0,0,0,0,0,0,0,0,0
"09000","5","112512","58","0","2024","A","N","Connecticut -- Statewide","Private","NAICS 112512 Shellfish farming","State, NAICS 6-digit -- by ownership sector","All establishment sizes",9,0,0,0,0,0,0,"N",2.09,0,0,0,0,0,0,"N",1,12.5,0,0,0,0,0,0,0,0,0,0,0,0
"09000","5","1129","56","0","2024","A","","Connecticut -- Statewide","Private","NAICS 1129 Other animal production","State, NAICS 4-digit -- by ownership sector","All establishment sizes",35,177,8365924,4393547,63092,911,47377,"",0.65,0.74,0.57,0.82,0.73,0.77,0.77,"",2,6.1,-1,-0.6,175749,2.1,1396294,46.6,5184,9.0,24,2.7,1257,2.7
"09000","5","11291","57","0","2024","A","N","Connecticut -- Statewide","Private","NAICS 11291 Apiculture","State, NAICS 5-digit -- by ownership sector","All establishment sizes",2,0,0,0,0,0,0,"N",0.18,0,0,0,0,0,0,"N",0,0.0,0,0,0,0,0,0,0,0,0,0,0,0
"09000","5","112910","58","0","2024","A","N","Connecticut -- Statewide","Private","NAICS 112910 Apiculture","State, NAICS 6-digit -- by ownership sector","All establishment sizes",2,0,0,0,0,0,0,"N",0.18,0,0,0,0,0,0,"N",0,0.0,0,0,0,0,0,0,0,0,0,0,0,0
"09000","5","11292","57","0","2024","A","","Connecticut -- Statewide","Private","NAICS 11292 Horses and other equine production","State, NAICS 5-digit -- by ownership sector","All establishment sizes",17,120,6553067,3242458,49320,1054,54799,"",0.84,1.77,1.76,2.30,2.42,1.00,1.00,"",2,13.3,0,0.0,26308,0.4,1063352,48.8,8073,19.6,7,0.7,334,0.6
"09000","5","112920","58","0","2024","A","","Connecticut -- Statewide","Private","NAICS 112920 Horses and other equine production","State, NAICS 6-digit -- by ownership sector","All establishment sizes",17,120,6553067,3242458,49320,1054,54799,"",0.84,1.77,1.76,2.30,2.42,1.00,1.00,"",2,13.3,0,0.0,26308,0.4,1063352,48.8,8073,19.6,7,0.7,334,0.6
"09000","5","11299","57","0","2024","A","N","Connecticut -- Statewide","Private","NAICS 11299 All other animal production","State, NAICS 5-digit -- by ownership sector","All establishment sizes",16,0,0,0,0,0,0,"N",0.74,0,0,0,0,0,0,"N",0,0.0,0,0,0,0,0,0,0,0,0,0,0,0
"09000","5","112990","58","0","2024","A","N","Connecticut -- Statewide","Private","NAICS 112990 All other animal production","State, NAICS 6-digit -- by ownership sector","All establishment sizes",16,0,0,0,0,0,0,"N",0.74,0,0,0,0,0,0,"N",0,0.0,0,0,0,0,0,0,0,0,0,0,0,0
"09000","5","113","55","0","2024","A","N","Connecticut -- Statewide","Private","NAICS 113 Forestry and logging","State, NAICS 3-digit -- by ownership sector","All establishment sizes",4,0,0,0,0,0,0,"N",0.04,0,0,0,0,0,0,"N",-1,-20.0,0,0,0,0,0,0,0,0,0,0,0,0
"09000","5","1133","56","0","2024","A","N","Connecticut -- Statewide","Private","NAICS 1133 Logging","State, NAICS 4-digit -- by ownership sector","All establishment sizes",4,0,0,0,0,0,0,"N",0.04,0,0,0,0,0,0,"N",0,0.0,0,0,0,0,0,0,0,0,0,0,0,0
"09000","5","11331","57","0","2024","A","N","Connecticut -- Statewide","Private","NAICS 11331 Logging","State, NAICS 5-digit -- by ownership sector","All establishment sizes",4,0,0,0,0,0,0,"N",0.04,0,0,0,0,0,0,"N",0,0.0,0,0,0,0,0,0,0,0,0,0,0,0
"09000","5","113310","58","0","2024","A","N","Connecticut -- Statewide","Private","NAICS 113310 Logging","State, NAICS 6-digit -- by ownership sector","All establishment sizes",4,0,0,0,0,0,0,"N",0.04,0,0,0,0,0,0,"N",0,0.0,0,0,0,0,0,0,0,0,0,0,0,0
"09000","5","114","55","0","2024","A","N","Connecticut -- Statewide","Private","NAICS 114 Fishing, hunting and trapping","State, NAICS 3-digit -- by ownership sector","All establishment sizes",4,0,0,0,0,0,0,"N",0.12,0,0,0,0,0,0,"N",-2,-33.3,0,0,0,0,0,0,0,0,0,0,0,0
"09000","5","1141","56","0","2024","A","N","Connecticut -- Statewide","Private","NAICS 1141 Fishing","State, NAICS 4-digit -- by ownership sector","All establishment sizes",4,0,0,0,0,0,0,"N",0.15,0,0,0,0,0,0,"N",-2,-33.3,0,0,0,0,0,0,0,0,0,0,0,0
"09000","5","11411","57","0","2024","A","N","Connecticut -- Statewide","Private","NAICS 11411 Fishing","State, NAICS 5-digit -- by ownership sector","All establishment sizes",4,0,0,0,0,0,0,"N",0.15,0,0,0,0,0,0,"N",-2,-33.3,0,0,0,0,0,0,0,0,0,0,0,0
"09000","5","114112","58","0","2024","A","N","Connecticut -- Statewide","Private","NAICS 114112 Shellfish fishing","State, NAICS 6-digit -- by ownership sector","All establishment sizes",4,0,0,0,0,0,0,"N",0.31,0,0,0,0,0,0,"N",0,0.0,0,0,0,0,0,0,0,0,0,0,0,0
"09000","5","115","55","0","2024","A","","Connecticut -- Statewide","Private","NAICS 115 Support activities for agriculture and forestry","State, NAICS 3-digit -- by ownership sector","All establishment sizes",84,248,10977665,5575783,83836,850,44205,"",0.30,0.06,0.05,0.05,0.02,0.85,0.85,"",-8,-8.7,-8,-3.1,-29068,-0.3,1541644,38.2,-451,-0.5,23,2.8,1210,2.8
"09000","5","1151","56","0","2024","A","N","Connecticut -- Statewide","Private","NAICS 1151 Support activities for crop production","State, NAICS 4-digit -- by ownership sector","All establishment sizes",10,0,0,0,0,0,0,"N",0.06,0,0,0,0,0,0,"N",-2,-16.7,0,0,0,0,0,0,0,0,0,0,0,0
"09000","5","11511","57","0","2024","A","N","Connecticut -- Statewide","Private","NAICS 11511 Support activities for crop production","State, NAICS 5-digit -- by ownership sector","All establishment sizes",10,0,0,0,0,0,0,"N",0.06,0,0,0,0,0,0,"N",-2,-16.7,0,0,0,0,0,0,0,0,0,0,0,0
"09000","5","115112","58","0","2024","A","N","Connecticut -- Statewide","Private","NAICS 115112 Soil preparation, planting, and cultivating","State, NAICS 6-digit -- by ownership sector","All establishment sizes",7,0,0,0,0,0,0,"N",0.14,0,0,0,0,0,0,"N",-1,-12.5,0,0,0,0,0,0,0,0,0,0,0,0
"09000","5","115114","58","0","2024","A","N","Connecticut -- Statewide","Private","NAICS 115114 Postharvest crop activities (except cotton ginning)","State, NAICS 6-digit -- by ownership sector","All establishment sizes",1,0,0,0,0,0,0,"N",0.04,0,0,0,0,0,0,"N",-1,-50.0,0,0,0,0,0,0,0,0,0,0,0,0
"09000","5","115116","58","0","2024","A","N","Connecticut -- Statewide","Private","NAICS 115116 Farm management services","State, NAICS 6-digit -- by ownership sector","All establishment sizes",2,0,0,0,0,0,0,"N",0.09,0,0,0,0,0,0,"N",0,0.0,0,0,0,0,0,0,0,0,0,0,0,0
"09000","5","1152","56","0","2024","A","","Connecticut -- Statewide","Private","NAICS 1152 Support activities for animal production","State, NAICS 4-digit -- by ownership sector","All establishment sizes",71,216,7448312,4664867,67154,664,34510,"",0.90,0.63,0.39,0.60,0.71,0.62,0.62,"",-6,-7.8,-5,-2.3,241,0.0,1232023,35.9,-2053,-3.0,16,2.5,834,2.5
"09000","5","11521","57","0","2024","A","","Connecticut -- Statewide","Private","NAICS 11521 Support activities for animal production","State, NAICS 5-digit -- by ownership sector","All establishment sizes",71,216,7448312,4664867,67154,664,34510,"",0.90,0.63,0.39,0.60,0.71,0.62,0.62,"",-6,-7.8,-5,-2.3,241,0.0,1232023,35.9,-2053,-3.0,16,2.5,834,2.5
"09000","5","115210","58","0","2024","A","","Connecticut -- Statewide","Private","NAICS 115210 Support activities for animal production","State, NAICS 6-digit -- by ownership sector","All establishment sizes",71,216,7448312,4664867,67154,664,34510,"",0.90,0.63,0.39,0.60,0.71,0.62,0.62,"",-6,-7.8,-5,-2.3,241,0.0,1232023,35.9,-2053,-3.0,16,2.5,834,2.5
"09000","5","1153","56","0","2024","A","N","Connecticut -- Statewide","Private","NAICS 1153 Support activities for forestry","State, NAICS 4-digit -- by ownership sector","All establishment sizes",3,0,0,0,0,0,0,"N",0.08,0,0,0,0,0,0,"N",0,0.0,0,0,0,0,0,0,0,0,0,0,0,0
"09000","5","11531","57","0","2024","A","N","Connecticut -- Statewide","Private","NAICS 11531 Support activities for forestry","State, NAICS 5-digit -- by ownership sector","All establishment sizes",3,0,0,0,0,0,0,"N",0.08,0,0,0,0,0,0,"N",0,0.0,0,0,0,0,0,0,0,0,0,0,0,0
"09000","5","115310","58","0","2024","A","N","Connecticut -- Statewide","Private","NAICS 115310 Support activities for forestry","State, NAICS 6-digit -- by ownership sector","All establishment sizes",3,0,0,0,0,0,0,"N",0.08,0,0,0,0,0,0,"N",0,0.0,0,0,0,0,0,0,0,0,0,0,0,0
"09000","5","21","54","0","2024","A","","Connecticut -- Statewide","Private","NAICS 21 Mining, quarrying, and oil and gas extraction","State, NAICS Sector -- by ownership sector","All establishment sizes",76,479,39210594,13421048,613294,1574,81859,"",0.20,0.08,0.04,0.07,0.16,0.54,0.54,"",-5,-6.2,1,0.2,509183,1.3,4503256,50.5,223090,57.2,16,1.0,837,1.0
"09000","5","212","55","0","2024","A","","Connecticut -- Statewide","Private","NAICS 212 Mining (except oil and gas)","State, NAICS 3-digit -- by ownership sector","All establishment sizes",70,467,38329692,13079830,609540,1579,82106,"",0.77,0.23,0.16,0.20,0.39,0.72,0.72,"N",-4,-5.4,0,0,0,0,0,0,0,0,0,0,0,0
"09000","5","2123","56","0","2024","A","","Connecticut -- Statewide","Private","NAICS 2123 Nonmetallic mineral mining and quarrying","State, NAICS 4-digit -- by ownership sector","All establishment sizes",70,467,38329692,13079830,609540,1579,82106,"",0.93,0.41,0.34,0.40,0.55,0.82,0.82,"N",-4,-5.4,0,0,0,0,0,0,0,0,0,0,0,0
"09000","5","21231","57","0","2024","A","N","Connecticut -- Statewide","Private","NAICS 21231 Stone mining and quarrying","State, NAICS 5-digit -- by ownership sector","All establishment sizes",14,0,0,0,0,0,0,"N",0.45,0,0,0,0,0,0,"N",-1,-6.7,0,0,0,0,0,0,0,0,0,0,0,0
"09000","5","212311","58","0","2024","A","","Connecticut -- Statewide","Private","NAICS 212311 Dimension stone mining and quarrying","State, NAICS 6-digit -- by ownership sector","All establishment sizes",4,26,1822019,730701,11099,1348,70078,"",0.56,0.32,0.30,0.34,0.20,0.94,0.94,"",-1,-20.0,0,0.0,112015,6.6,263016,56.2,-3001,-21.3,99,7.9,5141,7.9
"09000","5","212312","58","0","2024","A","N","Connecticut -- Statewide","Private","NAICS 212312 Crushed and broken limestone mining and quarrying","State, NAICS 6-digit -- by ownership sector","All establishment sizes",1,0,0,0,0,0,0,"N",0.07,0,0,0,0,0,0,"N",0,0.0,0,0,0,0,0,0,0,0,0,0,0,0
"09000","5","212313","58","0","2024","A","N","Connecticut -- Statewide","Private","NAICS 212313 Crushed and broken granite mining and quarrying","State, NAICS 6-digit -- by ownership sector","All establishment sizes",4,0,0,0,0,0,0,"N",1.09,0,0,0,0,0,0,"N",0,0.0,0,0,0,0,0,0,0,0,0,0,0,0
"09000","5","212319","58","0","2024","A","","Connecticut -- Statewide","Private","NAICS 212319 Other crushed and broken stone mining and quarrying","State, NAICS 6-digit -- by ownership sector","All establishment sizes",5,33,2358887,962047,52599,1389,72211,"",0.80,0.38,0.27,0.33,0.53,0.71,0.71,"",0,0.0,-2,-5.7,74214,3.2,285001,42.1,24432,86.7,140,11.2,7244,11.2
"09000","5","21232","57","0","2024","A","","Connecticut -- Statewide","Private","NAICS 21232 Sand, gravel, clay, and ceramic and refractory minerals mining and quarrying","State, NAICS 5-digit -- by ownership sector","All establishment sizes",56,376,32335170,10529637,530501,1652,85884,"",1.47,0.74,0.64,0.66,0.88,0.86,0.86,"",-2,-3.4,15,4.2,1292460,4.2,3750259,55.3,199619,60.3,-2,-0.1,-127,-0.1
"09000","5","212321","58","0","2024","A","","Connecticut -- Statewide","Private","NAICS 212321 Construction sand and gravel mining","State, NAICS 6-digit -- by ownership sector","All establishment sizes",56,376,32335170,10529637,530501,1652,85884,"",1.71,1.09,0.95,0.87,1.07,0.88,0.88,"",-2,-3.4,15,4.2,1292460,4.2,3750259,55.3,199619,60.3,-2,-0.1,-127,-0.1
"09000","5","21239","57","0","2024","A","N","Connecticut -- Statewide","Private","NAICS 21239 Other nonmetallic mineral mining and quarrying","State, NAICS 5-digit -- by ownership sector","All establishment sizes",1,0,0,0,0,0,0,"N",0.17,0,0,0,0,0,0,"N",0,0.0,0,0,0,0,0,0,0,0,0,0,0,0
"09000","5","212390","58","0","2024","A","N","Connecticut -- Statewide","Private","NAICS 212390 Other nonmetallic mineral mining and quarrying","State, NAICS 6-digit -- by ownership sector","All establishment sizes",1,0,0,0,0,0,0,"N",0.17,0,0,0,0,0,0,"N",0,0.0,0,0,0,0,0,0,0,0,0,0,0,0
"09000","5","213","55","0","2024","A","","Connecticut -- Statewide","Private","NAICS 213 Support activities for mining","State, NAICS 3-digit -- by ownership sector","All establishment sizes",6,12,880902,341218,3754,1392,72403,"",0.03,0.00,0.00,0.00,0.00,0.55,0.55,"N",-1,-14.3,0,0,0,0,0,0,0,0,0,0,0,0
"09000","5","2131","56","0","2024","A","","Connecticut -- Statewide","Private","NAICS 2131 Support activities for mining","State, NAICS 4-digit -- by ownership sector","All establishment sizes",6,12,880902,341218,3754,1392,72403,"",0.03,0.00,0.00,0.00,0.00,0.55,0.55,"N",-1,-14.3,0,0,0,0,0,0,0,0,0,0,0,0
"09000","5","21311","57","0","2024","A","","Connecticut -- Statewide","Private","NAICS 21311 Support activities for mining","State, NAICS 5-digit -- by ownership sector","All establishment sizes",6,12,880902,341218,3754,1392,72403,"",0.03,0.00,0.00,0.00,0.00,0.55,0.55,"N",-1,-14.3,0,0,0,0,0,0,0,0,0,0,0,0
"09000","5","213112","58","0","2024","A","N","Connecticut -- Statewide","Private","NAICS 213112 Support activities for oil and gas operations","State, NAICS 6-digit -- by ownership sector","All establishment sizes",3,0,0,0,0,0,0,"N",0.02,0,0,0,0,0,0,"N",0,0.0,0,0,0,0,0,0,0,0,0,0,0,0
"09000","5","213114","58","0","2024","A","N","Connecticut -- Statewide","Private","NAICS 213114 Support activities for metal mining","State, NAICS 6-digit -- by ownership sector","All establishment sizes",1,0,0,0,0,0,0,"N",0.19,0,0,0,0,0,0,"N",-1,-50.0,0,0,0,0,0,0,0,0,0,0,0,0
"09000","5","213115","58","0","2024","A","N","Connecticut -- Statewide","Private","NAICS 213115 Support activities for nonmetallic minerals (except fuels) mining","State, NAICS 6-digit -- by ownership sector","All establishment sizes",2,0,0,0,0,0,0,"N",0.48,0,0,0,0,0,0,"N",0,0.0,0,0,0,0,0,0,0,0,0,0,0,0
"09000","5","22","54","0","2024","A","","Connecticut -- Statewide","Private","NAICS 22 Utilities","State, NAICS Sector -- by ownership sector","All establishment sizes",205,5233,816975241,140861357,2100554,3003,156132,"",0.68,0.82,0.82,0.92,1.06,1.00,1.00,"",7,3.5,199,4.0,58214699,7.7,56475172,66.9,548310,35.3,105,3.6,5415,3.6
"09000","5","221","55","0","2024","A","","Connecticut -- Statewide","Private","NAICS 221 Utilities","State, NAICS 3-digit -- by ownership sector","All establishment sizes",205,5233,816975241,140861357,2100554,3003,156132,"",0.68,0.82,0.82,0.92,1.06,1.00,1.00,"",7,3.5,199,4.0,58214699,7.7,56475172,66.9,548310,35.3,105,3.6,5415,3.6
"09000","5","2211","56","0","2024","A","","Connecticut -- Statewide","Private","NAICS 2211 Electric power generation, transmission and distribution","State, NAICS 4-digit -- by ownership sector","All establishment sizes",132,3576,613299178,98451663,1447885,3298,171484,"",0.74,0.80,0.84,0.90,1.09,1.05,1.05,"",8,6.5,125,3.6,42110186,7.4,39605001,67.3,349685,31.8,115,3.6,5978,3.6
"09000","5","22111","57","0","2024","A","","Connecticut -- Statewide","Private","NAICS 22111 Electric power generation","State, NAICS 5-digit -- by ownership sector","All establishment sizes",60,1266,212525256,36007945,620737,3227,167805,"",0.69,0.75,0.73,0.86,0.92,0.97,0.97,"",2,3.4,-4,-0.3,-5374996,-2.5,14159631,64.8,192609,45.0,-71,-2.2,-3714,-2.2
"09000","5","221111","58","0","2024","A","","Connecticut -- Statewide","Private","NAICS 221111 Hydroelectric power generation","State, NAICS 6-digit -- by ownership sector","All establishment sizes",6,57,7753944,1451951,15971,2597,135047,"",0.72,0.66,0.53,0.65,0.45,0.80,0.80,"",-1,-14.3,0,0.0,247827,3.3,495619,51.8,-288,-1.8,46,1.8,2391,1.8
"09000","5","221112","58","0","2024","A","","Connecticut -- Statewide","Private","NAICS 221112 Fossil fuel electric power generation","State, NAICS 6-digit -- by ownership sector","All establishment sizes",15,226,41372936,6438756,173854,3518,182931,"",0.64,0.28,0.30,0.33,0.71,1.07,1.07,"",-3,-16.7,-13,-5.4,2342105,6.0,2345779,57.3,86561,99.2,376,12.0,19565,12.0
"09000","5","221113","58","0","2024","A","N","Connecticut -- Statewide","Private","NAICS 221113 Nuclear electric power generation","State, NAICS 6-digit -- by ownership sector","All establishment sizes",3,0,0,0,0,0,0,"N",1.35,0,0,0,0,0,0,"N",0,0.0,0,0,0,0,0,0,0,0,0,0,0,0
"09000","5","221114","58","0","2024","A","","Connecticut -- Statewide","Private","NAICS 221114 Solar electric power generation","State, NAICS 6-digit -- by ownership sector","All establishment sizes",27,109,16990367,3411283,84058,2993,155637,"",0.89,0.60,0.64,0.68,0.60,1.05,1.05,"",5,22.7,9,9.0,1666786,10.9,1394597,69.2,41796,98.9,34,1.1,1760,1.1
"09000","5","221117","58","0","2024","A","","Connecticut -- Statewide","Private","NAICS 221117 Biomass electric power generation","State, NAICS 6-digit -- by ownership sector","All establishment sizes",4,39,4313805,1215389,44998,2109,109673,"",1.46,1.52,1.27,1.63,3.05,0.83,0.83,"",-2,-33.3,2,5.4,171398,4.1,530589,77.5,3616,8.7,-30,-1.4,-1533,-1.4
"09000","5","221118","58","0","2024","A","N","Connecticut -- Statewide","Private","NAICS 221118 Other electric power generation","State, NAICS 6-digit -- by ownership sector","All establishment sizes",5,0,0,0,0,0,0,"N",0.52,0,0,0,0,0,0,"N",3,150.0,0,0,0,0,0,0,0,0,0,0,0,0
"09000","5","22112","57","0","2024","A","","Connecticut -- Statewide","Private","NAICS 22112 Electric power transmission, control, and distribution","State, NAICS 5-digit -- by ownership sector","All establishment sizes",72,2310,400773922,62443718,827148,3337,173501,"",0.80,0.83,0.91,0.93,1.25,1.10,1.10,"",6,9.1,129,5.9,47485182,13.4,25445370,68.8,157076,23.4,222,7.1,11498,7.1
"09000","5","221121","58","0","2024","A","N","Connecticut -- Statewide","Private","NAICS 221121 Electric bulk power transmission and control","State, NAICS 6-digit -- by ownership sector","All establishment sizes",4,0,0,0,0,0,0,"N",0.37,0,0,0,0,0,0,"N",0,0.0,0,0,0,0,0,0,0,0,0,0,0,0
"09000","5","221122","58","0","2024","A","N","Connecticut -- Statewide","Private","NAICS 221122 Electric power distribution","State, NAICS 6-digit -- by ownership sector","All establishment sizes",68,0,0,0,0,0,0,"N",0.85,0,0,0,0,0,0,"N",6,9.7,0,0,0,0,0,0,0,0,0,0,0,0
"09000","5","2212","56","0","2024","A","","Connecticut -- Statewide","Private","NAICS 2212 Natural gas distribution","State, NAICS 4-digit -- by ownership sector","All establishment sizes",25,808,108888102,21549714,354304,2592,134804,"",0.61,0.64,0.53,0.78,0.86,0.82,0.82,"",-3,-10.7,32,4.1,6643641,6.5,8437070,64.3,129996,58.0,58,2.3,3046,2.3
"09000","5","22121","57","0","2024","A","","Connecticut -- Statewide","Private","NAICS 22121 Natural gas distribution","State, NAICS 5-digit -- by ownership sector","All establishment sizes",25,808,108888102,21549714,354304,2592,134804,"",0.61,0.64,0.53,0.78,0.86,0.82,0.82,"",-3,-10.7,32,4.1,6643641,6.5,8437070,64.3,129996,58.0,58,2.3,3046,2.3
"09000","5","221210","58","0","2024","A","","Connecticut -- Statewide","Private","NAICS 221210 Natural gas distribution","State, NAICS 6-digit -- by ownership sector","All establishment sizes",25,808,108888102,21549714,354304,2592,134804,"",0.61,0.64,0.53,0.78,0.86,0.82,0.82,"",-3,-10.7,32,4.1,6643641,6.5,8437070,64.3,129996,58.0,58,2.3,3046,2.3
"09000","5","2213","56","0","2024","A","","Connecticut -- Statewide","Private","NAICS 2213 Water, sewage and other systems","State, NAICS 4-digit -- by ownership sector","All establishment sizes",48,848,94787961,20859980,298365,2149,111723,"",0.57,1.28,1.55,1.35,1.28,1.21,1.21,"",2,4.3,41,5.1,9460872,11.1,8433101,67.9,68629,29.9,116,5.7,6011,5.7
"09000","5","22131","57","0","2024","A","","Connecticut -- Statewide","Private","NAICS 22131 Water supply and irrigation systems","State, NAICS 5-digit -- by ownership sector","All establishment sizes",42,649,70827701,15687870,234387,2098,109120,"",0.58,1.14,1.35,1.20,1.20,1.18,1.18,"",2,5.0,36,5.9,8178888,13.1,6427395,69.4,64070,37.6,132,6.7,6864,6.7
"09000","5","221310","58","0","2024","A","","Connecticut -- Statewide","Private","NAICS 221310 Water supply and irrigation systems","State, NAICS 6-digit -- by ownership sector","All establishment sizes",42,649,70827701,15687870,234387,2098,109120,"",0.58,1.14,1.35,1.20,1.20,1.18,1.18,"",2,5.0,36,5.9,8178888,13.1,6427395,69.4,64070,37.6,132,6.7,6864,6.7
"09000","5","22132","57","0","2024","A","N","Connecticut -- Statewide","Private","NAICS 22132 Sewage treatment facilities","State, NAICS 5-digit -- by ownership sector","All establishment sizes",5,0,0,0,0,0,0,"N",0.53,0,0,0,0,0,0,"N",0,0.0,0,0,0,0,0,0,0,0,0,0,0,0
"09000","5","221320","58","0","2024","A","N","Connecticut -- Statewide","Private","NAICS 221320 Sewage treatment facilities","State, NAICS 6-digit -- by ownership sector","All establishment sizes",5,0,0,0,0,0,0,"N",0.53,0,0,0,0,0,0,"N",0,0.0,0,0,0,0,0,0,0,0,0,0,0,0
"09000","5","22133","57","0","2024","A","N","Connecticut -- Statewide","Private","NAICS 22133 Steam and air-conditioning supply","State, NAICS 5-digit -- by ownership sector","All establishment sizes",1,0,0,0,0,0,0,"N",0.53,0,0,0,0,0,0,"N",0,0.0,0,0,0,0,0,0,0,0,0,0,0,0
"09000","5","221330","58","0","2024","A","N","Connecticut -- Statewide","Private","NAICS 221330 Steam and air-conditioning supply","State, NAICS 6-digit -- by ownership sector","All establishment sizes",1,0,0,0,0,0,0,"N",0.53,0,0,0,0,0,0,"N",0,0.0,0,0,0,0,0,0,0,0,0,0,0,0
"09000","5","23","54","0","2024","A","","Connecticut -- Statewide","Private","NAICS 23 Construction","State, NAICS Sector -- by ownership sector","All establishment sizes",9742,63272,5538626297,1912687725,67198654,1683,87536,"",0.84,0.72,0.67,0.75,0.84,0.93,0.93,"",84,0.9,1562,2.5,342747511,6.6,698242206,57.5,23718344,54.5,64,4.0,3337,4.0
"09000","5","236","55","0","2024","A","","Connecticut -- Statewide","Private","NAICS 236 Construction of buildings","State, NAICS 3-digit -- by ownership sector","All establishment sizes",2496,11544,1101485002,335667096,8413955,1835,95416,"",0.69,0.58,0.54,0.59,0.52,0.93,0.93,"",-47,-1.8,73,0.6,56780343,5.4,119701668,55.4,2538411,43.2,84,4.8,4346,4.8
"09000","5","2361","56","0","2024","A","","Connecticut -- Statewide","Private","NAICS 2361 Residential building construction","State, NAICS 4-digit -- by ownership sector","All establishment sizes",1929,6313,492771647,180932880,3797443,1501,78061,"",0.69,0.62,0.55,0.63,0.59,0.88,0.88,"",-61,-3.1,65,1.0,21981621,4.7,63949955,54.7,1031395,37.3,52,3.6,2711,3.6
"09000","5","23611","57","0","2024","A","","Connecticut -- Statewide","Private","NAICS 23611 Residential building construction","State, NAICS 5-digit -- by ownership sector","All establishment sizes",1929,6313,492771647,180932880,3797443,1501,78061,"",0.69,0.62,0.55,0.63,0.59,0.88,0.88,"",-61,-3.1,65,1.0,21981621,4.7,63949955,54.7,1031395,37.3,52,3.6,2711,3.6
"09000","5","236115","58","0","2024","A","","Connecticut -- Statewide","Private","NAICS 236115 New single-family housing construction (except for-sale builders)","State, NAICS 6-digit -- by ownership sector","All establishment sizes",478,1570,142688838,43716366,951960,1748,90904,"",0.43,0.38,0.37,0.36,0.38,0.97,0.97,"",-4,-0.8,-48,-3.0,1359888,1.0,14542221,49.8,264478,38.5,68,4.0,3547,4.1
"09000","5","236116","58","0","2024","A","","Connecticut -- Statewide","Private","NAICS 236116 New multifamily housing construction (except for-sale builders)","State, NAICS 6-digit -- by ownership sector","All establishment sizes",34,164,18482653,5052549,145816,2174,113044,"",0.53,0.33,0.30,0.34,0.37,0.92,0.92,"",2,6.2,34,26.2,4935262,36.4,2624426,108.1,67021,85.1,167,8.3,8700,8.3
"09000","5","236117","58","0","2024","A","","Connecticut -- Statewide","Private","NAICS 236117 New housing for-sale builders","State, NAICS 6-digit -- by ownership sector","All establishment sizes",52,213,20072883,6187608,130644,1812,94202,"",0.77,0.34,0.21,0.35,0.39,0.63,0.63,"",-6,-10.3,0,0.0,1120840,5.9,2292639,58.9,38211,41.3,104,6.1,5399,6.1
"09000","5","236118","58","0","2024","A","","Connecticut -- Statewide","Private","NAICS 236118 Residential remodelers","State, NAICS 6-digit -- by ownership sector","All establishment sizes",1364,4366,311527273,125976357,2569023,1372,71346,"",0.87,0.88,0.87,0.95,0.80,0.99,0.99,"",-54,-3.8,79,1.8,14565631,4.9,44490669,54.6,661685,34.7,40,3.0,2076,3.0
"09000","5","2362","56","0","2024","A","","Connecticut -- Statewide","Private","NAICS 2362 Nonresidential building construction","State, NAICS 4-digit -- by ownership sector","All establishment sizes",567,5231,608713355,154734216,4616512,2238,116359,"",0.71,0.53,0.53,0.54,0.48,1.00,1.00,"",15,2.7,8,0.2,34798722,6.1,55751713,56.3,1507016,48.5,125,5.9,6484,5.9
"09000","5","23621","57","0","2024","A","","Connecticut -- Statewide","Private","NAICS 23621 Industrial building construction","State, NAICS 5-digit -- by ownership sector","All establishment sizes",27,149,14581749,3945179,85543,1877,97591,"",0.31,0.08,0.07,0.07,0.04,0.85,0.85,"",0,0.0,-21,-12.4,-2177125,-13.0,766951,24.1,4555,5.6,-19,-1.0,-991,-1.0
"09000","5","236210","58","0","2024","A","","Connecticut -- Statewide","Private","NAICS 236210 Industrial building construction","State, NAICS 6-digit -- by ownership sector","All establishment sizes",27,149,14581749,3945179,85543,1877,97591,"",0.31,0.08,0.07,0.07,0.04,0.85,0.85,"",0,0.0,-21,-12.4,-2177125,-13.0,766951,24.1,4555,5.6,-19,-1.0,-991,-1.0
"09000","5","23622","57","0","2024","A","","Connecticut -- Statewide","Private","NAICS 23622 Commercial and institutional building construction","State, NAICS 5-digit -- by ownership sector","All establishment sizes",540,5082,594131606,150789037,4530969,2248,116911,"",0.76,0.63,0.63,0.65,0.61,1.00,1.00,"",15,2.9,29,0.6,36975847,6.6,54984762,57.4,1502461,49.6,128,6.0,6656,6.0
"09000","5","236220","58","0","2024","A","","Connecticut -- Statewide","Private","NAICS 236220 Commercial and institutional building construction","State, NAICS 6-digit -- by ownership sector","All establishment sizes",540,5082,594131606,150789037,4530969,2248,116911,"",0.76,0.63,0.63,0.65,0.61,1.00,1.00,"",15,2.9,29,0.6,36975847,6.6,54984762,57.4,1502461,49.6,128,6.0,6656,6.0
"09000","5","237","55","0","2024","A","","Connecticut -- Statewide","Private","NAICS 237 Heavy and civil engineering construction","State, NAICS 3-digit -- by ownership sector","All establishment sizes",498,6887,770575511,229412707,12170855,2152,111892,"",0.69,0.55,0.56,0.61,0.79,1.01,1.01,"",9,1.8,-175,-2.5,16087983,2.1,75955736,49.5,4685356,62.6,98,4.8,5061,4.7
"09000","5","2371","56","0","2024","A","","Connecticut -- Statewide","Private","NAICS 2371 Utility system construction","State, NAICS 4-digit -- by ownership sector","All establishment sizes",244,3174,357494091,105853964,4703984,2166,112620,"",0.65,0.49,0.50,0.54,0.67,1.02,1.02,"",5,2.1,-196,-5.8,-2028699,-0.6,32291298,43.9,1594447,51.3,114,5.6,5929,5.6
"09000","5","23711","57","0","2024","A","","Connecticut -- Statewide","Private","NAICS 23711 Water and sewer line and related structures construction","State, NAICS 5-digit -- by ownership sector","All establishment sizes",96,885,90885670,26219345,1415076,1975,102686,"",0.60,0.38,0.40,0.41,0.66,1.04,1.04,"",-1,-1.0,8,0.9,6541584,7.8,9546130,57.3,600898,73.8,124,6.7,6458,6.7
"09000","5","237110","58","0","2024","A","","Connecticut -- Statewide","Private","NAICS 237110 Water and sewer line and related structures construction","State, NAICS 6-digit -- by ownership sector","All establishment sizes",96,885,90885670,26219345,1415076,1975,102686,"",0.60,0.38,0.40,0.41,0.66,1.04,1.04,"",-1,-1.0,8,0.9,6541584,7.8,9546130,57.3,600898,73.8,124,6.7,6458,6.7
"09000","5","23712","57","0","2024","A","","Connecticut -- Statewide","Private","NAICS 23712 Oil and gas pipeline and related structures construction","State, NAICS 5-digit -- by ownership sector","All establishment sizes",21,659,72304463,21175650,1376141,2109,109663,"",0.39,0.42,0.40,0.41,0.59,0.94,0.94,"",-3,-12.5,84,14.6,13462303,22.9,9832109,86.7,734505,114.5,142,7.2,7358,7.2
"09000","5","237120","58","0","2024","A","","Connecticut -- Statewide","Private","NAICS 237120 Oil and gas pipeline and related structures construction","State, NAICS 6-digit -- by ownership sector","All establishment sizes",21,659,72304463,21175650,1376141,2109,109663,"",0.39,0.42,0.40,0.41,0.59,0.94,0.94,"",-3,-12.5,84,14.6,13462303,22.9,9832109,86.7,734505,114.5,142,7.2,7358,7.2
"09000","5","23713","57","0","2024","A","","Connecticut -- Statewide","Private","NAICS 23713 Power and communication line and related structures construction","State, NAICS 5-digit -- by ownership sector","All establishment sizes",126,1630,194303958,58458969,1912767,2293,119211,"",0.77,0.63,0.64,0.71,0.74,1.03,1.03,"",8,6.8,-288,-15.0,-22032586,-10.2,12913059,28.4,259044,15.7,124,5.7,6423,5.7
"09000","5","237130","58","0","2024","A","","Connecticut -- Statewide","Private","NAICS 237130 Power and communication line and related structures construction","State, NAICS 6-digit -- by ownership sector","All establishment sizes",126,1630,194303958,58458969,1912767,2293,119211,"",0.77,0.63,0.64,0.71,0.74,1.03,1.03,"",8,6.8,-288,-15.0,-22032586,-10.2,12913059,28.4,259044,15.7,124,5.7,6423,5.7
"09000","5","2372","56","0","2024","A","","Connecticut -- Statewide","Private","NAICS 2372 Land subdivision","State, NAICS 4-digit -- by ownership sector","All establishment sizes",30,85,14996928,2355821,34452,3390,176262,"",0.42,0.21,0.28,0.23,0.19,1.32,1.32,"",0,0.0,-7,-7.6,-994671,-6.2,735766,45.4,-3618,-9.5,44,1.3,2283,1.3
"09000","5","23721","57","0","2024","A","","Connecticut -- Statewide","Private","NAICS 23721 Land subdivision","State, NAICS 5-digit -- by ownership sector","All establishment sizes",30,85,14996928,2355821,34452,3390,176262,"",0.42,0.21,0.28,0.23,0.19,1.32,1.32,"",0,0.0,-7,-7.6,-994671,-6.2,735766,45.4,-3618,-9.5,44,1.3,2283,1.3
"09000","5","237210","58","0","2024","A","","Connecticut -- Statewide","Private","NAICS 237210 Land subdivision","State, NAICS 6-digit -- by ownership sector","All establishment sizes",30,85,14996928,2355821,34452,3390,176262,"",0.42,0.21,0.28,0.23,0.19,1.32,1.32,"",0,0.0,-7,-7.6,-994671,-6.2,735766,45.4,-3618,-9.5,44,1.3,2283,1.3
"09000","5","2373","56","0","2024","A","","Connecticut -- Statewide","Private","NAICS 2373 Highway, street, and bridge construction","State, NAICS 4-digit -- by ownership sector","All establishment sizes",142,2857,315078967,96892858,6417940,2121,110283,"",0.94,0.70,0.72,0.77,0.97,1.02,1.02,"",4,2.9,49,1.7,17763593,6.0,36408958,60.2,2848694,79.8,85,4.2,4398,4.2
"09000","5","23731","57","0","2024","A","","Connecticut -- Statewide","Private","NAICS 23731 Highway, street, and bridge construction","State, NAICS 5-digit -- by ownership sector","All establishment sizes",142,2857,315078967,96892858,6417940,2121,110283,"",0.94,0.70,0.72,0.77,0.97,1.02,1.02,"",4,2.9,49,1.7,17763593,6.0,36408958,60.2,2848694,79.8,85,4.2,4398,4.2
"09000","5","237310","58","0","2024","A","","Connecticut -- Statewide","Private","NAICS 237310 Highway, street, and bridge construction","State, NAICS 6-digit -- by ownership sector","All establishment sizes",142,2857,315078967,96892858,6417940,2121,110283,"",0.94,0.70,0.72,0.77,0.97,1.02,1.02,"",4,2.9,49,1.7,17763593,6.0,36408958,60.2,2848694,79.8,85,4.2,4398,4.2
"09000","5","2379","56","0","2024","A","","Connecticut -- Statewide","Private","NAICS 2379 Other heavy and civil engineering construction","State, NAICS 4-digit -- by ownership sector","All establishment sizes",82,770,83005525,24310064,1014479,2072,107753,"",0.67,0.52,0.49,0.57,0.60,0.95,0.95,"",-1,-1.2,-23,-2.9,1347760,1.7,6519714,36.6,245833,32.0,91,4.6,4758,4.6
"09000","5","23799","57","0","2024","A","","Connecticut -- Statewide","Private","NAICS 23799 Other heavy and civil engineering construction","State, NAICS 5-digit -- by ownership sector","All establishment sizes",82,770,83005525,24310064,1014479,2072,107753,"",0.67,0.52,0.49,0.57,0.60,0.95,0.95,"",-1,-1.2,-23,-2.9,1347760,1.7,6519714,36.6,245833,32.0,91,4.6,4758,4.6
"09000","5","237990","58","0","2024","A","","Connecticut -- Statewide","Private","NAICS 237990 Other heavy and civil engineering construction","State, NAICS 6-digit -- by ownership sector","All establishment sizes",82,770,83005525,24310064,1014479,2072,107753,"",0.67,0.52,0.49,0.57,0.60,0.95,0.95,"",-1,-1.2,-23,-2.9,1347760,1.7,6519714,36.6,245833,32.0,91,4.6,4758,4.6
"09000","5","238","55","0","2024","A","","Connecticut -- Statewide","Private","NAICS 238 Specialty trade contractors","State, NAICS 3-digit -- by ownership sector","All establishment sizes",6748,44842,3666565784,1347607922,46613844,1572,81767,"",0.93,0.80,0.75,0.85,0.97,0.94,0.94,"",121,1.8,1666,3.9,269879185,7.9,502584802,59.5,16494577,54.8,59,3.9,3096,3.9
"09000","5","2381","56","0","2024","A","","Connecticut -- Statewide","Private","NAICS 2381 Building foundation and exterior contractors","State, NAICS 4-digit -- by ownership sector","All establishment sizes",1120,6987,543511567,219271293,9080103,1496,77790,"",0.77,0.65,0.63,0.71,0.96,0.97,0.97,"",9,0.8,384,5.8,44730498,9.0,82932744,60.8,3643466,67.0,43,3.0,2252,3.0
"09000","5","23811","57","0","2024","A","","Connecticut -- Statewide","Private","NAICS 23811 Poured concrete structure contractors","State, NAICS 5-digit -- by ownership sector","All establishment sizes",194,1242,88609359,38387670,1672964,1372,71320,"",0.63,0.45,0.39,0.48,0.69,0.88,0.88,"",-4,-2.0,56,4.7,6923297,8.5,13563168,54.6,599214,55.8,48,3.6,2454,3.6
"09000","5","238111","58","0","2024","A","","Connecticut -- Statewide","Private","NAICS 238111 Residential poured foundation contractors","State, NAICS 6-digit -- by ownership sector","All establishment sizes",126,604,38202405,18246794,743624,1217,63284,"",0.56,0.45,0.39,0.46,0.64,0.88,0.88,"",-4,-3.1,22,3.8,2922889,8.3,6230259,51.8,267601,56.2,51,4.4,2649,4.4
"09000","5","238112","58","0","2024","A","","Connecticut -- Statewide","Private","NAICS 238112 Nonresidential poured foundation contractors","State, NAICS 6-digit -- by ownership sector","All establishment sizes",68,639,50406954,20140876,929340,1518,78915,"",0.84,0.45,0.40,0.51,0.73,0.88,0.88,"",0,0.0,35,5.8,4000408,8.6,7332909,57.3,331613,55.5,41,2.8,2125,2.8
"09000","5","23812","57","0","2024","A","","Connecticut -- Statewide","Private","NAICS 23812 Steel and precast concrete contractors","State, NAICS 5-digit -- by ownership sector","All establishment sizes",72,568,48613192,17824332,750646,1646,85612,"",1.03,0.60,0.55,0.63,0.70,0.92,0.92,"",4,5.9,-11,-1.9,-2185218,-4.3,4952818,38.5,361944,93.1,-42,-2.5,-2148,-2.4
"09000","5","238121","58","0","2024","A","","Connecticut -- Statewide","Private","NAICS 238121 Residential structural steel contractors","State, NAICS 6-digit -- by ownership sector","All establishment sizes",14,60,4417423,1854796,49606,1408,73217,"",0.74,0.38,0.35,0.43,0.37,0.90,0.90,"",3,27.3,1,1.7,426115,10.7,685191,58.6,24784,99.8,109,8.4,5663,8.4
"09000","5","238122","58","0","2024","A","","Connecticut -- Statewide","Private","NAICS 238122 Nonresidential structural steel contractors","State, NAICS 6-digit -- by ownership sector","All establishment sizes",58,508,44195769,15969536,701040,1675,87085,"",1.14,0.64,0.59,0.66,0.75,0.92,0.92,"",0,0.0,-12,-2.3,-2611333,-5.6,4267627,36.5,337160,92.7,-57,-3.3,-2972,-3.3
"09000","5","23813","57","0","2024","A","","Connecticut -- Statewide","Private","NAICS 23813 Framing contractors","State, NAICS 5-digit -- by ownership sector","All establishment sizes",66,332,19358071,10318183,180650,1120,58249,"",0.46,0.36,0.31,0.36,0.27,0.85,0.85,"",-4,-5.7,-34,-9.3,-2370274,-10.9,2462285,31.3,20766,13.0,-23,-2.0,-1186,-2.0
"09000","5","238131","58","0","2024","A","","Connecticut -- Statewide","Private","NAICS 238131 Residential framing contractors","State, NAICS 6-digit -- by ownership sector","All establishment sizes",50,175,9238059,5262105,85264,1015,52764,"",0.40,0.24,0.20,0.23,0.18,0.82,0.82,"",-4,-7.4,-11,-5.9,-1341128,-12.7,1281737,32.2,1169,1.4,-81,-7.4,-4215,-7.4
"09000","5","238132","58","0","2024","A","","Connecticut -- Statewide","Private","NAICS 238132 Nonresidential framing contractors","State, NAICS 6-digit -- by ownership sector","All establishment sizes",16,157,10120012,5056078,95386,1238,64356,"",0.81,0.79,0.61,0.81,0.52,0.77,0.77,"",1,6.7,-23,-12.8,-1029146,-9.2,1180548,30.5,19597,25.9,46,3.9,2388,3.9
"09000","5","23814","57","0","2024","A","","Connecticut -- Statewide","Private","NAICS 23814 Masonry contractors","State, NAICS 5-digit -- by ownership sector","All establishment sizes",336,1666,121636340,54128863,2659484,1404,73026,"",1.40,1.09,1.09,1.21,1.54,1.00,1.00,"",8,2.4,127,8.3,9840102,8.8,21625469,66.5,1120907,72.9,7,0.5,396,0.5
"09000","5","238141","58","0","2024","A","","Connecticut -- Statewide","Private","NAICS 238141 Residential masonry contractors","State, NAICS 6-digit -- by ownership sector","All establishment sizes",280,840,54270163,26502827,1051570,1243,64614,"",1.54,1.08,1.08,1.18,1.61,1.00,1.00,"",2,0.7,44,5.5,3927206,7.8,10363576,64.2,436209,70.9,26,2.1,1329,2.1
"09000","5","238142","58","0","2024","A","","Connecticut -- Statewide","Private","NAICS 238142 Nonresidential masonry contractors","State, NAICS 6-digit -- by ownership sector","All establishment sizes",56,826,67366177,27626036,1607914,1569,81582,"",0.97,1.10,1.09,1.24,1.50,1.00,1.00,"",5,9.8,82,11.0,5912896,9.6,11261893,68.8,684698,74.2,-20,-1.3,-1044,-1.3
"09000","5","23815","57","0","2024","A","","Connecticut -- Statewide","Private","NAICS 23815 Glass and glazing contractors","State, NAICS 5-digit -- by ownership sector","All establishment sizes",86,724,66657672,20532213,842314,1770,92058,"",0.88,0.90,0.98,0.95,1.27,1.09,1.09,"",0,0.0,41,6.0,6041241,10.0,7434527,56.8,326508,63.3,64,3.8,3329,3.8
"09000","5","238151","58","0","2024","A","","Connecticut -- Statewide","Private","NAICS 238151 Residential glass and glazing contractors","State, NAICS 6-digit -- by ownership sector","All establishment sizes",40,260,20953212,7287334,191380,1547,80460,"",0.69,0.84,0.94,0.92,1.05,1.11,1.11,"",1,2.6,48,22.6,3732872,21.7,3289799,82.3,85326,80.5,-18,-1.2,-928,-1.1
"09000","5","238152","58","0","2024","A","","Connecticut -- Statewide","Private","NAICS 238152 Nonresidential glass and glazing contractors","State, NAICS 6-digit -- by ownership sector","All establishment sizes",46,464,45704460,13244879,650934,1896,98572,"",1.15,0.93,1.00,0.96,1.36,1.07,1.07,"",-1,-2.1,-8,-1.7,2308369,5.3,4144728,45.5,241182,58.9,126,7.1,6550,7.1
"09000","5","23816","57","0","2024","A","","Connecticut -- Statewide","Private","NAICS 23816 Roofing contractors","State, NAICS 5-digit -- by ownership sector","All establishment sizes",226,1798,150307425,56664662,2450396,1608,83601,"",0.58,0.66,0.67,0.77,1.16,1.01,1.01,"",13,6.1,157,9.6,19672322,15.1,24218916,74.6,1022473,71.6,77,5.0,3990,5.0
"09000","5","238161","58","0","2024","A","","Connecticut -- Statewide","Private","NAICS 238161 Residential roofing contractors","State, NAICS 6-digit -- by ownership sector","All establishment sizes",148,706,55463935,23041881,798649,1511,78579,"",0.47,0.48,0.50,0.58,0.86,1.05,1.05,"",9,6.5,108,18.1,11085136,25.0,10898612,89.8,318434,66.3,84,5.9,4388,5.9
"09000","5","238162","58","0","2024","A","","Connecticut -- Statewide","Private","NAICS 238162 Nonresidential roofing contractors","State, NAICS 6-digit -- by ownership sector","All establishment sizes",78,1092,94843490,33622781,1651747,1670,86846,"",1.01,0.87,0.83,1.01,1.40,0.95,0.95,"",3,4.0,49,4.7,8587186,10.0,13320304,65.6,704039,74.3,79,5.0,4126,5.0
"09000","5","23817","57","0","2024","A","","Connecticut -- Statewide","Private","NAICS 23817 Siding contractors","State, NAICS 5-digit -- by ownership sector","All establishment sizes",73,322,23063117,9516102,273724,1378,71662,"",0.67,0.69,0.69,0.64,0.77,1.00,1.00,"",-2,-2.7,27,9.2,2604200,12.7,3755216,65.2,105560,62.8,45,3.4,2329,3.4
"09000","5","238171","58","0","2024","A","","Connecticut -- Statewide","Private","NAICS 238171 Residential siding contractors","State, NAICS 6-digit -- by ownership sector","All establishment sizes",66,307,21893817,8996494,239549,1373,71393,"",0.65,0.75,0.77,0.69,0.83,1.03,1.03,"",-2,-2.9,23,8.1,2305866,11.8,3472558,62.9,84819,54.8,47,3.5,2442,3.5
"09000","5","238172","58","0","2024","A","","Connecticut -- Statewide","Private","NAICS 238172 Nonresidential siding contractors","State, NAICS 6-digit -- by ownership sector","All establishment sizes",6,15,1169300,519608,34175,1483,77097,"",0.83,0.27,0.23,0.27,0.52,0.84,0.84,"",-1,-14.3,4,36.4,298334,34.3,282658,119.3,20741,154.4,-40,-2.6,-2082,-2.6
"09000","5","23819","57","0","2024","A","","Connecticut -- Statewide","Private","NAICS 23819 Other building exterior contractors","State, NAICS 5-digit -- by ownership sector","All establishment sizes",68,335,25266391,11899268,249925,1451,75460,"",0.66,0.61,0.55,0.75,0.58,0.90,0.90,"",-5,-6.8,21,6.7,4204828,20.0,4920345,70.5,86094,52.6,161,12.5,8403,12.5
"09000","5","238191","58","0","2024","A","","Connecticut -- Statewide","Private","NAICS 238191 Other residential exterior contractors","State, NAICS 6-digit -- by ownership sector","All establishment sizes",34,64,3600396,1915699,38275,1090,56699,"",0.56,0.27,0.20,0.28,0.24,0.76,0.76,"",-3,-8.1,-5,-7.2,-113141,-3.0,593329,44.9,146,0.4,49,4.7,2553,4.7
"09000","5","238192","58","0","2024","A","","Connecticut -- Statewide","Private","NAICS 238192 Other nonresidential exterior contractors","State, NAICS 6-digit -- by ownership sector","All establishment sizes",34,271,21665995,9983569,211650,1536,79850,"",0.81,0.87,0.76,1.11,0.77,0.88,0.88,"",-2,-5.6,25,10.2,4317969,24.9,4327016,76.5,85948,68.4,177,13.0,9186,13.0
"09000","5","2382","56","0","2024","A","","Connecticut -- Statewide","Private","NAICS 2382 Building equipment contractors","State, NAICS 4-digit -- by ownership sector","All establishment sizes",3111,24188,2096135432,707048006,19244856,1667,86662,"",1.08,0.88,0.81,0.91,0.88,0.92,0.92,"",87,2.9,940,4.0,154233062,7.9,269706911,61.7,6201462,47.5,61,3.8,3131,3.7
"09000","5","23821","57","0","2024","A","","Connecticut -- Statewide","Private","NAICS 23821 Electrical and wiring contractors","State, NAICS 5-digit -- by ownership sector","All establishment sizes",1486,10130,838687285,297401529,8331933,1592,82788,"",1.21,0.86,0.74,0.88,0.82,0.86,0.86,"",45,3.1,172,1.7,50360614,6.4,110472811,59.1,2738447,49.0,70,4.6,3621,4.6
"09000","5","238211","58","0","2024","A","","Connecticut -- Statewide","Private","NAICS 238211 Residential electrical contractors","State, NAICS 6-digit -- by ownership sector","All establishment sizes",952,4273,298879685,123261599,2561694,1345,69942,"",1.27,1.09,0.97,1.10,1.07,0.88,0.88,"",18,1.9,-100,-2.3,8439726,2.9,40921464,49.7,467365,22.3,68,5.3,3532,5.3
"09000","5","238212","58","0","2024","A","","Connecticut -- Statewide","Private","NAICS 238212 Nonresidential electrical contractors","State, NAICS 6-digit -- by ownership sector","All establishment sizes",534,5857,539807600,174139930,5770239,1772,92161,"",1.12,0.74,0.65,0.77,0.75,0.88,0.88,"",27,5.3,273,4.9,41920888,8.4,69551347,66.5,2271082,64.9,57,3.3,3003,3.4
"09000","5","23822","57","0","2024","A","","Connecticut -- Statewide","Private","NAICS 23822 Plumbing and hvac contractors","State, NAICS 5-digit -- by ownership sector","All establishment sizes",1477,12713,1094638053,374125352,10018886,1656,86103,"",0.98,0.91,0.86,0.96,0.97,0.95,0.95,"",22,1.5,511,4.2,61787126,6.0,144032400,62.6,3206988,47.1,28,1.7,1460,1.7
"09000","5","238221","58","0","2024","A","","Connecticut -- Statewide","Private","NAICS 238221 Residential plumbing and hvac contractors","State, NAICS 6-digit -- by ownership sector","All establishment sizes",1081,6139,467697589,177938122,3602213,1465,76190,"",0.94,0.84,0.83,0.90,0.90,0.98,0.98,"",13,1.2,63,1.0,19621339,4.4,65005809,57.6,920296,34.3,47,3.3,2450,3.3
"09000","5","238222","58","0","2024","A","","Connecticut -- Statewide","Private","NAICS 238222 Nonresidential plumbing and hvac contractors","State, NAICS 6-digit -- by ownership sector","All establishment sizes",396,6575,626940464,196187230,6416673,1834,95358,"",1.09,0.99,0.89,1.03,1.02,0.91,0.91,"",9,2.3,449,7.3,42165787,7.2,79026591,67.5,2286692,55.4,-2,-0.1,-100,-0.1
"09000","5","23829","57","0","2024","A","","Connecticut -- Statewide","Private","NAICS 23829 Other building equipment contractors","State, NAICS 5-digit -- by ownership sector","All establishment sizes",148,1344,162810094,35521125,894037,2330,121146,"",0.95,0.78,0.83,0.71,0.59,1.08,1.07,"",19,14.7,257,23.6,42085322,34.9,15201700,74.8,256027,40.1,195,9.1,10126,9.1
"09000","5","238291","58","0","2024","A","","Connecticut -- Statewide","Private","NAICS 238291 Other residential equipment contractors","State, NAICS 6-digit -- by ownership sector","All establishment sizes",28,172,14472325,5093502,190376,1619,84182,"",0.71,0.99,1.06,1.08,1.59,1.07,1.07,"",6,27.3,9,5.5,1696868,13.3,2145012,72.7,65472,52.4,109,7.2,5644,7.2
"09000","5","238292","58","0","2024","A","","Connecticut -- Statewide","Private","NAICS 238292 Other nonresidential equipment contractors","State, NAICS 6-digit -- by ownership sector","All establishment sizes",120,1172,148337769,30427623,703661,2434,126568,"",1.03,0.75,0.82,0.68,0.51,1.09,1.09,"",13,12.1,247,26.7,40388454,37.4,13056688,75.2,190555,37.1,189,8.4,9834,8.4
"09000","5","2383","56","0","2024","A","","Connecticut -- Statewide","Private","NAICS 2383 Building finishing contractors","State, NAICS 4-digit -- by ownership sector","All establishment sizes",1368,5919,391680693,177237261,6087243,1273,66176,"",0.80,0.65,0.57,0.69,0.80,0.87,0.87,"",0,0.0,28,0.5,12649016,3.3,59649080,50.7,2031777,50.1,36,2.9,1838,2.9
"09000","5","23831","57","0","2024","A","","Connecticut -- Statewide","Private","NAICS 23831 Drywall and insulation contractors","State, NAICS 5-digit -- by ownership sector","All establishment sizes",202,2086,151880553,66082489,2874845,1400,72795,"",0.74,0.77,0.67,0.82,1.06,0.87,0.87,"",-7,-3.3,-25,-1.2,2261482,1.5,21183736,47.2,999317,53.3,37,2.7,1927,2.7
"09000","5","238311","58","0","2024","A","","Connecticut -- Statewide","Private","NAICS 238311 Residential drywall contractors","State, NAICS 6-digit -- by ownership sector","All establishment sizes",119,628,37338904,18251652,413928,1144,59496,"",0.60,0.48,0.41,0.48,0.49,0.85,0.85,"",-9,-7.0,-23,-3.5,-704603,-1.9,5475692,42.9,91486,28.4,20,1.8,1027,1.8
"09000","5","238312","58","0","2024","A","","Connecticut -- Statewide","Private","NAICS 238312 Nonresidential drywall contractors","State, NAICS 6-digit -- by ownership sector","All establishment sizes",83,1459,114541649,47830837,2460917,1510,78516,"",1.10,1.04,0.85,1.12,1.32,0.82,0.82,"",1,1.2,-2,-0.1,2966085,2.7,15708044,48.9,907831,58.5,41,2.8,2125,2.8
"09000","5","23832","57","0","2024","A","","Connecticut -- Statewide","Private","NAICS 23832 Painting and wall covering contractors","State, NAICS 5-digit -- by ownership sector","All establishment sizes",481,1548,89778294,46138675,1561091,1116,58009,"",0.93,0.69,0.60,0.75,0.85,0.86,0.86,"",-2,-0.4,24,1.6,3051861,3.5,15955110,52.9,542871,53.3,22,2.0,1114,2.0
"09000","5","238321","58","0","2024","A","","Connecticut -- Statewide","Private","NAICS 238321 Residential painting contractors","State, NAICS 6-digit -- by ownership sector","All establishment sizes",401,1015,54047418,29217996,834150,1024,53236,"",0.92,0.72,0.66,0.75,0.93,0.91,0.91,"",-4,-1.0,9,0.9,947036,1.8,9697487,49.7,263791,46.2,9,0.9,457,0.9
"09000","5","238322","58","0","2024","A","","Connecticut -- Statewide","Private","NAICS 238322 Nonresidential painting contractors","State, NAICS 6-digit -- by ownership sector","All establishment sizes",80,532,35730876,16920679,726941,1291,67111,"",0.97,0.65,0.53,0.74,0.77,0.82,0.82,"",2,2.6,14,2.7,2104825,6.3,6257623,58.7,279080,62.3,43,3.4,2227,3.4
"09000","5","23833","57","0","2024","A","","Connecticut -- Statewide","Private","NAICS 23833 Flooring contractors","State, NAICS 5-digit -- by ownership sector","All establishment sizes",157,549,38650232,16100529,553292,1354,70423,"",0.65,0.63,0.58,0.67,0.85,0.92,0.92,"",5,3.3,42,8.3,5568645,16.8,6422230,66.4,202983,57.9,99,7.9,5173,7.9
"09000","5","238331","58","0","2024","A","","Connecticut -- Statewide","Private","NAICS 238331 Residential flooring contractors","State, NAICS 6-digit -- by ownership sector","All establishment sizes",115,278,17188513,7959698,159527,1189,61848,"",0.58,0.48,0.44,0.51,0.49,0.92,0.92,"",0,0.0,16,6.1,2070366,13.7,3055163,62.3,28249,21.5,81,7.3,4237,7.4
"09000","5","238332","58","0","2024","A","","Connecticut -- Statewide","Private","NAICS 238332 Nonresidential flooring contractors","State, NAICS 6-digit -- by ownership sector","All establishment sizes",42,271,21461719,8140831,393765,1523,79219,"",0.99,0.89,0.75,0.96,1.22,0.84,0.84,"",4,10.5,26,10.6,3498279,19.5,3367067,70.5,174734,79.8,111,7.9,5774,7.9
"09000","5","23834","57","0","2024","A","","Connecticut -- Statewide","Private","NAICS 23834 Tile and terrazzo contractors","State, NAICS 5-digit -- by ownership sector","All establishment sizes",66,212,14270507,6381472,178361,1297,67446,"",0.51,0.36,0.34,0.38,0.41,0.96,0.96,"",-7,-9.6,-50,-19.1,-2018447,-12.4,1276269,25.0,21292,13.6,103,8.6,5373,8.7
"09000","5","238341","58","0","2024","A","","Connecticut -- Statewide","Private","NAICS 238341 Residential tile and terrazzo contractors","State, NAICS 6-digit -- by ownership sector","All establishment sizes",56,140,8149568,3715260,51765,1117,58073,"",0.49,0.31,0.27,0.30,0.20,0.88,0.88,"",-7,-11.1,-24,-14.6,-489374,-5.7,730141,24.5,-3928,-7.1,102,10.0,5316,10.1
"09000","5","238342","58","0","2024","A","","Connecticut -- Statewide","Private","NAICS 238342 Nonresidential tile and terrazzo contractors","State, NAICS 6-digit -- by ownership sector","All establishment sizes",10,71,6120939,2666212,126596,1652,85908,"",0.66,0.51,0.52,0.64,0.72,1.00,1.00,"",-1,-9.1,-28,-28.3,-1529073,-20.0,546128,25.8,25220,24.9,161,10.8,8374,10.8
"09000","5","23835","57","0","2024","A","","Connecticut -- Statewide","Private","NAICS 23835 Finish carpentry contractors","State, NAICS 5-digit -- by ownership sector","All establishment sizes",348,1032,64731976,28860256,631079,1207,62750,"",0.86,0.59,0.49,0.60,0.54,0.84,0.84,"",5,1.5,6,0.6,1178386,1.9,9785356,51.3,158442,33.5,16,1.3,807,1.3
"09000","5","238351","58","0","2024","A","","Connecticut -- Statewide","Private","NAICS 238351 Residential finish carpentry contractors","State, NAICS 6-digit -- by ownership sector","All establishment sizes",310,920,56230092,25440791,474761,1176,61131,"",0.86,0.66,0.57,0.67,0.62,0.86,0.86,"",3,1.0,29,3.3,2391968,4.4,9076726,55.5,109252,29.9,15,1.3,735,1.2
"09000","5","238352","58","0","2024","A","","Connecticut -- Statewide","Private","NAICS 238352 Nonresidential finish carpentry contractors","State, NAICS 6-digit -- by ownership sector","All establishment sizes",38,112,8501884,3419465,156318,1463,76079,"",0.85,0.31,0.26,0.33,0.39,0.83,0.83,"",1,2.7,-23,-17.0,-1213582,-12.5,708630,26.1,49190,45.9,75,5.4,3890,5.4
"09000","5","23839","57","0","2024","A","","Connecticut -- Statewide","Private","NAICS 23839 Other building finishing contractors","State, NAICS 5-digit -- by ownership sector","All establishment sizes",114,493,32369131,13673840,288575,1263,65702,"",0.86,0.52,0.43,0.54,0.36,0.83,0.83,"",7,6.5,33,7.2,2607089,8.8,5026379,58.1,106872,58.8,19,1.5,1037,1.6
"09000","5","238391","58","0","2024","A","","Connecticut -- Statewide","Private","NAICS 238391 Other residential finishing contractors","State, NAICS 6-digit -- by ownership sector","All establishment sizes",54,233,13752621,6556691,120973,1135,59024,"",0.70,0.57,0.46,0.62,0.47,0.80,0.80,"",6,12.5,43,22.6,2871007,26.4,2868178,77.8,50416,71.5,33,3.0,1702,3.0
"09000","5","238392","58","0","2024","A","","Connecticut -- Statewide","Private","NAICS 238392 Other nonresidential finishing contractors","State, NAICS 6-digit -- by ownership sector","All establishment sizes",60,260,18616510,7117149,167602,1379,71694,"",1.07,0.48,0.41,0.49,0.30,0.86,0.86,"",1,1.7,-10,-3.7,-263918,-1.4,2158201,43.5,56456,50.8,36,2.7,1874,2.7
"09000","5","2389","56","0","2024","A","","Connecticut -- Statewide","Private","NAICS 2389 Other specialty trade contractors","State, NAICS 4-digit -- by ownership sector","All establishment sizes",1149,7748,635238092,244051362,12201642,1577,81982,"",0.94,0.90,0.88,0.98,1.35,0.97,0.97,"",24,2.1,314,4.2,58266609,10.1,90296067,58.7,4617872,60.9,84,5.6,4370,5.6
"09000","5","23891","57","0","2024","A","","Connecticut -- Statewide","Private","NAICS 23891 Site preparation contractors","State, NAICS 5-digit -- by ownership sector","All establishment sizes",534,4305,367949836,130298001,5751090,1644,85470,"",1.03,0.98,0.98,1.00,1.31,1.00,1.00,"",-8,-1.5,213,5.2,37494036,11.3,51341963,65.0,2142329,59.4,91,5.9,4722,5.8
"09000","5","238911","58","0","2024","A","","Connecticut -- Statewide","Private","NAICS 238911 Residential site preparation contractors","State, NAICS 6-digit -- by ownership sector","All establishment sizes",307,1513,107725654,45066711,1516717,1369,71196,"",1.02,0.94,0.89,0.89,1.06,0.95,0.95,"",-10,-3.2,72,5.0,9220698,9.4,17694412,64.6,458464,43.3,54,4.1,2833,4.1
"09000","5","238912","58","0","2024","A","","Connecticut -- Statewide","Private","NAICS 238912 Nonresidential site preparation contractors","State, NAICS 6-digit -- by ownership sector","All establishment sizes",226,2792,260224182,85231290,4234373,1792,93206,"",1.06,1.01,1.02,1.07,1.43,1.01,1.01,"",1,0.4,140,5.3,28273338,12.2,33647551,65.2,1683865,66.0,110,6.5,5727,6.5
"09000","5","23899","57","0","2024","A","","Connecticut -- Statewide","Private","NAICS 23899 All other specialty trade contractors","State, NAICS 5-digit -- by ownership sector","All establishment sizes",616,3444,267288256,113753361,6450552,1493,77621,"",0.88,0.82,0.77,0.96,1.40,0.94,0.94,"",33,5.7,102,3.1,20772573,8.4,38954104,52.1,2475543,62.3,74,5.2,3851,5.2
"09000","5","238991","58","0","2024","A","","Connecticut -- Statewide","Private","NAICS 238991 All other residential trade contractors","State, NAICS 6-digit -- by ownership sector","All establishment sizes",425,2241,160461636,73840143,4171457,1377,71592,"",0.90,1.08,1.08,1.30,2.03,1.00,1.00,"",19,4.7,-16,-0.7,7287761,4.8,22657611,44.3,1456290,53.6,72,5.5,3728,5.5
"09000","5","238992","58","0","2024","A","","Connecticut -- Statewide","Private","NAICS 238992 All other nonresidential trade contractors","State, NAICS 6-digit -- by ownership sector","All establishment sizes",190,1202,106826620,39913218,2279095,1709,88862,"",0.83,0.57,0.54,0.65,0.90,0.95,0.95,"",13,7.3,117,10.8,13484812,14.4,16296493,69.0,1019253,80.9,54,3.3,2800,3.3
"09000","5","31-33","54","0","2024","A","","Connecticut -- Statewide","Private","NAICS 31-33 Manufacturing","State, NAICS Sector -- by ownership sector","All establishment sizes",4566,155773,15686495100,4240946398,72855965,1937,100701,"",0.93,1.13,1.15,1.22,1.15,1.02,1.02,"",-201,-4.2,-1759,-1.1,647112361,4.3,1526929157,56.3,15294674,26.6,101,5.5,5232,5.5
"09000","5","311","55","0","2024","A","","Connecticut -- Statewide","Private","NAICS 311 Food manufacturing","State, NAICS 3-digit -- by ownership sector","All establishment sizes",399,9243,497595909,234584571,4099985,1035,53833,"",0.77,0.48,0.36,0.46,0.48,0.76,0.76,"",-16,-3.9,200,2.2,27994169,6.0,80790350,52.5,864315,26.7,36,3.6,1901,3.7
"09000","5","3111","56","0","2024","A","N","Connecticut -- Statewide","Private","NAICS 3111 Animal food manufacturing","State, NAICS 4-digit -- by ownership sector","All establishment sizes",8,0,0,0,0,0,0,"N",0.22,0,0,0,0,0,0,"N",0,0.0,0,0,0,0,0,0,0,0,0,0,0,0
"09000","5","31111","57","0","2024","A","N","Connecticut -- Statewide","Private","NAICS 31111 Animal food manufacturing","State, NAICS 5-digit -- by ownership sector","All establishment sizes",8,0,0,0,0,0,0,"N",0.22,0,0,0,0,0,0,"N",0,0.0,0,0,0,0,0,0,0,0,0,0,0,0
"09000","5","311111","58","0","2024","A","","Connecticut -- Statewide","Private","NAICS 311111 Dog and cat food manufacturing","State, NAICS 6-digit -- by ownership sector","All establishment sizes",5,65,4074724,1623418,46476,1213,63093,"",0.42,0.16,0.11,0.15,0.28,0.68,0.68,"",-1,-16.7,-11,-14.5,132704,3.4,267334,19.7,21824,88.5,209,20.8,10881,20.8
"09000","5","311119","58","0","2024","A","N","Connecticut -- Statewide","Private","NAICS 311119 Other animal food manufacturing","State, NAICS 6-digit -- by ownership sector","All establishment sizes",3,0,0,0,0,0,0,"N",0.13,0,0,0,0,0,0,"N",1,50.0,0,0,0,0,0,0,0,0,0,0,0,0
"09000","5","3112","56","0","2024","A","N","Connecticut -- Statewide","Private","NAICS 3112 Grain and oilseed milling","State, NAICS 4-digit -- by ownership sector","All establishment sizes",3,0,0,0,0,0,0,"N",0.20,0,0,0,0,0,0,"N",0,0.0,0,0,0,0,0,0,0,0,0,0,0,0
"09000","5","31122","57","0","2024","A","N","Connecticut -- Statewide","Private","NAICS 31122 Starch and vegetable fats and oils manufacturing","State, NAICS 5-digit -- by ownership sector","All establishment sizes",1,0,0,0,0,0,0,"N",0.15,0,0,0,0,0,0,"N",0,0.0,0,0,0,0,0,0,0,0,0,0,0,0
"09000","5","311225","58","0","2024","A","N","Connecticut -- Statewide","Private","NAICS 311225 Fats and oils refining and blending","State, NAICS 6-digit -- by ownership sector","All establishment sizes",1,0,0,0,0,0,0,"N",0.39,0,0,0,0,0,0,"N",0,0.0,0,0,0,0,0,0,0,0,0,0,0,0
"09000","5","31123","57","0","2024","A","N","Connecticut -- Statewide","Private","NAICS 31123 Breakfast cereal manufacturing","State, NAICS 5-digit -- by ownership sector","All establishment sizes",2,0,0,0,0,0,0,"N",1.07,0,0,0,0,0,0,"N",0,0.0,0,0,0,0,0,0,0,0,0,0,0,0
"09000","5","311230","58","0","2024","A","N","Connecticut -- Statewide","Private","NAICS 311230 Breakfast cereal manufacturing","State, NAICS 6-digit -- by ownership sector","All establishment sizes",2,0,0,0,0,0,0,"N",1.07,0,0,0,0,0,0,"N",0,0.0,0,0,0,0,0,0,0,0,0,0,0,0
"09000","5","3113","56","0","2024","A","","Connecticut -- Statewide","Private","NAICS 3113 Sugar and confectionery product manufacturing","State, NAICS 4-digit -- by ownership sector","All establishment sizes",18,454,15934796,9149289,166981,675,35086,"",0.61,0.51,0.23,0.42,0.29,0.46,0.46,"",2,12.5,50,12.4,1916172,13.7,3631368,65.8,49013,41.5,7,1.0,358,1.0
"09000","5","31134","57","0","2024","A","N","Connecticut -- Statewide","Private","NAICS 31134 Nonchocolate confectionery manufacturing","State, NAICS 5-digit -- by ownership sector","All establishment sizes",4,0,0,0,0,0,0,"N",0.45,0,0,0,0,0,0,"N",1,33.3,0,0,0,0,0,0,0,0,0,0,0,0
"09000","5","311340","58","0","2024","A","N","Connecticut -- Statewide","Private","NAICS 311340 Nonchocolate confectionery manufacturing","State, NAICS 6-digit -- by ownership sector","All establishment sizes",4,0,0,0,0,0,0,"N",0.45,0,0,0,0,0,0,"N",1,33.3,0,0,0,0,0,0,0,0,0,0,0,0
"09000","5","31135","57","0","2024","A","N","Connecticut -- Statewide","Private","NAICS 31135 Chocolate and confectionery manufacturing","State, NAICS 5-digit -- by ownership sector","All establishment sizes",14,0,0,0,0,0,0,"N",0.74,0,0,0,0,0,0,"N",1,7.7,0,0,0,0,0,0,0,0,0,0,0,0
"09000","5","311352","58","0","2024","A","N","Connecticut -- Statewide","Private","NAICS 311352 Confectionery manufacturing from purchased chocolate","State, NAICS 6-digit -- by ownership sector","All establishment sizes",14,0,0,0,0,0,0,"N",0.95,0,0,0,0,0,0,"N",1,7.7,0,0,0,0,0,0,0,0,0,0,0,0
"09000","5","3114","56","0","2024","A","","Connecticut -- Statewide","Private","NAICS 3114 Fruit and vegetable preserving and specialty food manufacturing","State, NAICS 4-digit -- by ownership sector","All establishment sizes",18,561,32275649,16264464,346254,1107,57567,"",0.51,0.30,0.23,0.28,0.23,0.77,0.77,"",0,0.0,-100,-15.1,-4335338,-11.8,4167816,34.5,75987,28.1,42,3.9,2166,3.9
"09000","5","31141","57","0","2024","A","","Connecticut -- Statewide","Private","NAICS 31141 Frozen food manufacturing","State, NAICS 5-digit -- by ownership sector","All establishment sizes",10,248,12855915,7325928,151920,997,51821,"",0.67,0.24,0.18,0.22,0.22,0.73,0.73,"",0,0.0,-86,-25.7,-4127627,-24.3,1176525,19.1,21154,16.2,19,1.9,947,1.9
"09000","5","311412","58","0","2024","A","","Connecticut -- Statewide","Private","NAICS 311412 Frozen specialty food manufacturing","State, NAICS 6-digit -- by ownership sector","All establishment sizes",10,248,12855915,7325928,151920,997,51821,"",0.93,0.35,0.26,0.40,0.44,0.74,0.74,"",0,0.0,-86,-25.7,-4127627,-24.3,1176525,19.1,21154,16.2,19,1.9,947,1.9
"09000","5","31142","57","0","2024","A","","Connecticut -- Statewide","Private","NAICS 31142 Fruit and vegetable canning, pickling, and drying","State, NAICS 5-digit -- by ownership sector","All establishment sizes",8,313,19419734,8938536,194334,1195,62127,"",0.39,0.36,0.28,0.37,0.25,0.78,0.78,"",0,0.0,-14,-4.3,-207711,-1.1,2991291,50.3,54833,39.3,41,3.6,2104,3.5
"09000","5","311421","58","0","2024","A","N","Connecticut -- Statewide","Private","NAICS 311421 Fruit and vegetable canning","State, NAICS 6-digit -- by ownership sector","All establishment sizes",8,0,0,0,0,0,0,"N",0.57,0,0,0,0,0,0,"N",0,0.0,0,0,0,0,0,0,0,0,0,0,0,0
"09000","5","311422","58","0","2024","A","N","Connecticut -- Statewide","Private","NAICS 311422 Specialty canning","State, NAICS 6-digit -- by ownership sector","All establishment sizes",1,0,0,0,0,0,0,"N",0.51,0,0,0,0,0,0,"N",1,100.0,0,0,0,0,0,0,0,0,0,0,0,0
"09000","5","3115","56","0","2024","A","","Connecticut -- Statewide","Private","NAICS 3115 Dairy product manufacturing","State, NAICS 4-digit -- by ownership sector","All establishment sizes",27,1204,73820643,31756398,655683,1179,61321,"",0.78,0.66,0.48,0.66,0.84,0.72,0.72,"",-1,-3.6,58,5.1,6791807,10.1,11532994,57.0,207507,46.3,54,4.8,2836,4.8
"09000","5","31151","57","0","2024","A","","Connecticut -- Statewide","Private","NAICS 31151 Dairy product (except frozen) manufacturing","State, NAICS 5-digit -- by ownership sector","All establishment sizes",10,605,42712429,16870467,374156,1358,70609,"",0.44,0.39,0.31,0.41,0.59,0.80,0.80,"",0,0.0,25,4.3,4608170,12.1,6294656,59.5,147088,64.8,95,7.5,4931,7.5
"09000","5","311511","58","0","2024","A","N","Connecticut -- Statewide","Private","NAICS 311511 Fluid milk manufacturing","State, NAICS 6-digit -- by ownership sector","All establishment sizes",4,0,0,0,0,0,0,"N",0.44,0,0,0,0,0,0,"N",0,0.0,0,0,0,0,0,0,0,0,0,0,0,0
"09000","5","311512","58","0","2024","A","N","Connecticut -- Statewide","Private","NAICS 311512 Creamery butter manufacturing","State, NAICS 6-digit -- by ownership sector","All establishment sizes",2,0,0,0,0,0,0,"N",2.53,0,0,0,0,0,0,"N",1,100.0,0,0,0,0,0,0,0,0,0,0,0,0
"09000","5","311513","58","0","2024","A","","Connecticut -- Statewide","Private","NAICS 311513 Cheese manufacturing","State, NAICS 6-digit -- by ownership sector","All establishment sizes",5,341,22999131,9396316,189761,1297,67446,"",0.55,0.51,0.42,0.48,0.70,0.82,0.82,"",0,0.0,12,3.6,1975598,9.4,3422790,57.3,50123,35.9,69,5.6,3593,5.6
"09000","5","31152","57","0","2024","A","","Connecticut -- Statewide","Private","NAICS 31152 Ice cream and frozen dessert manufacturing","State, NAICS 5-digit -- by ownership sector","All establishment sizes",17,599,31108214,14885931,281527,999,51941,"",1.41,2.17,1.71,2.10,1.95,0.79,0.79,"",-1,-5.6,33,5.8,2183637,7.5,5238338,54.3,60419,27.3,16,1.6,830,1.6
"09000","5","311520","58","0","2024","A","","Connecticut -- Statewide","Private","NAICS 311520 Ice cream and frozen dessert manufacturing","State, NAICS 6-digit -- by ownership sector","All establishment sizes",17,599,31108214,14885931,281527,999,51941,"",1.41,2.17,1.71,2.10,1.95,0.79,0.79,"",-1,-5.6,33,5.8,2183637,7.5,5238338,54.3,60419,27.3,16,1.6,830,1.6
"09000","5","3116","56","0","2024","A","","Connecticut -- Statewide","Private","NAICS 3116 Animal slaughtering and processing","State, NAICS 4-digit -- by ownership sector","All establishment sizes",18,322,16378999,8302666,153887,979,50906,"",0.31,0.05,0.04,0.05,0.09,0.80,0.80,"",-3,-14.3,7,2.2,447915,2.8,2902322,53.7,14880,10.7,5,0.5,251,0.5
"09000","5","31161","57","0","2024","A","","Connecticut -- Statewide","Private","NAICS 31161 Animal slaughtering and processing","State, NAICS 5-digit -- by ownership sector","All establishment sizes",18,322,16378999,8302666,153887,979,50906,"",0.31,0.05,0.04,0.05,0.09,0.80,0.80,"",-3,-14.3,7,2.2,447915,2.8,2902322,53.7,14880,10.7,5,0.5,251,0.5
"09000","5","311611","58","0","2024","A","N","Connecticut -- Statewide","Private","NAICS 311611 Animal (except poultry) slaughtering","State, NAICS 6-digit -- by ownership sector","All establishment sizes",3,0,0,0,0,0,0,"N",0.15,0,0,0,0,0,0,"N",0,0.0,0,0,0,0,0,0,0,0,0,0,0,0
"09000","5","311612","58","0","2024","A","","Connecticut -- Statewide","Private","NAICS 311612 Meat processed from carcasses","State, NAICS 6-digit -- by ownership sector","All establishment sizes",13,273,13631781,7069394,140321,959,49857,"",0.53,0.17,0.12,0.15,0.21,0.72,0.72,"",-3,-18.8,11,4.2,530901,4.1,2509835,55.0,16179,13.0,-4,-0.4,-210,-0.4
"09000","5","311615","58","0","2024","A","N","Connecticut -- Statewide","Private","NAICS 311615 Poultry processing","State, NAICS 6-digit -- by ownership sector","All establishment sizes",2,0,0,0,0,0,0,"N",0.19,0,0,0,0,0,0,"N",0,0.0,0,0,0,0,0,0,0,0,0,0,0,0
"09000","5","3117","56","0","2024","A","","Connecticut -- Statewide","Private","NAICS 3117 Seafood product preparation and packaging","State, NAICS 4-digit -- by ownership sector","All establishment sizes",4,99,6476029,2523489,48366,1262,65635,"",0.39,0.28,0.25,0.15,0.12,0.89,0.89,"",-1,-20.0,-5,-4.8,-462045,-6.7,764168,43.4,13592,39.1,-26,-2.0,-1346,-2.0
"09000","5","31171","57","0","2024","A","","Connecticut -- Statewide","Private","NAICS 31171 Seafood product preparation and packaging","State, NAICS 5-digit -- by ownership sector","All establishment sizes",4,99,6476029,2523489,48366,1262,65635,"",0.39,0.28,0.25,0.15,0.12,0.89,0.89,"",-1,-20.0,-5,-4.8,-462045,-6.7,764168,43.4,13592,39.1,-26,-2.0,-1346,-2.0
"09000","5","311710","58","0","2024","A","","Connecticut -- Statewide","Private","NAICS 311710 Seafood product preparation and packaging","State, NAICS 6-digit -- by ownership sector","All establishment sizes",4,99,6476029,2523489,48366,1262,65635,"",0.39,0.28,0.25,0.15,0.12,0.89,0.89,"",-1,-20.0,-5,-4.8,-462045,-6.7,764168,43.4,13592,39.1,-26,-2.0,-1346,-2.0
"09000","5","3118","56","0","2024","A","","Connecticut -- Statewide","Private","NAICS 3118 Bakeries and tortilla manufacturing","State, NAICS 4-digit -- by ownership sector","All establishment sizes",236,3834,176225152,91639961,1383408,884,45969,"",1.21,1.02,0.81,1.02,0.86,0.80,0.80,"",-12,-4.8,90,2.4,8862068,5.3,29983638,48.6,126301,10.0,24,2.8,1266,2.8
"09000","5","31181","57","0","2024","A","N","Connecticut -- Statewide","Private","NAICS 31181 Bread and bakery product manufacturing","State, NAICS 5-digit -- by ownership sector","All establishment sizes",230,0,0,0,0,0,0,"N",1.33,0,0,0,0,0,0,"N",-10,-4.2,0,0,0,0,0,0,0,0,0,0,0,0
"09000","5","311811","58","0","2024","A","","Connecticut -- Statewide","Private","NAICS 311811 Retail bakeries","State, NAICS 6-digit -- by ownership sector","All establishment sizes",174,1743,52421686,36646185,462077,579,30083,"",1.49,1.54,1.33,1.54,1.06,0.87,0.86,"",-9,-4.9,28,1.6,4026118,8.3,10041736,37.7,-58007,-11.2,36,6.6,1867,6.6
"09000","5","311812","58","0","2024","A","","Connecticut -- Statewide","Private","NAICS 311812 Commercial bakeries","State, NAICS 6-digit -- by ownership sector","All establishment sizes",52,1747,104740158,45644802,740418,1153,59946,"",0.99,1.08,0.98,1.13,1.02,0.90,0.90,"",-2,-3.7,58,3.4,3059545,3.0,16304365,55.6,119231,19.2,-4,-0.3,-244,-0.4
"09000","5","311813","58","0","2024","A","N","Connecticut -- Statewide","Private","NAICS 311813 Frozen cakes, pies, and other pastries manufacturing","State, NAICS 6-digit -- by ownership sector","All establishment sizes",4,0,0,0,0,0,0,"N",1.05,0,0,0,0,0,0,"N",0,0.0,0,0,0,0,0,0,0,0,0,0,0,0
"09000","5","31182","57","0","2024","A","N","Connecticut -- Statewide","Private","NAICS 31182 Cookie, cracker, and pasta manufacturing","State, NAICS 5-digit -- by ownership sector","All establishment sizes",6,0,0,0,0,0,0,"N",0.38,0,0,0,0,0,0,"N",-2,-25.0,0,0,0,0,0,0,0,0,0,0,0,0
"09000","5","311821","58","0","2024","A","N","Connecticut -- Statewide","Private","NAICS 311821 Cookie and cracker manufacturing","State, NAICS 6-digit -- by ownership sector","All establishment sizes",5,0,0,0,0,0,0,"N",0.53,0,0,0,0,0,0,"N",-1,-16.7,0,0,0,0,0,0,0,0,0,0,0,0
"09000","5","311824","58","0","2024","A","N","Connecticut -- Statewide","Private","NAICS 311824 Dry pasta, dough, and flour mixes manufacturing from purchased flour","State, NAICS 6-digit -- by ownership sector","All establishment sizes",1,0,0,0,0,0,0,"N",0.16,0,0,0,0,0,0,"N",-1,-50.0,0,0,0,0,0,0,0,0,0,0,0,0
"09000","5","3119","56","0","2024","A","","Connecticut -- Statewide","Private","NAICS 3119 Other food manufacturing","State, NAICS 4-digit -- by ownership sector","All establishment sizes",66,2562,164408641,69329032,1237328,1234,64166,"",0.63,0.88,0.73,0.93,0.84,0.83,0.83,"",-3,-4.3,109,4.4,14082861,9.4,26113335,60.4,341867,38.2,56,4.8,2894,4.7
"09000","5","31191","57","0","2024","A","","Connecticut -- Statewide","Private","NAICS 31191 Snack food manufacturing","State, NAICS 5-digit -- by ownership sector","All establishment sizes",8,1335,85366604,36806031,725115,1229,63925,"",0.56,1.86,1.57,2.17,1.99,0.84,0.84,"",-1,-11.1,19,1.4,5959597,7.5,13353016,56.9,240390,49.6,69,5.9,3593,6.0
"09000","5","311911","58","0","2024","A","N","Connecticut -- Statewide","Private","NAICS 311911 Roasted nuts and peanut butter manufacturing","State, NAICS 6-digit -- by ownership sector","All establishment sizes",1,0,0,0,0,0,0,"N",0.24,0,0,0,0,0,0,"N",0,0.0,0,0,0,0,0,0,0,0,0,0,0,0
"09000","5","311919","58","0","2024","A","N","Connecticut -- Statewide","Private","NAICS 311919 Other snack food manufacturing","State, NAICS 6-digit -- by ownership sector","All establishment sizes",7,0,0,0,0,0,0,"N",0.70,0,0,0,0,0,0,"N",-1,-12.5,0,0,0,0,0,0,0,0,0,0,0,0
"09000","5","31192","57","0","2024","A","","Connecticut -- Statewide","Private","NAICS 31192 Coffee and tea manufacturing","State, NAICS 5-digit -- by ownership sector","All establishment sizes",14,366,28415616,9454908,162668,1493,77621,"",0.66,1.19,1.26,1.09,0.98,1.06,1.06,"",0,0.0,23,6.7,2837246,11.1,3714583,64.7,8183,5.3,61,4.3,3139,4.2
"09000","5","311920","58","0","2024","A","","Connecticut -- Statewide","Private","NAICS 311920 Coffee and tea manufacturing","State, NAICS 6-digit -- by ownership sector","All establishment sizes",14,366,28415616,9454908,162668,1493,77621,"",0.66,1.19,1.26,1.09,0.98,1.06,1.06,"",0,0.0,23,6.7,2837246,11.1,3714583,64.7,8183,5.3,61,4.3,3139,4.2
"09000","5","31193","57","0","2024","A","N","Connecticut -- Statewide","Private","NAICS 31193 Flavoring syrup and concentrate manufacturing","State, NAICS 5-digit -- by ownership sector","All establishment sizes",4,0,0,0,0,0,0,"N",0.91,0,0,0,0,0,0,"N",0,0.0,0,0,0,0,0,0,0,0,0,0,0,0
"09000","5","311930","58","0","2024","A","N","Connecticut -- Statewide","Private","NAICS 311930 Flavoring syrup and concentrate manufacturing","State, NAICS 6-digit -- by ownership sector","All establishment sizes",4,0,0,0,0,0,0,"N",0.91,0,0,0,0,0,0,"N",0,0.0,0,0,0,0,0,0,0,0,0,0,0,0
"09000","5","31194","57","0","2024","A","N","Connecticut -- Statewide","Private","NAICS 31194 Seasoning and dressing manufacturing","State, NAICS 5-digit -- by ownership sector","All establishment sizes",6,0,0,0,0,0,0,"N",0.39,0,0,0,0,0,0,"N",-1,-14.3,0,0,0,0,0,0,0,0,0,0,0,0
"09000","5","311941","58","0","2024","A","N","Connecticut -- Statewide","Private","NAICS 311941 Mayonnaise, dressing, and other prepared sauce manufacturing","State, NAICS 6-digit -- by ownership sector","All establishment sizes",4,0,0,0,0,0,0,"N",0.64,0,0,0,0,0,0,"N",-1,-20.0,0,0,0,0,0,0,0,0,0,0,0,0
"09000","5","311942","58","0","2024","A","N","Connecticut -- Statewide","Private","NAICS 311942 Spice and extract manufacturing","State, NAICS 6-digit -- by ownership sector","All establishment sizes",2,0,0,0,0,0,0,"N",0.22,0,0,0,0,0,0,"N",0,0.0,0,0,0,0,0,0,0,0,0,0,0,0
"09000","5","31199","57","0","2024","A","","Connecticut -- Statewide","Private","NAICS 31199 All other food manufacturing","State, NAICS 5-digit -- by ownership sector","All establishment sizes",34,755,40177662,20132994,276075,1024,53239,"",0.68,0.62,0.47,0.61,0.44,0.76,0.76,"",-1,-2.9,65,9.4,5442193,15.7,7967670,65.5,51967,23.2,55,5.7,2861,5.7
"09000","5","311991","58","0","2024","A","","Connecticut -- Statewide","Private","NAICS 311991 Perishable prepared food manufacturing","State, NAICS 6-digit -- by ownership sector","All establishment sizes",16,606,30413559,16011969,214998,965,50180,"",0.69,0.80,0.65,0.82,0.54,0.81,0.81,"",1,6.7,58,10.6,4241919,16.2,6355786,65.8,35415,19.7,46,5.0,2392,5.0
"09000","5","311999","58","0","2024","A","","Connecticut -- Statewide","Private","NAICS 311999 All other miscellaneous food manufacturing","State, NAICS 6-digit -- by ownership sector","All establishment sizes",18,149,9764103,4121025,61077,1264,65715,"",0.68,0.32,0.25,0.30,0.28,0.79,0.79,"",-3,-14.3,7,4.9,1200274,14.0,1611884,64.2,16552,37.2,103,8.9,5335,8.8
"09000","5","312","55","0","2024","A","","Connecticut -- Statewide","Private","NAICS 312 Beverage and tobacco product manufacturing","State, NAICS 3-digit -- by ownership sector","All establishment sizes",196,2898,149538759,67760950,1189512,992,51602,"",0.94,0.80,0.58,0.82,0.69,0.73,0.73,"",-13,-6.2,76,2.7,7638958,5.4,22425894,49.5,236886,24.9,25,2.6,1314,2.6
"09000","5","3121","56","0","2024","A","N","Connecticut -- Statewide","Private","NAICS 3121 Beverage manufacturing","State, NAICS 4-digit -- by ownership sector","All establishment sizes",193,0,0,0,0,0,0,"N",0.95,0,0,0,0,0,0,"N",-13,-6.3,0,0,0,0,0,0,0,0,0,0,0,0
"09000","5","31211","57","0","2024","A","","Connecticut -- Statewide","Private","NAICS 31211 Soft drink and ice manufacturing","State, NAICS 5-digit -- by ownership sector","All establishment sizes",20,590,48552233,17246372,327306,1584,82362,"",0.59,0.49,0.48,0.59,0.56,0.99,0.99,"",-9,-31.0,-27,-4.4,1349337,2.9,6076486,54.4,96176,41.6,113,7.7,5858,7.7
"09000","5","312111","58","0","2024","A","","Connecticut -- Statewide","Private","NAICS 312111 Soft drink manufacturing","State, NAICS 6-digit -- by ownership sector","All establishment sizes",12,372,30472860,10741855,172207,1574,81861,"",0.71,0.42,0.41,0.50,0.44,0.98,0.98,"",-5,-29.4,-20,-5.1,626587,2.1,4043408,60.4,46689,37.2,109,7.4,5706,7.5
"09000","5","312112","58","0","2024","A","","Connecticut -- Statewide","Private","NAICS 312112 Bottled water manufacturing","State, NAICS 6-digit -- by ownership sector","All establishment sizes",5,182,16361965,5520271,139318,1730,89983,"",0.51,0.77,0.79,1.00,1.06,1.03,1.03,"",-2,-28.6,-12,-6.2,363042,2.3,1647561,42.5,45175,48.0,143,9.0,7443,9.0
"09000","5","312113","58","0","2024","A","","Connecticut -- Statewide","Private","NAICS 312113 Ice manufacturing","State, NAICS 6-digit -- by ownership sector","All establishment sizes",3,35,1717408,984246,15781,933,48492,"",0.44,0.42,0.33,0.48,0.29,0.78,0.78,"",-2,-40.0,4,12.9,359708,26.5,385517,64.4,4312,37.6,97,11.6,5046,11.6
"09000","5","31212","57","0","2024","A","","Connecticut -- Statewide","Private","NAICS 31212 Breweries","State, NAICS 5-digit -- by ownership sector","All establishment sizes",111,1617,60091106,35928390,635498,714,37153,"",1.49,1.37,0.89,1.32,1.26,0.65,0.65,"",0,0.0,122,8.2,6698146,12.5,12330834,52.3,118404,22.9,27,3.9,1441,4.0
"09000","5","312120","58","0","2024","A","","Connecticut -- Statewide","Private","NAICS 312120 Breweries","State, NAICS 6-digit -- by ownership sector","All establishment sizes",111,1617,60091106,35928390,635498,714,37153,"",1.49,1.37,0.89,1.32,1.26,0.65,0.65,"",0,0.0,122,8.2,6698146,12.5,12330834,52.3,118404,22.9,27,3.9,1441,4.0
"09000","5","31213","57","0","2024","A","","Connecticut -- Statewide","Private","NAICS 31213 Wineries","State, NAICS 5-digit -- by ownership sector","All establishment sizes",44,389,11054953,6785627,106750,547,28431,"",0.61,0.46,0.21,0.41,0.23,0.45,0.45,"",-1,-2.2,-9,-2.3,-273614,-2.4,1497693,28.3,-288,-0.3,0,0.0,-15,-0.1
"09000","5","312130","58","0","2024","A","","Connecticut -- Statewide","Private","NAICS 312130 Wineries","State, NAICS 6-digit -- by ownership sector","All establishment sizes",44,389,11054953,6785627,106750,547,28431,"",0.61,0.46,0.21,0.41,0.23,0.45,0.45,"",-1,-2.2,-9,-2.3,-273614,-2.4,1497693,28.3,-288,-0.3,0,0.0,-15,-0.1
"09000","5","31214","57","0","2024","A","N","Connecticut -- Statewide","Private","NAICS 31214 Distilleries","State, NAICS 5-digit -- by ownership sector","All establishment sizes",17,0,0,0,0,0,0,"N",0.73,0,0,0,0,0,0,"N",-4,-19.0,0,0,0,0,0,0,0,0,0,0,0,0
"09000","5","312140","58","0","2024","A","N","Connecticut -- Statewide","Private","NAICS 312140 Distilleries","State, NAICS 6-digit -- by ownership sector","All establishment sizes",17,0,0,0,0,0,0,"N",0.73,0,0,0,0,0,0,"N",-4,-19.0,0,0,0,0,0,0,0,0,0,0,0,0
"09000","5","3122","56","0","2024","A","N","Connecticut -- Statewide","Private","NAICS 3122 Tobacco manufacturing","State, NAICS 4-digit -- by ownership sector","All establishment sizes",3,0,0,0,0,0,0,"N",0.56,0,0,0,0,0,0,"N",-1,-25.0,0,0,0,0,0,0,0,0,0,0,0,0
"09000","5","31223","57","0","2024","A","N","Connecticut -- Statewide","Private","NAICS 31223 Tobacco manufacturing","State, NAICS 5-digit -- by ownership sector","All establishment sizes",3,0,0,0,0,0,0,"N",0.56,0,0,0,0,0,0,"N",-1,-25.0,0,0,0,0,0,0,0,0,0,0,0,0
"09000","5","312230","58","0","2024","A","N","Connecticut -- Statewide","Private","NAICS 312230 Tobacco manufacturing","State, NAICS 6-digit -- by ownership sector","All establishment sizes",3,0,0,0,0,0,0,"N",0.56,0,0,0,0,0,0,"N",-1,-25.0,0,0,0,0,0,0,0,0,0,0,0,0
"09000","5","313","55","0","2024","A","","Connecticut -- Statewide","Private","NAICS 313 Textile mills","State, NAICS 3-digit -- by ownership sector","All establishment sizes",23,498,37657075,13848713,309977,1455,75642,"",0.69,0.54,0.59,0.59,0.93,1.09,1.09,"",-3,-11.5,-92,-15.6,-5554311,-12.9,3600322,35.1,35965,13.1,46,3.3,2361,3.2
"09000","5","3131","56","0","2024","A","N","Connecticut -- Statewide","Private","NAICS 3131 Fiber, yarn, and thread mills","State, NAICS 4-digit -- by ownership sector","All establishment sizes",2,0,0,0,0,0,0,"N",0.42,0,0,0,0,0,0,"N",-1,-33.3,0,0,0,0,0,0,0,0,0,0,0,0
"09000","5","31311","57","0","2024","A","N","Connecticut -- Statewide","Private","NAICS 31311 Fiber, yarn, and thread mills","State, NAICS 5-digit -- by ownership sector","All establishment sizes",2,0,0,0,0,0,0,"N",0.42,0,0,0,0,0,0,"N",-1,-33.3,0,0,0,0,0,0,0,0,0,0,0,0
"09000","5","313110","58","0","2024","A","N","Connecticut -- Statewide","Private","NAICS 313110 Fiber, yarn, and thread mills","State, NAICS 6-digit -- by ownership sector","All establishment sizes",2,0,0,0,0,0,0,"N",0.42,0,0,0,0,0,0,"N",-1,-33.3,0,0,0,0,0,0,0,0,0,0,0,0
"09000","5","3132","56","0","2024","A","N","Connecticut -- Statewide","Private","NAICS 3132 Fabric mills","State, NAICS 4-digit -- by ownership sector","All establishment sizes",5,0,0,0,0,0,0,"N",0.38,0,0,0,0,0,0,"N",0,0.0,0,0,0,0,0,0,0,0,0,0,0,0
"09000","5","31321","57","0","2024","A","N","Connecticut -- Statewide","Private","NAICS 31321 Broadwoven fabric mills","State, NAICS 5-digit -- by ownership sector","All establishment sizes",1,0,0,0,0,0,0,"N",0.22,0,0,0,0,0,0,"N",-1,-50.0,0,0,0,0,0,0,0,0,0,0,0,0
"09000","5","313210","58","0","2024","A","N","Connecticut -- Statewide","Private","NAICS 313210 Broadwoven fabric mills","State, NAICS 6-digit -- by ownership sector","All establishment sizes",1,0,0,0,0,0,0,"N",0.22,0,0,0,0,0,0,"N",-1,-50.0,0,0,0,0,0,0,0,0,0,0,0,0
"09000","5","31322","57","0","2024","A","N","Connecticut -- Statewide","Private","NAICS 31322 Narrow fabric mills and schiffli machine embroidery","State, NAICS 5-digit -- by ownership sector","All establishment sizes",2,0,0,0,0,0,0,"N",0.67,0,0,0,0,0,0,"N",0,0.0,0,0,0,0,0,0,0,0,0,0,0,0
"09000","5","313220","58","0","2024","A","N","Connecticut -- Statewide","Private","NAICS 313220 Narrow fabric mills and schiffli machine embroidery","State, NAICS 6-digit -- by ownership sector","All establishment sizes",2,0,0,0,0,0,0,"N",0.67,0,0,0,0,0,0,"N",0,0.0,0,0,0,0,0,0,0,0,0,0,0,0
"09000","5","31323","57","0","2024","A","N","Connecticut -- Statewide","Private","NAICS 31323 Nonwoven fabric mills","State, NAICS 5-digit -- by ownership sector","All establishment sizes",2,0,0,0,0,0,0,"N",0.51,0,0,0,0,0,0,"N",1,100.0,0,0,0,0,0,0,0,0,0,0,0,0
"09000","5","313230","58","0","2024","A","N","Connecticut -- Statewide","Private","NAICS 313230 Nonwoven fabric mills","State, NAICS 6-digit -- by ownership sector","All establishment sizes",2,0,0,0,0,0,0,"N",0.51,0,0,0,0,0,0,"N",1,100.0,0,0,0,0,0,0,0,0,0,0,0,0
"09000","5","3133","56","0","2024","A","","Connecticut -- Statewide","Private","NAICS 3133 Textile and fabric finishing and fabric coating mills","State, NAICS 4-digit -- by ownership sector","All establishment sizes",16,314,25974401,8914900,213042,1591,82721,"",1.03,1.30,1.46,1.49,2.08,1.12,1.12,"",-2,-11.1,-69,-18.0,-4756893,-15.5,2115646,31.1,31634,17.4,49,3.2,2518,3.1
"09000","5","31331","57","0","2024","A","","Connecticut -- Statewide","Private","NAICS 31331 Textile and fabric finishing mills","State, NAICS 5-digit -- by ownership sector","All establishment sizes",11,132,11232882,3547305,62728,1632,84883,"",0.84,0.75,0.95,0.80,0.88,1.25,1.25,"",-1,-8.3,-6,-4.3,-89836,-0.8,1270704,55.8,20653,49.1,48,3.0,2536,3.1
"09000","5","313310","58","0","2024","A","","Connecticut -- Statewide","Private","NAICS 313310 Textile and fabric finishing mills","State, NAICS 6-digit -- by ownership sector","All establishment sizes",11,132,11232882,3547305,62728,1632,84883,"",0.84,0.75,0.95,0.80,0.88,1.25,1.25,"",-1,-8.3,-6,-4.3,-89836,-0.8,1270704,55.8,20653,49.1,48,3.0,2536,3.1
"09000","5","31332","57","0","2024","A","","Connecticut -- Statewide","Private","NAICS 31332 Fabric coating mills","State, NAICS 5-digit -- by ownership sector","All establishment sizes",5,182,14741519,5367595,150314,1560,81146,"",2.00,2.77,2.49,3.45,4.78,0.90,0.90,"",-1,-16.7,-64,-26.0,-4667057,-24.0,844942,18.7,10981,7.9,41,2.7,2142,2.7
"09000","5","313320","58","0","2024","A","","Connecticut -- Statewide","Private","NAICS 313320 Fabric coating mills","State, NAICS 6-digit -- by ownership sector","All establishment sizes",5,182,14741519,5367595,150314,1560,81146,"",2.00,2.77,2.49,3.45,4.78,0.90,0.90,"",-1,-16.7,-64,-26.0,-4667057,-24.0,844942,18.7,10981,7.9,41,2.7,2142,2.7
"09000","5","314","55","0","2024","A","","Connecticut -- Statewide","Private","NAICS 314 Textile product mills","State, NAICS 3-digit -- by ownership sector","All establishment sizes",65,757,51249438,20415334,464006,1301,67671,"",0.84,0.72,0.77,0.88,1.29,1.07,1.07,"",-5,-7.1,-44,-5.5,1589577,3.2,6475933,46.5,82494,21.6,109,9.1,5674,9.2
"09000","5","3141","56","0","2024","A","","Connecticut -- Statewide","Private","NAICS 3141 Textile furnishings mills","State, NAICS 4-digit -- by ownership sector","All establishment sizes",17,141,8945618,3850319,100318,1220,63444,"",0.90,0.33,0.32,0.47,0.80,0.96,0.96,"",-1,-5.6,6,4.4,959673,12.0,1474588,62.1,15458,18.2,82,7.2,4252,7.2
"09000","5","31411","57","0","2024","A","N","Connecticut -- Statewide","Private","NAICS 31411 Carpet and rug mills","State, NAICS 5-digit -- by ownership sector","All establishment sizes",2,0,0,0,0,0,0,"N",0.38,0,0,0,0,0,0,"N",0,0.0,0,0,0,0,0,0,0,0,0,0,0,0
"09000","5","314110","58","0","2024","A","N","Connecticut -- Statewide","Private","NAICS 314110 Carpet and rug mills","State, NAICS 6-digit -- by ownership sector","All establishment sizes",2,0,0,0,0,0,0,"N",0.38,0,0,0,0,0,0,"N",0,0.0,0,0,0,0,0,0,0,0,0,0,0,0
"09000","5","31412","57","0","2024","A","N","Connecticut -- Statewide","Private","NAICS 31412 Curtain and linen mills","State, NAICS 5-digit -- by ownership sector","All establishment sizes",15,0,0,0,0,0,0,"N",1.10,0,0,0,0,0,0,"N",-1,-6.2,0,0,0,0,0,0,0,0,0,0,0,0
"09000","5","314120","58","0","2024","A","N","Connecticut -- Statewide","Private","NAICS 314120 Curtain and linen mills","State, NAICS 6-digit -- by ownership sector","All establishment sizes",15,0,0,0,0,0,0,"N",1.10,0,0,0,0,0,0,"N",-1,-6.2,0,0,0,0,0,0,0,0,0,0,0,0
"09000","5","3149","56","0","2024","A","","Connecticut -- Statewide","Private","NAICS 3149 Other textile product mills","State, NAICS 4-digit -- by ownership sector","All establishment sizes",48,616,42303820,16565015,363688,1320,68638,"",0.82,0.98,1.11,1.10,1.56,1.13,1.13,"",-4,-7.7,-50,-7.5,629904,1.5,5001345,43.3,67036,22.6,117,9.7,6072,9.7
"09000","5","31491","57","0","2024","A","","Connecticut -- Statewide","Private","NAICS 31491 Textile bag and canvas mills","State, NAICS 5-digit -- by ownership sector","All establishment sizes",26,530,36833401,14525300,329399,1336,69453,"",1.29,2.12,2.33,2.35,3.04,1.10,1.10,"",-4,-13.3,-47,-8.1,395319,1.1,4622594,46.7,69457,26.7,122,10.0,6348,10.1
"09000","5","314910","58","0","2024","A","","Connecticut -- Statewide","Private","NAICS 314910 Textile bag and canvas mills","State, NAICS 6-digit -- by ownership sector","All establishment sizes",26,530,36833401,14525300,329399,1336,69453,"",1.29,2.12,2.33,2.35,3.04,1.10,1.10,"",-4,-13.3,-47,-8.1,395319,1.1,4622594,46.7,69457,26.7,122,10.0,6348,10.1
"09000","5","31499","57","0","2024","A","","Connecticut -- Statewide","Private","NAICS 31499 All other textile product mills","State, NAICS 5-digit -- by ownership sector","All establishment sizes",22,86,5470419,2039715,34289,1223,63610,"",0.57,0.23,0.24,0.23,0.28,1.07,1.07,"",-1,-4.3,-3,-3.4,234585,4.5,378751,22.8,-2421,-6.6,87,7.7,4559,7.7
"09000","5","314994","58","0","2024","A","N","Connecticut -- Statewide","Private","NAICS 314994 Rope, cordage, twine, tire cord, and tire fabric mills","State, NAICS 6-digit -- by ownership sector","All establishment sizes",3,0,0,0,0,0,0,"N",1.51,0,0,0,0,0,0,"N",0,0.0,0,0,0,0,0,0,0,0,0,0,0,0
"09000","5","314999","58","0","2024","A","N","Connecticut -- Statewide","Private","NAICS 314999 All other miscellaneous textile product mills","State, NAICS 6-digit -- by ownership sector","All establishment sizes",19,0,0,0,0,0,0,"N",0.52,0,0,0,0,0,0,"N",-1,-5.0,0,0,0,0,0,0,0,0,0,0,0,0
"09000","5","315","55","0","2024","A","N","Connecticut -- Statewide","Private","NAICS 315 Apparel manufacturing","State, NAICS 3-digit -- by ownership sector","All establishment sizes",22,0,0,0,0,0,0,"N",0.28,0,0,0,0,0,0,"N",1,4.8,0,0,0,0,0,0,0,0,0,0,0,0
"09000","5","3152","56","0","2024","A","","Connecticut -- Statewide","Private","NAICS 3152 Cut and sew apparel manufacturing","State, NAICS 4-digit -- by ownership sector","All establishment sizes",18,54,2343143,1273857,22147,828,43059,"",0.31,0.08,0.05,0.09,0.06,0.62,0.62,"",2,12.5,5,10.2,544646,30.3,543260,74.4,8096,57.6,127,18.1,6603,18.1
"09000","5","31521","57","0","2024","A","","Connecticut -- Statewide","Private","NAICS 31521 Cut and sew apparel contractors","State, NAICS 5-digit -- by ownership sector","All establishment sizes",8,27,1474640,798367,14300,1050,54616,"",0.30,0.12,0.12,0.18,0.12,1.01,1.01,"",2,33.3,5,22.7,568952,62.8,439076,122.2,6727,88.8,264,33.6,13758,33.7
"09000","5","315210","58","0","2024","A","","Connecticut -- Statewide","Private","NAICS 315210 Cut and sew apparel contractors","State, NAICS 6-digit -- by ownership sector","All establishment sizes",8,27,1474640,798367,14300,1050,54616,"",0.30,0.12,0.12,0.18,0.12,1.01,1.01,"",2,33.3,5,22.7,568952,62.8,439076,122.2,6727,88.8,264,33.6,13758,33.7
"09000","5","31525","57","0","2024","A","","Connecticut -- Statewide","Private","NAICS 31525 Cut and sew apparel manufacturing (except contractors)","State, NAICS 5-digit -- by ownership sector","All establishment sizes",10,27,868503,475490,7847,609,31678,"",0.32,0.06,0.02,0.05,0.03,0.41,0.41,"",0,0.0,0,0.0,-24306,-2.7,104184,28.1,1369,21.1,-23,-3.6,-1186,-3.6
"09000","5","315250","58","0","2024","A","","Connecticut -- Statewide","Private","NAICS 315250 Cut and sew apparel manufacturing (except contractors)","State, NAICS 6-digit -- by ownership sector","All establishment sizes",10,27,868503,475490,7847,609,31678,"",0.32,0.06,0.02,0.05,0.03,0.41,0.41,"",0,0.0,0,0.0,-24306,-2.7,104184,28.1,1369,21.1,-23,-3.6,-1186,-3.6
"09000","5","3159","56","0","2024","A","N","Connecticut -- Statewide","Private","NAICS 3159 Apparel accessories and other apparel manufacturing","State, NAICS 4-digit -- by ownership sector","All establishment sizes",4,0,0,0,0,0,0,"N",0.23,0,0,0,0,0,0,"N",-2,-33.3,0,0,0,0,0,0,0,0,0,0,0,0
"09000","5","31599","57","0","2024","A","N","Connecticut -- Statewide","Private","NAICS 31599 Apparel accessories and other apparel manufacturing","State, NAICS 5-digit -- by ownership sector","All establishment sizes",4,0,0,0,0,0,0,"N",0.23,0,0,0,0,0,0,"N",-2,-33.3,0,0,0,0,0,0,0,0,0,0,0,0
"09000","5","315990","58","0","2024","A","N","Connecticut -- Statewide","Private","NAICS 315990 Apparel accessories and other apparel manufacturing","State, NAICS 6-digit -- by ownership sector","All establishment sizes",4,0,0,0,0,0,0,"N",0.23,0,0,0,0,0,0,"N",-2,-33.3,0,0,0,0,0,0,0,0,0,0,0,0
"09000","5","316","55","0","2024","A","N","Connecticut -- Statewide","Private","NAICS 316 Leather and allied product manufacturing","State, NAICS 3-digit -- by ownership sector","All establishment sizes",4,0,0,0,0,0,0,"N",0.21,0,0,0,0,0,0,"N",0,0.0,0,0,0,0,0,0,0,0,0,0,0,0
"09000","5","3169","56","0","2024","A","N","Connecticut -- Statewide","Private","NAICS 3169 Other leather and allied product manufacturing","State, NAICS 4-digit -- by ownership sector","All establishment sizes",4,0,0,0,0,0,0,"N",0.34,0,0,0,0,0,0,"N",0,0.0,0,0,0,0,0,0,0,0,0,0,0,0
"09000","5","31699","57","0","2024","A","N","Connecticut -- Statewide","Private","NAICS 31699 Other leather and allied product manufacturing","State, NAICS 5-digit -- by ownership sector","All establishment sizes",4,0,0,0,0,0,0,"N",0.34,0,0,0,0,0,0,"N",0,0.0,0,0,0,0,0,0,0,0,0,0,0,0
"09000","5","316990","58","0","2024","A","N","Connecticut -- Statewide","Private","NAICS 316990 Other leather and allied product manufacturing","State, NAICS 6-digit -- by ownership sector","All establishment sizes",4,0,0,0,0,0,0,"N",0.34,0,0,0,0,0,0,"N",0,0.0,0,0,0,0,0,0,0,0,0,0,0,0
"09000","5","321","55","0","2024","A","","Connecticut -- Statewide","Private","NAICS 321 Wood product manufacturing","State, NAICS 3-digit -- by ownership sector","All establishment sizes",108,1069,64572343,29395341,500862,1161,60395,"",0.54,0.24,0.20,0.23,0.25,0.84,0.84,"",-6,-5.3,-86,-7.4,-4466253,-6.5,9215594,45.7,82746,19.8,11,1.0,617,1.0
"09000","5","3211","56","0","2024","A","N","Connecticut -- Statewide","Private","NAICS 3211 Sawmills and wood preservation","State, NAICS 4-digit -- by ownership sector","All establishment sizes",12,0,0,0,0,0,0,"N",0.29,0,0,0,0,0,0,"N",-1,-7.7,0,0,0,0,0,0,0,0,0,0,0,0
"09000","5","32111","57","0","2024","A","N","Connecticut -- Statewide","Private","NAICS 32111 Sawmills and wood preservation","State, NAICS 5-digit -- by ownership sector","All establishment sizes",12,0,0,0,0,0,0,"N",0.29,0,0,0,0,0,0,"N",-1,-7.7,0,0,0,0,0,0,0,0,0,0,0,0
"09000","5","321113","58","0","2024","A","N","Connecticut -- Statewide","Private","NAICS 321113 Sawmills","State, NAICS 6-digit -- by ownership sector","All establishment sizes",12,0,0,0,0,0,0,"N",0.33,0,0,0,0,0,0,"N",-1,-7.7,0,0,0,0,0,0,0,0,0,0,0,0
"09000","5","3212","56","0","2024","A","N","Connecticut -- Statewide","Private","NAICS 3212 Veneer, plywood, and engineered wood product manufacturing","State, NAICS 4-digit -- by ownership sector","All establishment sizes",2,0,0,0,0,0,0,"N",0.09,0,0,0,0,0,0,"N",-2,-50.0,0,0,0,0,0,0,0,0,0,0,0,0
"09000","5","32121","57","0","2024","A","N","Connecticut -- Statewide","Private","NAICS 32121 Veneer, plywood, and engineered wood product manufacturing","State, NAICS 5-digit -- by ownership sector","All establishment sizes",2,0,0,0,0,0,0,"N",0.09,0,0,0,0,0,0,"N",-2,-50.0,0,0,0,0,0,0,0,0,0,0,0,0
"09000","5","321215","58","0","2024","A","N","Connecticut -- Statewide","Private","NAICS 321215 Engineered wood member manufacturing","State, NAICS 6-digit -- by ownership sector","All establishment sizes",2,0,0,0,0,0,0,"N",0.14,0,0,0,0,0,0,"N",-2,-50.0,0,0,0,0,0,0,0,0,0,0,0,0
"09000","5","3219","56","0","2024","A","","Connecticut -- Statewide","Private","NAICS 3219 Other wood product manufacturing","State, NAICS 4-digit -- by ownership sector","All establishment sizes",93,894,54364932,24606322,424687,1170,60822,"",0.69,0.34,0.30,0.34,0.37,0.87,0.87,"",-4,-4.1,-51,-5.4,-1659884,-3.0,8083995,48.9,73052,20.8,29,2.5,1516,2.6
"09000","5","32191","57","0","2024","A","","Connecticut -- Statewide","Private","NAICS 32191 Millwork","State, NAICS 5-digit -- by ownership sector","All establishment sizes",44,349,25169874,9248734,121180,1387,72120,"",1.02,0.31,0.31,0.26,0.25,0.99,0.99,"",0,0.0,-3,-0.9,771293,3.2,3319828,56.0,3181,2.7,53,4.0,2757,4.0
"09000","5","321911","58","0","2024","A","N","Connecticut -- Statewide","Private","NAICS 321911 Wood window and door manufacturing","State, NAICS 6-digit -- by ownership sector","All establishment sizes",4,0,0,0,0,0,0,"N",0.27,0,0,0,0,0,0,"N",-1,-20.0,0,0,0,0,0,0,0,0,0,0,0,0
"09000","5","321912","58","0","2024","A","N","Connecticut -- Statewide","Private","NAICS 321912 Cut stock, resawing lumber, and planing","State, NAICS 6-digit -- by ownership sector","All establishment sizes",3,0,0,0,0,0,0,"N",0.43,0,0,0,0,0,0,"N",0,0.0,0,0,0,0,0,0,0,0,0,0,0,0
"09000","5","321918","58","0","2024","A","","Connecticut -- Statewide","Private","NAICS 321918 Other millwork (including flooring)","State, NAICS 6-digit -- by ownership sector","All establishment sizes",37,328,23691451,8739270,115160,1390,72285,"",1.76,0.93,0.98,1.01,0.77,1.05,1.05,"",1,2.8,0,0.0,774046,3.4,3281678,60.1,5518,5.0,45,3.3,2362,3.4
"09000","5","32192","57","0","2024","A","","Connecticut -- Statewide","Private","NAICS 32192 Wood container and pallet manufacturing","State, NAICS 5-digit -- by ownership sector","All establishment sizes",19,296,14605594,8141979,143172,947,49260,"",0.48,0.42,0.34,0.49,0.57,0.80,0.80,"",0,0.0,-33,-10.0,-1538253,-9.5,2142988,35.7,27462,23.7,4,0.4,240,0.5
"09000","5","321920","58","0","2024","A","","Connecticut -- Statewide","Private","NAICS 321920 Wood container and pallet manufacturing","State, NAICS 6-digit -- by ownership sector","All establishment sizes",19,296,14605594,8141979,143172,947,49260,"",0.48,0.42,0.34,0.49,0.57,0.80,0.80,"",0,0.0,-33,-10.0,-1538253,-9.5,2142988,35.7,27462,23.7,4,0.4,240,0.5
"09000","5","32199","57","0","2024","A","","Connecticut -- Statewide","Private","NAICS 32199 All other wood product manufacturing","State, NAICS 5-digit -- by ownership sector","All establishment sizes",30,248,14589464,7215609,160335,1130,58750,"",0.58,0.30,0.25,0.37,0.38,0.82,0.82,"",-4,-11.8,-16,-6.1,-892924,-5.8,2621179,57.1,42409,36.0,0,0.0,12,0.0
"09000","5","321992","58","0","2024","A","","Connecticut -- Statewide","Private","NAICS 321992 Prefabricated wood building manufacturing","State, NAICS 6-digit -- by ownership sector","All establishment sizes",7,73,4448802,1994820,62506,1168,60734,"",0.58,0.39,0.33,0.40,0.51,0.85,0.85,"",0,0.0,-2,-2.7,-152442,-3.3,679605,51.7,19384,45.0,-20,-1.7,-1028,-1.7
"09000","5","321999","58","0","2024","A","","Connecticut -- Statewide","Private","NAICS 321999 All other miscellaneous wood product manufacturing","State, NAICS 6-digit -- by ownership sector","All establishment sizes",23,175,10140662,5220789,97829,1114,57919,"",0.66,0.59,0.50,0.73,0.81,0.85,0.85,"",-4,-14.8,-14,-7.4,-740482,-6.8,1941574,59.2,23025,30.8,7,0.6,372,0.6
"09000","5","322","55","0","2024","A","","Connecticut -- Statewide","Private","NAICS 322 Paper manufacturing","State, NAICS 3-digit -- by ownership sector","All establishment sizes",68,2883,241828554,80121112,1579913,1613,83869,"",0.97,0.75,0.66,0.84,1.06,0.89,0.89,"",-3,-4.2,-117,-3.9,971511,0.4,28121659,54.1,265284,20.2,69,4.5,3579,4.5
"09000","5","3221","56","0","2024","A","","Connecticut -- Statewide","Private","NAICS 3221 Pulp, paper, and paperboard mills","State, NAICS 4-digit -- by ownership sector","All establishment sizes",6,831,82880879,23114759,468766,1917,99696,"",0.55,0.90,0.78,0.90,1.46,0.87,0.87,"",0,0.0,3,0.4,5238314,6.7,8898037,62.6,-31632,-6.3,114,6.3,5915,6.3
"09000","5","32212","57","0","2024","A","N","Connecticut -- Statewide","Private","NAICS 32212 Paper mills","State, NAICS 5-digit -- by ownership sector","All establishment sizes",5,0,0,0,0,0,0,"N",0.77,0,0,0,0,0,0,"N",0,0.0,0,0,0,0,0,0,0,0,0,0,0,0
"09000","5","322120","58","0","2024","A","N","Connecticut -- Statewide","Private","NAICS 322120 Paper mills","State, NAICS 6-digit -- by ownership sector","All establishment sizes",5,0,0,0,0,0,0,"N",0.77,0,0,0,0,0,0,"N",0,0.0,0,0,0,0,0,0,0,0,0,0,0,0
"09000","5","32213","57","0","2024","A","N","Connecticut -- Statewide","Private","NAICS 32213 Paperboard mills","State, NAICS 5-digit -- by ownership sector","All establishment sizes",1,0,0,0,0,0,0,"N",0.29,0,0,0,0,0,0,"N",0,0.0,0,0,0,0,0,0,0,0,0,0,0,0
"09000","5","322130","58","0","2024","A","N","Connecticut -- Statewide","Private","NAICS 322130 Paperboard mills","State, NAICS 6-digit -- by ownership sector","All establishment sizes",1,0,0,0,0,0,0,"N",0.29,0,0,0,0,0,0,"N",0,0.0,0,0,0,0,0,0,0,0,0,0,0,0
"09000","5","3222","56","0","2024","A","","Connecticut -- Statewide","Private","NAICS 3222 Converted paper product manufacturing","State, NAICS 4-digit -- by ownership sector","All establishment sizes",62,2052,158947675,57006353,1111147,1490,77457,"",1.05,0.70,0.62,0.82,0.95,0.88,0.88,"",-3,-4.6,-120,-5.5,-4266803,-2.6,19223622,50.9,296916,36.5,45,3.1,2309,3.1
"09000","5","32221","57","0","2024","A","","Connecticut -- Statewide","Private","NAICS 32221 Paperboard container manufacturing","State, NAICS 5-digit -- by ownership sector","All establishment sizes",28,1124,87420988,31380990,576943,1496,77777,"",0.92,0.66,0.57,0.77,0.83,0.88,0.87,"",0,0.0,-88,-7.3,-3533114,-3.9,10610065,51.1,118154,25.8,53,3.7,2738,3.6
"09000","5","322211","58","0","2024","A","","Connecticut -- Statewide","Private","NAICS 322211 Corrugated and solid fiber box manufacturing","State, NAICS 6-digit -- by ownership sector","All establishment sizes",18,846,67154278,24027356,396066,1526,79355,"",0.87,0.75,0.65,0.87,0.87,0.87,0.87,"",0,0.0,-34,-3.9,-720119,-1.1,8874600,58.6,68072,20.8,43,2.9,2232,2.9
"09000","5","322212","58","0","2024","A","N","Connecticut -- Statewide","Private","NAICS 322212 Folding paperboard box manufacturing","State, NAICS 6-digit -- by ownership sector","All establishment sizes",8,0,0,0,0,0,0,"N",1.64,0,0,0,0,0,0,"N",-1,-11.1,0,0,0,0,0,0,0,0,0,0,0,0
"09000","5","322219","58","0","2024","A","N","Connecticut -- Statewide","Private","NAICS 322219 Other paperboard container manufacturing","State, NAICS 6-digit -- by ownership sector","All establishment sizes",1,0,0,0,0,0,0,"N",0.21,0,0,0,0,0,0,"N",0,0.0,0,0,0,0,0,0,0,0,0,0,0,0
"09000","5","32222","57","0","2024","A","","Connecticut -- Statewide","Private","NAICS 32222 Paper bag and coated and treated paper manufacturing","State, NAICS 5-digit -- by ownership sector","All establishment sizes",20,757,56510320,20931573,426892,1436,74675,"",1.48,1.30,1.10,1.41,1.69,0.85,0.85,"",-2,-9.1,-30,-3.8,-343347,-0.6,6989194,50.1,137888,47.7,47,3.4,2472,3.4
"09000","5","322220","58","0","2024","A","","Connecticut -- Statewide","Private","NAICS 322220 Paper bag and coated and treated paper manufacturing","State, NAICS 6-digit -- by ownership sector","All establishment sizes",20,757,56510320,20931573,426892,1436,74675,"",1.48,1.30,1.10,1.41,1.69,0.85,0.85,"",-2,-9.1,-30,-3.8,-343347,-0.6,6989194,50.1,137888,47.7,47,3.4,2472,3.4
"09000","5","32223","57","0","2024","A","","Connecticut -- Statewide","Private","NAICS 32223 Stationery product manufacturing","State, NAICS 5-digit -- by ownership sector","All establishment sizes",5,44,1855256,1156265,27371,811,42165,"",1.01,0.32,0.18,0.35,0.47,0.56,0.56,"",0,0.0,6,15.8,43042,2.4,468468,68.1,15678,134.1,-118,-12.7,-6161,-12.7
"09000","5","322230","58","0","2024","A","","Connecticut -- Statewide","Private","NAICS 322230 Stationery product manufacturing","State, NAICS 6-digit -- by ownership sector","All establishment sizes",5,44,1855256,1156265,27371,811,42165,"",1.01,0.32,0.18,0.35,0.47,0.56,0.56,"",0,0.0,6,15.8,43042,2.4,468468,68.1,15678,134.1,-118,-12.7,-6161,-12.7
"09000","5","32229","57","0","2024","A","","Connecticut -- Statewide","Private","NAICS 32229 Other converted paper product manufacturing","State, NAICS 5-digit -- by ownership sector","All establishment sizes",10,127,13161111,3537525,79941,1988,103360,"",0.96,0.26,0.30,0.32,0.49,1.16,1.16,"",1,11.1,-8,-5.9,-433384,-3.2,1155895,48.5,25196,46.0,50,2.6,2598,2.6
"09000","5","322291","58","0","2024","A","","Connecticut -- Statewide","Private","NAICS 322291 Sanitary paper product manufacturing","State, NAICS 6-digit -- by ownership sector","All establishment sizes",4,50,4934554,1414401,32225,1898,98691,"",1.23,0.16,0.17,0.21,0.36,1.04,1.04,"",0,0.0,0,0.0,57615,1.2,553194,64.2,7027,27.9,28,1.5,1476,1.5
"09000","5","322299","58","0","2024","A","","Connecticut -- Statewide","Private","NAICS 322299 All other converted paper product manufacturing","State, NAICS 6-digit -- by ownership sector","All establishment sizes",6,77,8226557,2123124,47716,2046,106378,"",0.84,0.41,0.55,0.50,0.64,1.36,1.36,"",0,0.0,-8,-9.4,-490999,-5.6,602701,39.6,18169,61.5,68,3.4,3516,3.4
"09000","5","323","55","0","2024","A","","Connecticut -- Statewide","Private","NAICS 323 Printing and related support activities","State, NAICS 3-digit -- by ownership sector","All establishment sizes",314,4323,290738120,113434530,1933076,1293,67249,"",0.91,1.12,1.06,1.19,1.19,0.95,0.95,"",-4,-1.3,-184,-4.1,-2632120,-0.9,37985126,50.3,342316,21.5,41,3.3,2156,3.3
"09000","5","3231","56","0","2024","A","","Connecticut -- Statewide","Private","NAICS 3231 Printing and related support activities","State, NAICS 4-digit -- by ownership sector","All establishment sizes",314,4323,290738120,113434530,1933076,1293,67249,"",0.91,1.12,1.06,1.19,1.19,0.95,0.95,"",-4,-1.3,-184,-4.1,-2632120,-0.9,37985126,50.3,342316,21.5,41,3.3,2156,3.3
"09000","5","32311","57","0","2024","A","","Connecticut -- Statewide","Private","NAICS 32311 Printing","State, NAICS 5-digit -- by ownership sector","All establishment sizes",300,4211,282403894,110461055,1899239,1290,67067,"",0.91,1.14,1.08,1.21,1.22,0.95,0.95,"",-4,-1.3,-178,-4.1,-2828626,-1.0,36898180,50.2,341211,21.9,40,3.2,2080,3.2
"09000","5","323111","58","0","2024","A","","Connecticut -- Statewide","Private","NAICS 323111 Commercial printing (except screen and books)","State, NAICS 6-digit -- by ownership sector","All establishment sizes",219,3287,239154842,86835767,1476295,1399,72763,"",0.97,1.20,1.15,1.25,1.24,0.96,0.96,"",-5,-2.2,-171,-4.9,-4546379,-1.9,29159635,50.6,249085,20.3,44,3.2,2283,3.2
"09000","5","323113","58","0","2024","A","","Connecticut -- Statewide","Private","NAICS 323113 Commercial screen printing","State, NAICS 6-digit -- by ownership sector","All establishment sizes",82,924,43249052,23625288,422944,900,46806,"",0.86,1.12,0.98,1.25,1.37,0.88,0.88,"",1,1.2,-7,-0.8,1717753,4.1,7738545,48.7,92126,27.8,42,4.9,2213,5.0
"09000","5","32312","57","0","2024","A","","Connecticut -- Statewide","Private","NAICS 32312 Support activities for printing","State, NAICS 5-digit -- by ownership sector","All establishment sizes",13,113,8334226,2973475,33837,1424,74027,"",0.85,0.67,0.70,0.68,0.48,1.05,1.05,"",-1,-7.1,-5,-4.2,196506,2.4,1086946,57.6,1105,3.4,96,7.2,4966,7.2
"09000","5","323120","58","0","2024","A","","Connecticut -- Statewide","Private","NAICS 323120 Support activities for printing","State, NAICS 6-digit -- by ownership sector","All establishment sizes",13,113,8334226,2973475,33837,1424,74027,"",0.85,0.67,0.70,0.68,0.48,1.05,1.05,"",-1,-7.1,-5,-4.2,196506,2.4,1086946,57.6,1105,3.4,96,7.2,4966,7.2
"09000","5","324","55","0","2024","A","","Connecticut -- Statewide","Private","NAICS 324 Petroleum and coal products manufacturing","State, NAICS 3-digit -- by ownership sector","All establishment sizes",20,242,24606815,7676326,447766,1957,101786,"",0.63,0.20,0.13,0.26,0.69,0.62,0.62,"",-4,-16.7,-29,-10.7,-1095533,-4.3,2548512,49.7,169062,60.7,135,7.4,7031,7.4
"09000","5","3241","56","0","2024","A","","Connecticut -- Statewide","Private","NAICS 3241 Petroleum and coal products manufacturing","State, NAICS 4-digit -- by ownership sector","All establishment sizes",20,242,24606815,7676326,447766,1957,101786,"",0.63,0.20,0.13,0.26,0.69,0.62,0.62,"",-4,-16.7,-29,-10.7,-1095533,-4.3,2548512,49.7,169062,60.7,135,7.4,7031,7.4
"09000","5","32411","57","0","2024","A","N","Connecticut -- Statewide","Private","NAICS 32411 Petroleum refineries","State, NAICS 5-digit -- by ownership sector","All establishment sizes",1,0,0,0,0,0,0,"N",0.12,0,0,0,0,0,0,"N",-1,-50.0,0,0,0,0,0,0,0,0,0,0,0,0
"09000","5","324110","58","0","2024","A","N","Connecticut -- Statewide","Private","NAICS 324110 Petroleum refineries","State, NAICS 6-digit -- by ownership sector","All establishment sizes",1,0,0,0,0,0,0,"N",0.12,0,0,0,0,0,0,"N",-1,-50.0,0,0,0,0,0,0,0,0,0,0,0,0
"09000","5","32412","57","0","2024","A","","Connecticut -- Statewide","Private","NAICS 32412 Asphalt paving, roofing, and saturated materials manufacturing","State, NAICS 5-digit -- by ownership sector","All establishment sizes",18,184,19593627,6022890,412641,2042,106199,"",1.07,0.54,0.51,0.67,1.11,0.93,0.93,"",-1,-5.3,-21,-10.2,-316899,-1.6,2202547,57.7,182473,79.3,173,9.3,8995,9.3
"09000","5","324121","58","0","2024","A","N","Connecticut -- Statewide","Private","NAICS 324121 Asphalt paving mixture and block manufacturing","State, NAICS 6-digit -- by ownership sector","All establishment sizes",16,0,0,0,0,0,0,"N",1.25,0,0,0,0,0,0,"N",0,0.0,0,0,0,0,0,0,0,0,0,0,0,0
"09000","5","324122","58","0","2024","A","N","Connecticut -- Statewide","Private","NAICS 324122 Asphalt shingle and coating materials manufacturing","State, NAICS 6-digit -- by ownership sector","All establishment sizes",2,0,0,0,0,0,0,"N",0.50,0,0,0,0,0,0,"N",-1,-33.3,0,0,0,0,0,0,0,0,0,0,0,0
"09000","5","32419","57","0","2024","A","N","Connecticut -- Statewide","Private","NAICS 32419 Other petroleum and coal products manufacturing","State, NAICS 5-digit -- by ownership sector","All establishment sizes",2,0,0,0,0,0,0,"N",0.29,0,0,0,0,0,0,"N",-1,-33.3,0,0,0,0,0,0,0,0,0,0,0,0
"09000","5","324191","58","0","2024","A","N","Connecticut -- Statewide","Private","NAICS 324191 Petroleum lubricating oil and grease manufacturing","State, NAICS 6-digit -- by ownership sector","All establishment sizes",2,0,0,0,0,0,0,"N",0.39,0,0,0,0,0,0,"N",-1,-33.3,0,0,0,0,0,0,0,0,0,0,0,0
"09000","5","325","55","0","2024","A","","Connecticut -- Statewide","Private","NAICS 325 Chemical manufacturing","State, NAICS 3-digit -- by ownership sector","All establishment sizes",204,7763,1249706008,212618774,3708493,3096,160984,"",0.65,0.80,0.94,0.89,0.93,1.18,1.18,"",-15,-6.8,-227,-2.8,43738259,3.6,75012030,54.5,768367,26.1,194,6.7,10054,6.7
"09000","5","3251","56","0","2024","A","","Connecticut -- Statewide","Private","NAICS 3251 Basic chemical manufacturing","State, NAICS 4-digit -- by ownership sector","All establishment sizes",25,850,320568896,24333268,461849,7252,377103,"",0.50,0.51,1.31,0.66,0.86,2.59,2.59,"",-1,-3.8,-1,-0.1,95521515,42.4,9343692,62.3,119773,35.0,2166,42.6,112627,42.6
"09000","5","32512","57","0","2024","A","N","Connecticut -- Statewide","Private","NAICS 32512 Industrial gas manufacturing","State, NAICS 5-digit -- by ownership sector","All establishment sizes",3,0,0,0,0,0,0,"N",0.26,0,0,0,0,0,0,"N",0,0.0,0,0,0,0,0,0,0,0,0,0,0,0
"09000","5","325120","58","0","2024","A","N","Connecticut -- Statewide","Private","NAICS 325120 Industrial gas manufacturing","State, NAICS 6-digit -- by ownership sector","All establishment sizes",3,0,0,0,0,0,0,"N",0.26,0,0,0,0,0,0,"N",0,0.0,0,0,0,0,0,0,0,0,0,0,0,0
"09000","5","32513","57","0","2024","A","N","Connecticut -- Statewide","Private","NAICS 32513 Synthetic dye and pigment manufacturing","State, NAICS 5-digit -- by ownership sector","All establishment sizes",2,0,0,0,0,0,0,"N",0.57,0,0,0,0,0,0,"N",0,0.0,0,0,0,0,0,0,0,0,0,0,0,0
"09000","5","325130","58","0","2024","A","N","Connecticut -- Statewide","Private","NAICS 325130 Synthetic dye and pigment manufacturing","State, NAICS 6-digit -- by ownership sector","All establishment sizes",2,0,0,0,0,0,0,"N",0.57,0,0,0,0,0,0,"N",0,0.0,0,0,0,0,0,0,0,0,0,0,0,0
"09000","5","32518","57","0","2024","A","","Connecticut -- Statewide","Private","NAICS 32518 Other basic inorganic chemical manufacturing","State, NAICS 5-digit -- by ownership sector","All establishment sizes",6,94,10417313,2703066,31309,2124,110431,"",0.47,0.21,0.16,0.26,0.23,0.79,0.79,"",1,20.0,5,5.6,1214449,13.2,1092855,67.9,3202,11.4,124,6.2,6444,6.2
"09000","5","325180","58","0","2024","A","","Connecticut -- Statewide","Private","NAICS 325180 Other basic inorganic chemical manufacturing","State, NAICS 6-digit -- by ownership sector","All establishment sizes",6,94,10417313,2703066,31309,2124,110431,"",0.47,0.21,0.16,0.26,0.23,0.79,0.79,"",1,20.0,5,5.6,1214449,13.2,1092855,67.9,3202,11.4,124,6.2,6444,6.2
"09000","5","32519","57","0","2024","A","","Connecticut -- Statewide","Private","NAICS 32519 Other basic organic chemical manufacturing","State, NAICS 5-digit -- by ownership sector","All establishment sizes",14,509,59443142,13947476,294113,2247,116842,"",0.73,0.85,0.76,0.95,1.36,0.90,0.90,"",-2,-12.5,9,1.8,3571527,6.4,5422991,63.6,91896,45.4,98,4.6,5117,4.6
"09000","5","325193","58","0","2024","A","N","Connecticut -- Statewide","Private","NAICS 325193 Ethyl alcohol manufacturing","State, NAICS 6-digit -- by ownership sector","All establishment sizes",1,0,0,0,0,0,0,"N",0.33,0,0,0,0,0,0,"N",0,0.0,0,0,0,0,0,0,0,0,0,0,0,0
"09000","5","325199","58","0","2024","A","N","Connecticut -- Statewide","Private","NAICS 325199 All other basic organic chemical manufacturing","State, NAICS 6-digit -- by ownership sector","All establishment sizes",13,0,0,0,0,0,0,"N",0.87,0,0,0,0,0,0,"N",-2,-13.3,0,0,0,0,0,0,0,0,0,0,0,0
"09000","5","3252","56","0","2024","A","","Connecticut -- Statewide","Private","NAICS 3252 Resin, synthetic rubber, and artificial and synthetic fibers and filaments manufacturing","State, NAICS 4-digit -- by ownership sector","All establishment sizes",22,551,53927951,14578090,229394,1882,97873,"",0.88,0.54,0.41,0.72,0.77,0.77,0.77,"",1,4.8,37,7.2,5688436,11.8,5874875,67.5,61964,37.0,77,4.3,4037,4.3
"09000","5","32521","57","0","2024","A","N","Connecticut -- Statewide","Private","NAICS 32521 Resin and synthetic rubber manufacturing","State, NAICS 5-digit -- by ownership sector","All establishment sizes",20,0,0,0,0,0,0,"N",0.90,0,0,0,0,0,0,"N",1,5.3,0,0,0,0,0,0,0,0,0,0,0,0
"09000","5","325211","58","0","2024","A","","Connecticut -- Statewide","Private","NAICS 325211 Plastics material and resin manufacturing","State, NAICS 6-digit -- by ownership sector","All establishment sizes",20,471,48335970,12919081,192853,1974,102624,"",1.03,0.71,0.56,0.97,0.86,0.78,0.78,"",2,11.1,23,5.1,4880927,11.2,5291401,69.4,55986,40.9,108,5.8,5572,5.7
"09000","5","325212","58","0","2024","A","N","Connecticut -- Statewide","Private","NAICS 325212 Synthetic rubber manufacturing","State, NAICS 6-digit -- by ownership sector","All establishment sizes",1,0,0,0,0,0,0,"N",0.37,0,0,0,0,0,0,"N",0,0.0,0,0,0,0,0,0,0,0,0,0,0,0
"09000","5","32522","57","0","2024","A","N","Connecticut -- Statewide","Private","NAICS 32522 Artificial and synthetic fibers and filaments manufacturing","State, NAICS 5-digit -- by ownership sector","All establishment sizes",1,0,0,0,0,0,0,"N",0.35,0,0,0,0,0,0,"N",-1,-50.0,0,0,0,0,0,0,0,0,0,0,0,0
"09000","5","325220","58","0","2024","A","N","Connecticut -- Statewide","Private","NAICS 325220 Artificial and synthetic fibers and filaments manufacturing","State, NAICS 6-digit -- by ownership sector","All establishment sizes",1,0,0,0,0,0,0,"N",0.35,0,0,0,0,0,0,"N",-1,-50.0,0,0,0,0,0,0,0,0,0,0,0,0
"09000","5","3253","56","0","2024","A","","Connecticut -- Statewide","Private","NAICS 3253 Pesticide, fertilizer, and other agricultural chemical manufacturing","State, NAICS 4-digit -- by ownership sector","All establishment sizes",9,113,10066847,3040584,74992,1720,89417,"",0.47,0.28,0.21,0.30,0.52,0.75,0.75,"",-1,-10.0,-4,-3.4,672701,7.2,1021564,50.6,11222,17.6,179,11.6,9296,11.6
"09000","5","32531","57","0","2024","A","N","Connecticut -- Statewide","Private","NAICS 32531 Fertilizer and compost manufacturing","State, NAICS 5-digit -- by ownership sector","All establishment sizes",3,0,0,0,0,0,0,"N",0.23,0,0,0,0,0,0,"N",0,0.0,0,0,0,0,0,0,0,0,0,0,0,0
"09000","5","325314","58","0","2024","A","N","Connecticut -- Statewide","Private","NAICS 325314 Fertilizer (mixing only) manufacturing","State, NAICS 6-digit -- by ownership sector","All establishment sizes",2,0,0,0,0,0,0,"N",0.30,0,0,0,0,0,0,"N",0,0.0,0,0,0,0,0,0,0,0,0,0,0,0
"09000","5","325315","58","0","2024","A","N","Connecticut -- Statewide","Private","NAICS 325315 Compost manufacturing","State, NAICS 6-digit -- by ownership sector","All establishment sizes",1,0,0,0,0,0,0,"N",0.83,0,0,0,0,0,0,"N",0,0.0,0,0,0,0,0,0,0,0,0,0,0,0
"09000","5","32532","57","0","2024","A","N","Connecticut -- Statewide","Private","NAICS 32532 Pesticide and other agricultural chemical manufacturing","State, NAICS 5-digit -- by ownership sector","All establishment sizes",6,0,0,0,0,0,0,"N",0.97,0,0,0,0,0,0,"N",-1,-14.3,0,0,0,0,0,0,0,0,0,0,0,0
"09000","5","325320","58","0","2024","A","N","Connecticut -- Statewide","Private","NAICS 325320 Pesticide and other agricultural chemical manufacturing","State, NAICS 6-digit -- by ownership sector","All establishment sizes",6,0,0,0,0,0,0,"N",0.97,0,0,0,0,0,0,"N",-1,-14.3,0,0,0,0,0,0,0,0,0,0,0,0
"09000","5","3254","56","0","2024","A","","Connecticut -- Statewide","Private","NAICS 3254 Pharmaceutical and medicine manufacturing","State, NAICS 4-digit -- by ownership sector","All establishment sizes",46,2885,456298142,81169619,1333244,3042,158171,"",0.49,0.76,0.74,0.77,0.74,0.97,0.97,"",-7,-13.2,-225,-7.2,-72555600,-13.7,26805790,49.3,250078,23.1,-228,-7.0,-11888,-7.0
"09000","5","32541","57","0","2024","A","","Connecticut -- Statewide","Private","NAICS 32541 Pharmaceutical and medicine manufacturing","State, NAICS 5-digit -- by ownership sector","All establishment sizes",46,2885,456298142,81169619,1333244,3042,158171,"",0.49,0.76,0.74,0.77,0.74,0.97,0.97,"",-7,-13.2,-225,-7.2,-72555600,-13.7,26805790,49.3,250078,23.1,-228,-7.0,-11888,-7.0
"09000","5","325411","58","0","2024","A","N","Connecticut -- Statewide","Private","NAICS 325411 Medicinal and botanical manufacturing","State, NAICS 6-digit -- by ownership sector","All establishment sizes",9,0,0,0,0,0,0,"N",0.50,0,0,0,0,0,0,"N",-3,-25.0,0,0,0,0,0,0,0,0,0,0,0,0
"09000","5","325412","58","0","2024","A","","Connecticut -- Statewide","Private","NAICS 325412 Pharmaceutical preparation manufacturing","State, NAICS 6-digit -- by ownership sector","All establishment sizes",27,1082,108381497,30504187,554318,1927,100199,"",0.45,0.43,0.26,0.45,0.47,0.59,0.59,"",-5,-15.6,-118,-9.8,-1894583,-1.7,8598646,39.3,59896,12.1,160,9.1,8328,9.1
"09000","5","325413","58","0","2024","A","N","Connecticut -- Statewide","Private","NAICS 325413 In-vitro diagnostic substance manufacturing","State, NAICS 6-digit -- by ownership sector","All establishment sizes",3,0,0,0,0,0,0,"N",0.49,0,0,0,0,0,0,"N",0,0.0,0,0,0,0,0,0,0,0,0,0,0,0
"09000","5","325414","58","0","2024","A","N","Connecticut -- Statewide","Private","NAICS 325414 Biological product (except diagnostic) manufacturing","State, NAICS 6-digit -- by ownership sector","All establishment sizes",7,0,0,0,0,0,0,"N",0.71,0,0,0,0,0,0,"N",1,16.7,0,0,0,0,0,0,0,0,0,0,0,0
"09000","5","3255","56","0","2024","A","","Connecticut -- Statewide","Private","NAICS 3255 Paint, coating, and adhesive manufacturing","State, NAICS 4-digit -- by ownership sector","All establishment sizes",27,1346,181336743,36450768,651335,2591,134748,"",0.86,1.89,2.44,2.27,2.31,1.29,1.29,"",-1,-3.6,-16,-1.2,5928270,3.4,13232607,57.0,135325,26.2,114,4.6,5945,4.6
"09000","5","32551","57","0","2024","A","","Connecticut -- Statewide","Private","NAICS 32551 Paint and coating manufacturing","State, NAICS 5-digit -- by ownership sector","All establishment sizes",12,320,33440201,9040635,170676,2012,104610,"",0.54,0.70,0.72,0.90,0.97,1.03,1.03,"",0,0.0,9,2.9,900235,2.8,3953163,77.7,52907,44.9,-3,-0.1,-160,-0.2
"09000","5","325510","58","0","2024","A","","Connecticut -- Statewide","Private","NAICS 325510 Paint and coating manufacturing","State, NAICS 6-digit -- by ownership sector","All establishment sizes",12,320,33440201,9040635,170676,2012,104610,"",0.54,0.70,0.72,0.90,0.97,1.03,1.03,"",0,0.0,9,2.9,900235,2.8,3953163,77.7,52907,44.9,-3,-0.1,-160,-0.2
"09000","5","32552","57","0","2024","A","","Connecticut -- Statewide","Private","NAICS 32552 Adhesive manufacturing","State, NAICS 5-digit -- by ownership sector","All establishment sizes",16,1026,147896542,27410133,480659,2772,144137,"",1.73,3.97,5.28,4.54,4.53,1.33,1.33,"",1,6.7,-25,-2.4,5028035,3.5,9279444,51.2,82418,20.7,158,6.0,8234,6.1
"09000","5","325520","58","0","2024","A","","Connecticut -- Statewide","Private","NAICS 325520 Adhesive manufacturing","State, NAICS 6-digit -- by ownership sector","All establishment sizes",16,1026,147896542,27410133,480659,2772,144137,"",1.73,3.97,5.28,4.54,4.53,1.33,1.33,"",1,6.7,-25,-2.4,5028035,3.5,9279444,51.2,82418,20.7,158,6.0,8234,6.1
"09000","5","3256","56","0","2024","A","","Connecticut -- Statewide","Private","NAICS 3256 Soap, cleaning compound, and toilet preparation manufacturing","State, NAICS 4-digit -- by ownership sector","All establishment sizes",40,682,72368966,18066203,317356,2042,106165,"",0.81,0.55,0.56,0.58,0.54,1.02,1.02,"",-6,-13.0,5,0.7,3683568,5.4,6504049,56.3,18245,6.1,91,4.7,4734,4.7
"09000","5","32561","57","0","2024","A","","Connecticut -- Statewide","Private","NAICS 32561 Soap and cleaning compound manufacturing","State, NAICS 5-digit -- by ownership sector","All establishment sizes",24,330,31570530,8588429,119821,1838,95596,"",0.90,0.52,0.43,0.59,0.47,0.81,0.81,"",-1,-4.0,10,3.1,3128288,11.0,3255133,61.0,9974,9.1,127,7.4,6621,7.4
"09000","5","325611","58","0","2024","A","","Connecticut -- Statewide","Private","NAICS 325611 Soap and other detergent manufacturing","State, NAICS 6-digit -- by ownership sector","All establishment sizes",14,145,10431668,3600495,54294,1382,71860,"",0.97,0.48,0.26,0.51,0.43,0.55,0.55,"",0,0.0,15,11.5,737342,7.6,1440950,66.7,6360,13.3,-53,-3.7,-2760,-3.7
"09000","5","325612","58","0","2024","A","N","Connecticut -- Statewide","Private","NAICS 325612 Polish and other sanitation good manufacturing","State, NAICS 6-digit -- by ownership sector","All establishment sizes",7,0,0,0,0,0,0,"N",0.67,0,0,0,0,0,0,"N",-1,-12.5,0,0,0,0,0,0,0,0,0,0,0,0
"09000","5","325613","58","0","2024","A","N","Connecticut -- Statewide","Private","NAICS 325613 Surface active agent manufacturing","State, NAICS 6-digit -- by ownership sector","All establishment sizes",3,0,0,0,0,0,0,"N",1.58,0,0,0,0,0,0,"N",0,0.0,0,0,0,0,0,0,0,0,0,0,0,0
"09000","5","32562","57","0","2024","A","","Connecticut -- Statewide","Private","NAICS 32562 Toilet preparation manufacturing","State, NAICS 5-digit -- by ownership sector","All establishment sizes",16,351,40798436,9477774,197535,2233,116097,"",0.71,0.58,0.74,0.58,0.59,1.28,1.28,"",-5,-23.8,-7,-2.0,555280,1.4,3248916,52.2,8271,4.4,68,3.1,3529,3.1
"09000","5","325620","58","0","2024","A","","Connecticut -- Statewide","Private","NAICS 325620 Toilet preparation manufacturing","State, NAICS 6-digit -- by ownership sector","All establishment sizes",16,351,40798436,9477774,197535,2233,116097,"",0.71,0.58,0.74,0.58,0.59,1.28,1.28,"",-5,-23.8,-7,-2.0,555280,1.4,3248916,52.2,8271,4.4,68,3.1,3529,3.1
"09000","5","3259","56","0","2024","A","","Connecticut -- Statewide","Private","NAICS 3259 Other chemical product and preparation manufacturing","State, NAICS 4-digit -- by ownership sector","All establishment sizes",35,1337,155138463,34980242,640323,2231,116035,"",0.81,1.55,1.76,1.75,1.85,1.14,1.14,"",-1,-2.8,-22,-1.6,4799369,3.2,12229453,53.8,171760,36.7,104,4.9,5424,4.9
"09000","5","32591","57","0","2024","A","N","Connecticut -- Statewide","Private","NAICS 32591 Printing ink manufacturing","State, NAICS 5-digit -- by ownership sector","All establishment sizes",4,0,0,0,0,0,0,"N",0.73,0,0,0,0,0,0,"N",0,0.0,0,0,0,0,0,0,0,0,0,0,0,0
"09000","5","325910","58","0","2024","A","N","Connecticut -- Statewide","Private","NAICS 325910 Printing ink manufacturing","State, NAICS 6-digit -- by ownership sector","All establishment sizes",4,0,0,0,0,0,0,"N",0.73,0,0,0,0,0,0,"N",0,0.0,0,0,0,0,0,0,0,0,0,0,0,0
"09000","5","32592","57","0","2024","A","N","Connecticut -- Statewide","Private","NAICS 32592 Explosives manufacturing","State, NAICS 5-digit -- by ownership sector","All establishment sizes",2,0,0,0,0,0,0,"N",1.56,0,0,0,0,0,0,"N",0,0.0,0,0,0,0,0,0,0,0,0,0,0,0
"09000","5","325920","58","0","2024","A","N","Connecticut -- Statewide","Private","NAICS 325920 Explosives manufacturing","State, NAICS 6-digit -- by ownership sector","All establishment sizes",2,0,0,0,0,0,0,"N",1.56,0,0,0,0,0,0,"N",0,0.0,0,0,0,0,0,0,0,0,0,0,0,0
"09000","5","32599","57","0","2024","A","","Connecticut -- Statewide","Private","NAICS 32599 All other chemical product and preparation manufacturing","State, NAICS 5-digit -- by ownership sector","All establishment sizes",29,1115,133713731,30218076,516716,2307,119950,"",0.80,1.57,1.85,1.80,1.75,1.17,1.17,"",-1,-3.3,3,0.3,7239771,5.7,11727377,63.4,171849,49.8,120,5.5,6249,5.5
"09000","5","325991","58","0","2024","A","N","Connecticut -- Statewide","Private","NAICS 325991 Custom compounding of purchased resins","State, NAICS 6-digit -- by ownership sector","All establishment sizes",8,0,0,0,0,0,0,"N",1.38,0,0,0,0,0,0,"N",0,0.0,0,0,0,0,0,0,0,0,0,0,0,0
"09000","5","325992","58","0","2024","A","N","Connecticut -- Statewide","Private","NAICS 325992 Photographic film, paper, plate, chemical, and copy toner manufacturing","State, NAICS 6-digit -- by ownership sector","All establishment sizes",4,0,0,0,0,0,0,"N",1.57,0,0,0,0,0,0,"N",0,0.0,0,0,0,0,0,0,0,0,0,0,0,0
"09000","5","325998","58","0","2024","A","","Connecticut -- Statewide","Private","NAICS 325998 All other miscellaneous chemical product and preparation manufacturing","State, NAICS 6-digit -- by ownership sector","All establishment sizes",17,484,58925084,13580109,224202,2340,121704,"",0.61,1.05,1.17,1.25,1.16,1.12,1.12,"",-1,-5.6,1,0.2,3019271,5.4,5562847,69.4,57381,34.4,113,5.1,5897,5.1
"09000","5","326","55","0","2024","A","","Connecticut -- Statewide","Private","NAICS 326 Plastics and rubber products manufacturing","State, NAICS 3-digit -- by ownership sector","All establishment sizes",152,4851,356078717,133264313,2528979,1412,73407,"",0.86,0.62,0.57,0.71,0.78,0.92,0.91,"",-12,-7.3,-134,-2.7,790576,0.2,47561181,55.5,668639,35.9,41,3.0,2133,3.0
"09000","5","3261","56","0","2024","A","","Connecticut -- Statewide","Private","NAICS 3261 Plastics product manufacturing","State, NAICS 4-digit -- by ownership sector","All establishment sizes",132,4241,310870124,115759838,2052085,1410,73307,"",0.87,0.66,0.61,0.74,0.75,0.92,0.92,"",-11,-7.7,-159,-3.6,3330613,1.1,40203502,53.2,466205,29.4,66,4.9,3406,4.9
"09000","5","32611","57","0","2024","A","","Connecticut -- Statewide","Private","NAICS 32611 Plastics packaging materials and unlaminated film and sheet manufacturing","State, NAICS 5-digit -- by ownership sector","All establishment sizes",10,286,34278091,7671713,135966,2306,119923,"",0.46,0.26,0.38,0.29,0.32,1.44,1.44,"",-2,-16.7,-8,-2.7,2355517,7.4,2734577,55.4,9187,7.2,217,10.4,11312,10.4
"09000","5","326111","58","0","2024","A","N","Connecticut -- Statewide","Private","NAICS 326111 Plastics bag and pouch manufacturing","State, NAICS 6-digit -- by ownership sector","All establishment sizes",2,0,0,0,0,0,0,"N",0.29,0,0,0,0,0,0,"N",-1,-33.3,0,0,0,0,0,0,0,0,0,0,0,0
"09000","5","326112","58","0","2024","A","","Connecticut -- Statewide","Private","NAICS 326112 Plastics packaging film and sheet (including laminated) manufacturing","State, NAICS 6-digit -- by ownership sector","All establishment sizes",4,143,14370221,3773715,56018,1936,100667,"",0.51,0.54,0.61,0.58,0.51,1.14,1.14,"",-1,-20.0,-6,-4.0,-577931,-3.9,1331373,54.5,6325,12.7,6,0.3,288,0.3
"09000","5","326113","58","0","2024","A","N","Connecticut -- Statewide","Private","NAICS 326113 Unlaminated plastics film and sheet (except packaging) manufacturing","State, NAICS 6-digit -- by ownership sector","All establishment sizes",4,0,0,0,0,0,0,"N",0.58,0,0,0,0,0,0,"N",0,0.0,0,0,0,0,0,0,0,0,0,0,0,0
"09000","5","32612","57","0","2024","A","N","Connecticut -- Statewide","Private","NAICS 32612 Plastics pipe, pipe fitting, and unlaminated profile shape manufacturing","State, NAICS 5-digit -- by ownership sector","All establishment sizes",8,0,0,0,0,0,0,"N",0.59,0,0,0,0,0,0,"N",-1,-11.1,0,0,0,0,0,0,0,0,0,0,0,0
"09000","5","326121","58","0","2024","A","N","Connecticut -- Statewide","Private","NAICS 326121 Unlaminated plastics profile shape manufacturing","State, NAICS 6-digit -- by ownership sector","All establishment sizes",7,0,0,0,0,0,0,"N",1.26,0,0,0,0,0,0,"N",-1,-12.5,0,0,0,0,0,0,0,0,0,0,0,0
"09000","5","326122","58","0","2024","A","N","Connecticut -- Statewide","Private","NAICS 326122 Plastics pipe and pipe fitting manufacturing","State, NAICS 6-digit -- by ownership sector","All establishment sizes",1,0,0,0,0,0,0,"N",0.12,0,0,0,0,0,0,"N",0,0.0,0,0,0,0,0,0,0,0,0,0,0,0
"09000","5","32613","57","0","2024","A","","Connecticut -- Statewide","Private","NAICS 32613 Laminated plastics plate, sheet (except packaging), and shape manufacturing","State, NAICS 5-digit -- by ownership sector","All establishment sizes",8,236,13813336,5840457,102497,1126,58572,"",1.50,1.08,0.74,1.13,1.16,0.69,0.69,"",-1,-11.1,6,2.6,963809,7.5,2333552,66.5,41423,67.8,53,4.9,2765,5.0
"09000","5","326130","58","0","2024","A","","Connecticut -- Statewide","Private","NAICS 326130 Laminated plastics plate, sheet (except packaging), and shape manufacturing","State, NAICS 6-digit -- by ownership sector","All establishment sizes",8,236,13813336,5840457,102497,1126,58572,"",1.50,1.08,0.74,1.13,1.16,0.69,0.69,"",-1,-11.1,6,2.6,963809,7.5,2333552,66.5,41423,67.8,53,4.9,2765,5.0
"09000","5","32614","57","0","2024","A","N","Connecticut -- Statewide","Private","NAICS 32614 Polystyrene foam product manufacturing","State, NAICS 5-digit -- by ownership sector","All establishment sizes",7,0,0,0,0,0,0,"N",0.97,0,0,0,0,0,0,"N",2,40.0,0,0,0,0,0,0,0,0,0,0,0,0
"09000","5","326140","58","0","2024","A","N","Connecticut -- Statewide","Private","NAICS 326140 Polystyrene foam product manufacturing","State, NAICS 6-digit -- by ownership sector","All establishment sizes",7,0,0,0,0,0,0,"N",0.97,0,0,0,0,0,0,"N",2,40.0,0,0,0,0,0,0,0,0,0,0,0,0
"09000","5","32615","57","0","2024","A","","Connecticut -- Statewide","Private","NAICS 32615 Urethane and other foam product (except polystyrene) manufacturing","State, NAICS 5-digit -- by ownership sector","All establishment sizes",16,462,34947208,12393305,280697,1455,75643,"",1.43,1.15,1.17,1.30,1.69,1.02,1.02,"",0,0.0,-26,-5.3,176530,0.5,3777901,43.9,93189,49.7,85,6.2,4428,6.2
"09000","5","326150","58","0","2024","A","","Connecticut -- Statewide","Private","NAICS 326150 Urethane and other foam product (except polystyrene) manufacturing","State, NAICS 6-digit -- by ownership sector","All establishment sizes",16,462,34947208,12393305,280697,1455,75643,"",1.43,1.15,1.17,1.30,1.69,1.02,1.02,"",0,0.0,-26,-5.3,176530,0.5,3777901,43.9,93189,49.7,85,6.2,4428,6.2
"09000","5","32616","57","0","2024","A","N","Connecticut -- Statewide","Private","NAICS 32616 Plastics bottle manufacturing","State, NAICS 5-digit -- by ownership sector","All establishment sizes",3,0,0,0,0,0,0,"N",0.41,0,0,0,0,0,0,"N",0,0.0,0,0,0,0,0,0,0,0,0,0,0,0
"09000","5","326160","58","0","2024","A","N","Connecticut -- Statewide","Private","NAICS 326160 Plastics bottle manufacturing","State, NAICS 6-digit -- by ownership sector","All establishment sizes",3,0,0,0,0,0,0,"N",0.41,0,0,0,0,0,0,"N",0,0.0,0,0,0,0,0,0,0,0,0,0,0,0
"09000","5","32619","57","0","2024","A","","Connecticut -- Statewide","Private","NAICS 32619 Other plastics product manufacturing","State, NAICS 5-digit -- by ownership sector","All establishment sizes",80,2385,170041089,65858545,1182896,1371,71284,"",0.94,0.70,0.66,0.80,0.79,0.94,0.94,"",-10,-11.1,-133,-5.3,-1091848,-0.6,22458967,51.7,249230,26.7,64,4.9,3316,4.9
"09000","5","326191","58","0","2024","A","","Connecticut -- Statewide","Private","NAICS 326191 Plastics plumbing fixture manufacturing","State, NAICS 6-digit -- by ownership sector","All establishment sizes",3,70,4494270,1861491,49929,1233,64128,"",0.64,0.43,0.40,0.50,0.90,0.92,0.92,"",-2,-40.0,-18,-20.5,-703654,-13.5,361827,24.1,11928,31.4,96,8.4,5005,8.5
"09000","5","326199","58","0","2024","A","","Connecticut -- Statewide","Private","NAICS 326199 All other plastics product manufacturing","State, NAICS 6-digit -- by ownership sector","All establishment sizes",76,2315,165546819,63997054,1132967,1375,71500,"",0.95,0.72,0.67,0.81,0.79,0.94,0.94,"",-10,-11.6,-115,-4.7,-388194,-0.2,22097140,52.7,237302,26.5,62,4.7,3212,4.7
"09000","5","3262","56","0","2024","A","","Connecticut -- Statewide","Private","NAICS 3262 Rubber product manufacturing","State, NAICS 4-digit -- by ownership sector","All establishment sizes",21,610,45208593,17504475,476894,1425,74102,"",0.79,0.43,0.38,0.54,0.95,0.89,0.89,"",0,0.0,25,4.3,-2540037,-5.3,7357679,72.5,202434,73.8,-144,-9.2,-7496,-9.2
"09000","5","32621","57","0","2024","A","","Connecticut -- Statewide","Private","NAICS 32621 Tire manufacturing","State, NAICS 5-digit -- by ownership sector","All establishment sizes",4,36,2108038,976675,13083,1118,58153,"",0.68,0.06,0.04,0.07,0.07,0.64,0.64,"",0,0.0,-1,-2.7,-183928,-8.0,207309,26.9,-4163,-24.1,-65,-5.5,-3376,-5.5
"09000","5","326212","58","0","2024","A","","Connecticut -- Statewide","Private","NAICS 326212 Tire retreading","State, NAICS 6-digit -- by ownership sector","All establishment sizes",4,36,2108038,976675,13083,1118,58153,"",1.12,0.53,0.46,0.61,0.59,0.85,0.85,"",0,0.0,-1,-2.7,-183928,-8.0,207309,26.9,-4163,-24.1,-65,-5.5,-3376,-5.5
"09000","5","32622","57","0","2024","A","","Connecticut -- Statewide","Private","NAICS 32622 Rubber and plastics hoses and belting manufacturing","State, NAICS 5-digit -- by ownership sector","All establishment sizes",3,16,1346503,414028,4554,1585,82439,"",0.51,0.06,0.07,0.08,0.05,1.02,1.02,"",0,0.0,0,0.0,57761,4.5,125864,43.7,-344,-7.0,60,3.9,3132,3.9
"09000","5","326220","58","0","2024","A","","Connecticut -- Statewide","Private","NAICS 326220 Rubber and plastics hoses and belting manufacturing","State, NAICS 6-digit -- by ownership sector","All establishment sizes",3,16,1346503,414028,4554,1585,82439,"",0.51,0.06,0.07,0.08,0.05,1.02,1.02,"",0,0.0,0,0.0,57761,4.5,125864,43.7,-344,-7.0,60,3.9,3132,3.9
"09000","5","32629","57","0","2024","A","","Connecticut -- Statewide","Private","NAICS 32629 Other rubber product manufacturing","State, NAICS 5-digit -- by ownership sector","All establishment sizes",14,558,41754052,16113772,459257,1440,74895,"",0.95,1.00,0.96,1.27,1.94,0.96,0.96,"",0,0.0,26,4.9,-2413870,-5.5,7024506,77.3,206941,82.0,-158,-9.9,-8179,-9.8
"09000","5","326291","58","0","2024","A","","Connecticut -- Statewide","Private","NAICS 326291 Rubber product manufacturing for mechanical use","State, NAICS 6-digit -- by ownership sector","All establishment sizes",6,280,24695232,8613754,356654,1698,88302,"",1.00,0.95,1.11,1.37,2.90,1.18,1.18,"",1,20.0,6,2.2,-4317620,-14.9,3919489,83.5,179342,101.1,-339,-16.6,-17617,-16.6
"09000","5","326299","58","0","2024","A","","Connecticut -- Statewide","Private","NAICS 326299 All other rubber product manufacturing","State, NAICS 6-digit -- by ownership sector","All establishment sizes",8,278,17058820,7500018,102603,1181,61399,"",0.91,1.06,0.80,1.18,0.91,0.76,0.76,"",-1,-11.1,20,7.8,1903750,12.6,3105017,70.6,27599,36.8,50,4.4,2601,4.4
"09000","5","327","55","0","2024","A","","Connecticut -- Statewide","Private","NAICS 327 Nonmetallic mineral product manufacturing","State, NAICS 3-digit -- by ownership sector","All establishment sizes",149,2351,183714283,66478372,1776410,1503,78146,"",0.69,0.52,0.46,0.57,0.62,0.89,0.89,"",-4,-2.6,-19,-0.8,5551173,3.1,24396222,58.0,451777,34.1,58,4.0,2982,4.0
"09000","5","3271","56","0","2024","A","N","Connecticut -- Statewide","Private","NAICS 3271 Clay product and refractory manufacturing","State, NAICS 4-digit -- by ownership sector","All establishment sizes",8,0,0,0,0,0,0,"N",0.44,0,0,0,0,0,0,"N",1,14.3,0,0,0,0,0,0,0,0,0,0,0,0
"09000","5","32711","57","0","2024","A","N","Connecticut -- Statewide","Private","NAICS 32711 Pottery, ceramics, and plumbing fixture manufacturing","State, NAICS 5-digit -- by ownership sector","All establishment sizes",3,0,0,0,0,0,0,"N",0.30,0,0,0,0,0,0,"N",0,0.0,0,0,0,0,0,0,0,0,0,0,0,0
"09000","5","327110","58","0","2024","A","N","Connecticut -- Statewide","Private","NAICS 327110 Pottery, ceramics, and plumbing fixture manufacturing","State, NAICS 6-digit -- by ownership sector","All establishment sizes",3,0,0,0,0,0,0,"N",0.30,0,0,0,0,0,0,"N",0,0.0,0,0,0,0,0,0,0,0,0,0,0,0
"09000","5","32712","57","0","2024","A","N","Connecticut -- Statewide","Private","NAICS 32712 Clay building material and refractories manufacturing","State, NAICS 5-digit -- by ownership sector","All establishment sizes",4,0,0,0,0,0,0,"N",0.48,0,0,0,0,0,0,"N",0,0.0,0,0,0,0,0,0,0,0,0,0,0,0
"09000","5","327120","58","0","2024","A","N","Connecticut -- Statewide","Private","NAICS 327120 Clay building material and refractories manufacturing","State, NAICS 6-digit -- by ownership sector","All establishment sizes",4,0,0,0,0,0,0,"N",0.48,0,0,0,0,0,0,"N",0,0.0,0,0,0,0,0,0,0,0,0,0,0,0
"09000","5","3272","56","0","2024","A","","Connecticut -- Statewide","Private","NAICS 3272 Glass and glass product manufacturing","State, NAICS 4-digit -- by ownership sector","All establishment sizes",18,139,8042333,3739093,106232,1114,57928,"",0.73,0.16,0.11,0.16,0.25,0.69,0.69,"",-2,-10.0,-45,-24.5,-2956180,-26.9,130374,3.6,5137,5.1,-34,-3.0,-1765,-3.0
"09000","5","32721","57","0","2024","A","","Connecticut -- Statewide","Private","NAICS 32721 Glass and glass product manufacturing","State, NAICS 5-digit -- by ownership sector","All establishment sizes",18,139,8042333,3739093,106232,1114,57928,"",0.73,0.16,0.11,0.16,0.25,0.69,0.69,"",-2,-10.0,-45,-24.5,-2956180,-26.9,130374,3.6,5137,5.1,-34,-3.0,-1765,-3.0
"09000","5","327211","58","0","2024","A","N","Connecticut -- Statewide","Private","NAICS 327211 Flat glass manufacturing","State, NAICS 6-digit -- by ownership sector","All establishment sizes",1,0,0,0,0,0,0,"N",0.43,0,0,0,0,0,0,"N",-1,-50.0,0,0,0,0,0,0,0,0,0,0,0,0
"09000","5","327212","58","0","2024","A","N","Connecticut -- Statewide","Private","NAICS 327212 Other pressed and blown glass and glassware manufacturing","State, NAICS 6-digit -- by ownership sector","All establishment sizes",5,0,0,0,0,0,0,"N",0.95,0,0,0,0,0,0,"N",1,25.0,0,0,0,0,0,0,0,0,0,0,0,0
"09000","5","327215","58","0","2024","A","","Connecticut -- Statewide","Private","NAICS 327215 Glass product manufacturing made of purchased glass","State, NAICS 6-digit -- by ownership sector","All establishment sizes",12,126,7341080,3409207,102256,1120,58263,"",0.79,0.26,0.20,0.26,0.44,0.76,0.76,"",-2,-14.3,-5,-3.8,-490656,-6.3,981682,40.4,33785,49.3,-28,-2.4,-1445,-2.4
"09000","5","3273","56","0","2024","A","","Connecticut -- Statewide","Private","NAICS 3273 Cement and concrete product manufacturing","State, NAICS 4-digit -- by ownership sector","All establishment sizes",48,1265,105563370,36739402,1164335,1605,83455,"",0.42,0.56,0.52,0.62,0.66,0.93,0.93,"",-1,-2.0,-17,-1.3,3558499,3.5,13946958,61.2,269636,30.1,74,4.8,3862,4.9
"09000","5","32732","57","0","2024","A","","Connecticut -- Statewide","Private","NAICS 32732 Ready-mix concrete manufacturing","State, NAICS 5-digit -- by ownership sector","All establishment sizes",20,430,35210471,12542028,441853,1573,81790,"",0.28,0.37,0.34,0.40,0.38,0.90,0.90,"",-1,-4.8,7,1.7,1817684,5.4,5002543,66.4,123739,38.9,54,3.6,2816,3.6
"09000","5","327320","58","0","2024","A","","Connecticut -- Statewide","Private","NAICS 327320 Ready-mix concrete manufacturing","State, NAICS 6-digit -- by ownership sector","All establishment sizes",20,430,35210471,12542028,441853,1573,81790,"",0.28,0.37,0.34,0.40,0.38,0.90,0.90,"",-1,-4.8,7,1.7,1817684,5.4,5002543,66.4,123739,38.9,54,3.6,2816,3.6
"09000","5","32733","57","0","2024","A","","Connecticut -- Statewide","Private","NAICS 32733 Concrete pipe, brick, and block manufacturing","State, NAICS 5-digit -- by ownership sector","All establishment sizes",4,86,7525315,2387228,37380,1681,87419,"",0.30,0.28,0.28,0.31,0.20,1.00,1.00,"",0,0.0,0,0.0,387917,5.4,931255,64.0,4784,14.7,77,4.8,4022,4.8
"09000","5","327331","58","0","2024","A","","Connecticut -- Statewide","Private","NAICS 327331 Concrete block and brick manufacturing","State, NAICS 6-digit -- by ownership sector","All establishment sizes",4,86,7525315,2387228,37380,1681,87419,"",0.38,0.42,0.42,0.47,0.31,1.00,1.00,"",0,0.0,0,0.0,387917,5.4,931255,64.0,4784,14.7,77,4.8,4022,4.8
"09000","5","32739","57","0","2024","A","","Connecticut -- Statewide","Private","NAICS 32739 Other concrete product manufacturing","State, NAICS 5-digit -- by ownership sector","All establishment sizes",24,748,62827584,21810146,685102,1615,83957,"",0.93,1.21,1.21,1.37,2.03,1.00,1.00,"",0,0.0,-25,-3.2,1352898,2.2,8013160,58.1,141113,25.9,86,5.6,4447,5.6
"09000","5","327390","58","0","2024","A","","Connecticut -- Statewide","Private","NAICS 327390 Other concrete product manufacturing","State, NAICS 6-digit -- by ownership sector","All establishment sizes",24,748,62827584,21810146,685102,1615,83957,"",0.93,1.21,1.21,1.37,2.03,1.00,1.00,"",0,0.0,-25,-3.2,1352898,2.2,8013160,58.1,141113,25.9,86,5.6,4447,5.6
"09000","5","3274","56","0","2024","A","N","Connecticut -- Statewide","Private","NAICS 3274 Lime and gypsum product manufacturing","State, NAICS 4-digit -- by ownership sector","All establishment sizes",1,0,0,0,0,0,0,"N",0.22,0,0,0,0,0,0,"N",0,0.0,0,0,0,0,0,0,0,0,0,0,0,0
"09000","5","32741","57","0","2024","A","N","Connecticut -- Statewide","Private","NAICS 32741 Lime manufacturing","State, NAICS 5-digit -- by ownership sector","All establishment sizes",1,0,0,0,0,0,0,"N",0.80,0,0,0,0,0,0,"N",0,0.0,0,0,0,0,0,0,0,0,0,0,0,0
"09000","5","327410","58","0","2024","A","N","Connecticut -- Statewide","Private","NAICS 327410 Lime manufacturing","State, NAICS 6-digit -- by ownership sector","All establishment sizes",1,0,0,0,0,0,0,"N",0.80,0,0,0,0,0,0,"N",0,0.0,0,0,0,0,0,0,0,0,0,0,0,0
"09000","5","3279","56","0","2024","A","","Connecticut -- Statewide","Private","NAICS 3279 Other nonmetallic mineral product manufacturing","State, NAICS 4-digit -- by ownership sector","All establishment sizes",74,805,59247370,22027179,445871,1415,73569,"",1.36,0.92,0.81,1.00,1.09,0.88,0.88,"",-2,-2.6,33,4.3,4018829,7.3,8788518,66.4,161355,56.7,39,2.8,2006,2.8
"09000","5","32791","57","0","2024","A","","Connecticut -- Statewide","Private","NAICS 32791 Abrasive product manufacturing","State, NAICS 5-digit -- by ownership sector","All establishment sizes",8,177,19301108,4565062,67871,2094,108892,"",1.63,1.68,2.11,1.92,1.53,1.26,1.26,"",-5,-38.5,1,0.6,960570,5.2,1618648,54.9,17119,33.7,94,4.7,4881,4.7
"09000","5","327910","58","0","2024","A","","Connecticut -- Statewide","Private","NAICS 327910 Abrasive product manufacturing","State, NAICS 6-digit -- by ownership sector","All establishment sizes",8,177,19301108,4565062,67871,2094,108892,"",1.63,1.68,2.11,1.92,1.53,1.26,1.26,"",-5,-38.5,1,0.6,960570,5.2,1618648,54.9,17119,33.7,94,4.7,4881,4.7
"09000","5","32799","57","0","2024","A","","Connecticut -- Statewide","Private","NAICS 32799 All other nonmetallic mineral product manufacturing","State, NAICS 5-digit -- by ownership sector","All establishment sizes",66,628,39946262,17462117,378000,1223,63600,"",1.34,0.82,0.62,0.89,1.04,0.77,0.77,"",2,3.1,33,5.5,3058259,8.3,7169870,69.7,144236,61.7,32,2.7,1647,2.7
"09000","5","327991","58","0","2024","A","","Connecticut -- Statewide","Private","NAICS 327991 Cut stone and stone product manufacturing","State, NAICS 6-digit -- by ownership sector","All establishment sizes",63,581,36114549,16004172,300632,1195,62133,"",1.73,1.55,1.39,1.55,1.78,0.90,0.90,"",2,3.3,35,6.4,2931868,8.8,6557884,69.4,96492,47.3,26,2.2,1350,2.2
"09000","5","327993","58","0","2024","A","N","Connecticut -- Statewide","Private","NAICS 327993 Mineral wool manufacturing","State, NAICS 6-digit -- by ownership sector","All establishment sizes",2,0,0,0,0,0,0,"N",0.54,0,0,0,0,0,0,"N",0,0.0,0,0,0,0,0,0,0,0,0,0,0,0
"09000","5","327999","58","0","2024","A","N","Connecticut -- Statewide","Private","NAICS 327999 All other miscellaneous nonmetallic mineral product manufacturing","State, NAICS 6-digit -- by ownership sector","All establishment sizes",1,0,0,0,0,0,0,"N",0.14,0,0,0,0,0,0,"N",0,0.0,0,0,0,0,0,0,0,0,0,0,0,0
"09000","5","331","55","0","2024","A","","Connecticut -- Statewide","Private","NAICS 331 Primary metal manufacturing","State, NAICS 3-digit -- by ownership sector","All establishment sizes",76,3452,301468060,94985267,1787023,1680,87340,"",1.02,0.86,0.73,1.03,0.96,0.85,0.85,"",-5,-6.2,-59,-1.7,9629652,3.3,34343890,56.6,393510,28.2,81,5.1,4207,5.1
"09000","5","3311","56","0","2024","A","N","Connecticut -- Statewide","Private","NAICS 3311 Iron and steel mills and ferroalloy manufacturing","State, NAICS 4-digit -- by ownership sector","All establishment sizes",6,0,0,0,0,0,0,"N",0.47,0,0,0,0,0,0,"N",-3,-33.3,0,0,0,0,0,0,0,0,0,0,0,0
"09000","5","33111","57","0","2024","A","N","Connecticut -- Statewide","Private","NAICS 33111 Iron and steel mills and ferroalloy manufacturing","State, NAICS 5-digit -- by ownership sector","All establishment sizes",6,0,0,0,0,0,0,"N",0.47,0,0,0,0,0,0,"N",-3,-33.3,0,0,0,0,0,0,0,0,0,0,0,0
"09000","5","331110","58","0","2024","A","N","Connecticut -- Statewide","Private","NAICS 331110 Iron and steel mills and ferroalloy manufacturing","State, NAICS 6-digit -- by ownership sector","All establishment sizes",6,0,0,0,0,0,0,"N",0.47,0,0,0,0,0,0,"N",-3,-33.3,0,0,0,0,0,0,0,0,0,0,0,0
"09000","5","3312","56","0","2024","A","","Connecticut -- Statewide","Private","NAICS 3312 Steel product manufacturing from purchased steel","State, NAICS 4-digit -- by ownership sector","All establishment sizes",17,662,54125014,17754009,339941,1573,81791,"",1.00,1.03,0.88,1.28,1.28,0.86,0.86,"",-2,-10.5,-29,-4.2,226721,0.4,6584423,58.9,42811,14.4,74,4.9,3828,4.9
"09000","5","33122","57","0","2024","A","","Connecticut -- Statewide","Private","NAICS 33122 Rolling and drawing of purchased steel","State, NAICS 5-digit -- by ownership sector","All establishment sizes",17,662,54125014,17754009,339941,1573,81791,"",1.79,1.92,1.66,2.30,2.69,0.86,0.86,"",-2,-10.5,-29,-4.2,226721,0.4,6584423,58.9,42811,14.4,74,4.9,3828,4.9
"09000","5","331221","58","0","2024","A","","Connecticut -- Statewide","Private","NAICS 331221 Rolled steel shape manufacturing","State, NAICS 6-digit -- by ownership sector","All establishment sizes",12,332,30602348,8736002,116374,1772,92153,"",1.90,1.42,1.29,1.64,1.38,0.91,0.91,"",-3,-20.0,-35,-9.5,-660865,-2.1,3210146,58.1,16210,16.2,135,8.2,7006,8.2
"09000","5","331222","58","0","2024","A","","Connecticut -- Statewide","Private","NAICS 331222 Steel wire drawing","State, NAICS 6-digit -- by ownership sector","All establishment sizes",5,330,23522666,9018007,223567,1372,71353,"",1.58,3.01,2.66,3.77,5.28,0.88,0.88,"",0,0.0,6,1.9,887586,3.9,3374277,59.8,26601,13.5,29,2.2,1528,2.2
"09000","5","3313","56","0","2024","A","N","Connecticut -- Statewide","Private","NAICS 3313 Alumina and aluminum production and processing","State, NAICS 4-digit -- by ownership sector","All establishment sizes",9,0,0,0,0,0,0,"N",0.90,0,0,0,0,0,0,"N",0,0.0,0,0,0,0,0,0,0,0,0,0,0,0
"09000","5","33131","57","0","2024","A","N","Connecticut -- Statewide","Private","NAICS 33131 Alumina and aluminum production and processing","State, NAICS 5-digit -- by ownership sector","All establishment sizes",9,0,0,0,0,0,0,"N",0.90,0,0,0,0,0,0,"N",0,0.0,0,0,0,0,0,0,0,0,0,0,0,0
"09000","5","331315","58","0","2024","A","N","Connecticut -- Statewide","Private","NAICS 331315 Aluminum sheet, plate, and foil manufacturing","State, NAICS 6-digit -- by ownership sector","All establishment sizes",3,0,0,0,0,0,0,"N",1.31,0,0,0,0,0,0,"N",0,0.0,0,0,0,0,0,0,0,0,0,0,0,0
"09000","5","331318","58","0","2024","A","N","Connecticut -- Statewide","Private","NAICS 331318 Other aluminum rolling, drawing, and extruding","State, NAICS 6-digit -- by ownership sector","All establishment sizes",6,0,0,0,0,0,0,"N",1.38,0,0,0,0,0,0,"N",0,0.0,0,0,0,0,0,0,0,0,0,0,0,0
"09000","5","3314","56","0","2024","A","","Connecticut -- Statewide","Private","NAICS 3314 Nonferrous metal (except aluminum) production and processing","State, NAICS 4-digit -- by ownership sector","All establishment sizes",34,1641,146360409,45858021,951645,1715,89199,"",2.46,2.42,2.10,2.71,2.89,0.87,0.87,"",1,3.0,-42,-2.5,5116809,3.6,16149931,54.4,246447,34.9,101,6.3,5250,6.3
"09000","5","33142","57","0","2024","A","","Connecticut -- Statewide","Private","NAICS 33142 Copper rolling, drawing, extruding, and alloying","State, NAICS 5-digit -- by ownership sector","All establishment sizes",19,837,75458370,23447520,581986,1735,90198,"",4.54,2.70,2.38,3.45,4.45,0.88,0.88,"",1,5.6,-25,-2.9,3107586,4.3,8047815,52.3,144514,33.0,121,7.5,6248,7.4
"09000","5","331420","58","0","2024","A","","Connecticut -- Statewide","Private","NAICS 331420 Copper rolling, drawing, extruding, and alloying","State, NAICS 6-digit -- by ownership sector","All establishment sizes",19,837,75458370,23447520,581986,1735,90198,"",4.54,2.70,2.38,3.45,4.45,0.88,0.88,"",1,5.6,-25,-2.9,3107586,4.3,8047815,52.3,144514,33.0,121,7.5,6248,7.4
"09000","5","33149","57","0","2024","A","","Connecticut -- Statewide","Private","NAICS 33149 Nonferrous metal (except copper and aluminum) rolling, drawing, extruding, and alloying","State, NAICS 5-digit -- by ownership sector","All establishment sizes",16,804,70902039,22410501,369659,1695,88159,"",2.13,2.88,2.54,3.39,2.72,0.88,0.88,"",1,6.7,-17,-2.1,2009223,2.9,8102116,56.6,101933,38.1,81,5.0,4212,5.0
"09000","5","331491","58","0","2024","A","N","Connecticut -- Statewide","Private","NAICS 331491 Nonferrous metal (except copper and aluminum) rolling, drawing, and extruding","State, NAICS 6-digit -- by ownership sector","All establishment sizes",14,0,0,0,0,0,0,"N",3.31,0,0,0,0,0,0,"N",0,0.0,0,0,0,0,0,0,0,0,0,0,0,0
"09000","5","331492","58","0","2024","A","N","Connecticut -- Statewide","Private","NAICS 331492 Secondary smelting, refining, and alloying of nonferrous metal (except copper and aluminum) ","State, NAICS 6-digit -- by ownership sector","All establishment sizes",1,0,0,0,0,0,0,"N",0.31,0,0,0,0,0,0,"N",0,0.0,0,0,0,0,0,0,0,0,0,0,0,0
"09000","5","3315","56","0","2024","A","","Connecticut -- Statewide","Private","NAICS 3315 Foundries","State, NAICS 4-digit -- by ownership sector","All establishment sizes",10,595,42842395,17136422,260591,1385,72044,"",0.48,0.53,0.44,0.58,0.44,0.83,0.83,"",-1,-9.1,16,2.8,3522574,9.0,6462192,60.5,44789,20.8,78,6.0,4095,6.0
"09000","5","33151","57","0","2024","A","","Connecticut -- Statewide","Private","NAICS 33151 Ferrous metal foundries","State, NAICS 5-digit -- by ownership sector","All establishment sizes",3,464,34153365,13397146,178776,1415,73567,"",0.33,0.78,0.62,0.90,0.55,0.79,0.79,"",0,0.0,22,5.0,3912692,12.9,5343156,66.3,37592,26.6,99,7.5,5149,7.5
"09000","5","331511","58","0","2024","A","N","Connecticut -- Statewide","Private","NAICS 331511 Iron foundries","State, NAICS 6-digit -- by ownership sector","All establishment sizes",1,0,0,0,0,0,0,"N",0.22,0,0,0,0,0,0,"N",0,0.0,0,0,0,0,0,0,0,0,0,0,0,0
"09000","5","331512","58","0","2024","A","N","Connecticut -- Statewide","Private","NAICS 331512 Steel investment foundries","State, NAICS 6-digit -- by ownership sector","All establishment sizes",2,0,0,0,0,0,0,"N",1.35,0,0,0,0,0,0,"N",0,0.0,0,0,0,0,0,0,0,0,0,0,0,0
"09000","5","33152","57","0","2024","A","","Connecticut -- Statewide","Private","NAICS 33152 Nonferrous metal foundries","State, NAICS 5-digit -- by ownership sector","All establishment sizes",7,130,8689030,3739276,81815,1281,66625,"",0.60,0.24,0.20,0.26,0.30,0.83,0.83,"",-1,-12.5,-7,-5.1,-390118,-4.3,1119036,42.7,7197,9.6,3,0.2,192,0.3
"09000","5","331524","58","0","2024","A","N","Connecticut -- Statewide","Private","NAICS 331524 Aluminum foundries (except die-casting)","State, NAICS 6-digit -- by ownership sector","All establishment sizes",5,0,0,0,0,0,0,"N",1.17,0,0,0,0,0,0,"N",0,0.0,0,0,0,0,0,0,0,0,0,0,0,0
"09000","5","331529","58","0","2024","A","N","Connecticut -- Statewide","Private","NAICS 331529 Other nonferrous metal foundries (except die-casting)","State, NAICS 6-digit -- by ownership sector","All establishment sizes",2,0,0,0,0,0,0,"N",0.56,0,0,0,0,0,0,"N",-1,-33.3,0,0,0,0,0,0,0,0,0,0,0,0
"09000","5","332","55","0","2024","A","","Connecticut -- Statewide","Private","NAICS 332 Fabricated metal product manufacturing","State, NAICS 3-digit -- by ownership sector","All establishment sizes",1088,26905,2321521883,739957212,14085610,1659,86285,"",1.45,1.72,1.75,1.95,2.03,1.02,1.02,"",-15,-1.4,-513,-1.9,112676869,5.1,265154597,55.8,3351692,31.2,110,7.1,5722,7.1
"09000","5","3321","56","0","2024","A","","Connecticut -- Statewide","Private","NAICS 3321 Forging and stamping","State, NAICS 4-digit -- by ownership sector","All establishment sizes",94,3650,315378652,102231422,1892614,1662,86399,"",3.36,3.79,3.95,4.54,4.13,1.04,1.04,"",0,0.0,-212,-5.5,27909497,9.7,36134417,54.7,505621,36.5,231,16.1,11972,16.1
"09000","5","33211","57","0","2024","A","","Connecticut -- Statewide","Private","NAICS 33211 Forging and stamping","State, NAICS 5-digit -- by ownership sector","All establishment sizes",94,3650,315378652,102231422,1892614,1662,86399,"",3.36,3.79,3.95,4.54,4.13,1.04,1.04,"",0,0.0,-212,-5.5,27909497,9.7,36134417,54.7,505621,36.5,231,16.1,11972,16.1
"09000","5","332111","58","0","2024","A","N","Connecticut -- Statewide","Private","NAICS 332111 Iron and steel forging","State, NAICS 6-digit -- by ownership sector","All establishment sizes",6,0,0,0,0,0,0,"N",0.95,0,0,0,0,0,0,"N",0,0.0,0,0,0,0,0,0,0,0,0,0,0,0
"09000","5","332114","58","0","2024","A","N","Connecticut -- Statewide","Private","NAICS 332114 Custom roll forming","State, NAICS 6-digit -- by ownership sector","All establishment sizes",2,0,0,0,0,0,0,"N",0.67,0,0,0,0,0,0,"N",0,0.0,0,0,0,0,0,0,0,0,0,0,0,0
"09000","5","332117","58","0","2024","A","","Connecticut -- Statewide","Private","NAICS 332117 Powder metallurgy part manufacturing","State, NAICS 6-digit -- by ownership sector","All establishment sizes",8,426,72178864,11605432,196764,3260,169533,"",3.66,4.82,10.26,6.01,3.10,2.13,2.13,"",0,0.0,-30,-6.6,29583762,69.5,3665364,46.2,26613,15.6,1464,81.5,76123,81.5
"09000","5","332119","58","0","2024","A","","Connecticut -- Statewide","Private","NAICS 332119 Metal crown, closure, and other metal stamping (except automotive)","State, NAICS 6-digit -- by ownership sector","All establishment sizes",78,2884,211182494,81182193,1481130,1408,73238,"",5.07,5.59,5.29,6.06,6.37,0.95,0.95,"",0,0.0,-192,-6.2,-5701088,-2.6,28769981,54.9,416599,39.1,52,3.8,2737,3.9
"09000","5","3322","56","0","2024","A","","Connecticut -- Statewide","Private","NAICS 3322 Cutlery and handtool manufacturing","State, NAICS 4-digit -- by ownership sector","All establishment sizes",32,1213,108070405,27357504,494768,1713,89100,"",1.85,3.31,3.31,2.68,2.76,1.00,1.00,"",-4,-11.1,-105,-8.0,2349174,2.2,8326753,43.8,33150,7.2,170,11.0,8866,11.1
"09000","5","33221","57","0","2024","A","","Connecticut -- Statewide","Private","NAICS 33221 Cutlery and handtool manufacturing","State, NAICS 5-digit -- by ownership sector","All establishment sizes",32,1213,108070405,27357504,494768,1713,89100,"",1.85,3.31,3.31,2.68,2.76,1.00,1.00,"",-4,-11.1,-105,-8.0,2349174,2.2,8326753,43.8,33150,7.2,170,11.0,8866,11.1
"09000","5","332215","58","0","2024","A","N","Connecticut -- Statewide","Private","NAICS 332215 Metal kitchen cookware, utensil, cutlery, and flatware (except precious) manufacturing","State, NAICS 6-digit -- by ownership sector","All establishment sizes",4,0,0,0,0,0,0,"N",0.86,0,0,0,0,0,0,"N",-1,-20.0,0,0,0,0,0,0,0,0,0,0,0,0
"09000","5","332216","58","0","2024","A","N","Connecticut -- Statewide","Private","NAICS 332216 Saw blade and handtool manufacturing","State, NAICS 6-digit -- by ownership sector","All establishment sizes",29,0,0,0,0,0,0,"N",2.28,0,0,0,0,0,0,"N",-2,-6.5,0,0,0,0,0,0,0,0,0,0,0,0
"09000","5","3323","56","0","2024","A","","Connecticut -- Statewide","Private","NAICS 3323 Architectural and structural metals manufacturing","State, NAICS 4-digit -- by ownership sector","All establishment sizes",188,3163,275137567,89003976,2119768,1673,86982,"",0.91,0.71,0.73,0.80,1.02,1.04,1.04,"",-5,-2.6,-57,-1.8,9414330,3.5,30450139,52.0,501669,31.0,86,5.4,4451,5.4
"09000","5","33231","57","0","2024","A","","Connecticut -- Statewide","Private","NAICS 33231 Plate work and fabricated structural product manufacturing","State, NAICS 5-digit -- by ownership sector","All establishment sizes",56,1051,95236802,29734039,643115,1742,90601,"",0.62,0.52,0.53,0.59,0.73,1.01,1.01,"",0,0.0,-22,-2.1,2288207,2.5,9894407,49.9,63049,10.9,75,4.5,3942,4.5
"09000","5","332311","58","0","2024","A","","Connecticut -- Statewide","Private","NAICS 332311 Prefabricated metal building and component manufacturing","State, NAICS 6-digit -- by ownership sector","All establishment sizes",6,45,3174478,1212715,51000,1362,70806,"",0.32,0.11,0.09,0.12,0.31,0.78,0.78,"",-2,-25.0,-18,-28.6,-1298535,-29.0,79127,7.0,15210,42.5,2,0.1,86,0.1
"09000","5","332312","58","0","2024","A","","Connecticut -- Statewide","Private","NAICS 332312 Fabricated structural metal manufacturing","State, NAICS 6-digit -- by ownership sector","All establishment sizes",24,638,67165421,18339839,396241,2023,105193,"",0.49,0.59,0.69,0.66,0.81,1.17,1.17,"",-1,-4.0,3,0.5,3606901,5.7,6534093,55.3,52081,15.1,97,5.0,5035,5.0
"09000","5","332313","58","0","2024","A","","Connecticut -- Statewide","Private","NAICS 332313 Plate work manufacturing","State, NAICS 6-digit -- by ownership sector","All establishment sizes",25,368,24896903,10181485,195874,1302,67685,"",1.07,0.70,0.54,0.79,0.85,0.78,0.78,"",1,4.2,-7,-1.9,-20159,-0.1,3281187,47.6,-4242,-2.1,23,1.8,1195,1.8
"09000","5","33232","57","0","2024","A","","Connecticut -- Statewide","Private","NAICS 33232 Ornamental and architectural metal products manufacturing","State, NAICS 5-digit -- by ownership sector","All establishment sizes",133,2112,179900765,59269937,1476653,1638,85180,"",1.15,0.86,0.93,0.97,1.24,1.08,1.08,"",-5,-3.6,-35,-1.6,7126123,4.1,20555732,53.1,438620,42.3,91,5.9,4711,5.9
"09000","5","332321","58","0","2024","A","","Connecticut -- Statewide","Private","NAICS 332321 Metal window and door manufacturing","State, NAICS 6-digit -- by ownership sector","All establishment sizes",16,581,54533806,15880956,378583,1804,93795,"",0.83,0.79,0.96,1.02,1.34,1.22,1.22,"",-1,-5.9,-19,-3.2,1121746,2.1,5279428,49.8,104745,38.3,91,5.3,4738,5.3
"09000","5","332322","58","0","2024","A","","Connecticut -- Statewide","Private","NAICS 332322 Sheet metal work manufacturing","State, NAICS 6-digit -- by ownership sector","All establishment sizes",58,894,68952555,25114232,551572,1482,77085,"",1.04,0.72,0.70,0.78,0.85,0.97,0.97,"",-3,-4.9,6,0.7,3937421,6.1,8710876,53.1,131670,31.4,73,5.2,3842,5.2
"09000","5","332323","58","0","2024","A","","Connecticut -- Statewide","Private","NAICS 332323 Ornamental and architectural metal work manufacturing","State, NAICS 6-digit -- by ownership sector","All establishment sizes",59,636,56414404,18274749,546498,1706,88690,"",1.44,1.32,1.45,1.38,2.06,1.10,1.10,"",-1,-1.7,-24,-3.6,2066956,3.8,6565428,56.1,202205,58.7,122,7.7,6304,7.7
"09000","5","3324","56","0","2024","A","","Connecticut -- Statewide","Private","NAICS 3324 Boiler, tank, and shipping container manufacturing","State, NAICS 4-digit -- by ownership sector","All establishment sizes",14,522,38861723,14730814,291689,1433,74519,"",0.53,0.49,0.39,0.55,0.56,0.80,0.80,"",0,0.0,-10,-1.9,-663101,-1.7,4745404,47.5,37418,14.7,5,0.4,282,0.4
"09000","5","33241","57","0","2024","A","N","Connecticut -- Statewide","Private","NAICS 33241 Power boiler and heat exchanger manufacturing","State, NAICS 5-digit -- by ownership sector","All establishment sizes",4,0,0,0,0,0,0,"N",0.76,0,0,0,0,0,0,"N",0,0.0,0,0,0,0,0,0,0,0,0,0,0,0
"09000","5","332410","58","0","2024","A","N","Connecticut -- Statewide","Private","NAICS 332410 Power boiler and heat exchanger manufacturing","State, NAICS 6-digit -- by ownership sector","All establishment sizes",4,0,0,0,0,0,0,"N",0.76,0,0,0,0,0,0,"N",0,0.0,0,0,0,0,0,0,0,0,0,0,0,0
"09000","5","33242","57","0","2024","A","N","Connecticut -- Statewide","Private","NAICS 33242 Metal tank (heavy gauge) manufacturing","State, NAICS 5-digit -- by ownership sector","All establishment sizes",4,0,0,0,0,0,0,"N",0.33,0,0,0,0,0,0,"N",0,0.0,0,0,0,0,0,0,0,0,0,0,0,0
"09000","5","332420","58","0","2024","A","N","Connecticut -- Statewide","Private","NAICS 332420 Metal tank (heavy gauge) manufacturing","State, NAICS 6-digit -- by ownership sector","All establishment sizes",4,0,0,0,0,0,0,"N",0.33,0,0,0,0,0,0,"N",0,0.0,0,0,0,0,0,0,0,0,0,0,0,0
"09000","5","33243","57","0","2024","A","","Connecticut -- Statewide","Private","NAICS 33243 Metal can, box, and other metal container (light gauge) manufacturing","State, NAICS 5-digit -- by ownership sector","All establishment sizes",6,430,31423036,12050229,232713,1407,73162,"",0.67,1.06,0.84,1.23,1.20,0.80,0.80,"",0,0.0,-14,-3.2,-1147240,-3.5,3682056,44.0,16411,7.6,-3,-0.2,-139,-0.2
"09000","5","332439","58","0","2024","A","","Connecticut -- Statewide","Private","NAICS 332439 Other metal container manufacturing","State, NAICS 6-digit -- by ownership sector","All establishment sizes",6,430,31423036,12050229,232713,1407,73162,"",1.01,2.48,2.47,2.74,2.47,1.00,1.00,"",0,0.0,-14,-3.2,-1147240,-3.5,3682056,44.0,16411,7.6,-3,-0.2,-139,-0.2
"09000","5","3325","56","0","2024","A","","Connecticut -- Statewide","Private","NAICS 3325 Hardware manufacturing","State, NAICS 4-digit -- by ownership sector","All establishment sizes",26,1804,212099475,52946044,890541,2261,117550,"",2.44,7.43,9.60,8.48,9.16,1.29,1.29,"",-3,-10.3,-4,-0.2,20232468,10.5,19661070,59.1,302788,51.5,220,10.8,11409,10.7
"09000","5","33251","57","0","2024","A","","Connecticut -- Statewide","Private","NAICS 33251 Hardware manufacturing","State, NAICS 5-digit -- by ownership sector","All establishment sizes",26,1804,212099475,52946044,890541,2261,117550,"",2.44,7.43,9.60,8.48,9.16,1.29,1.29,"",-3,-10.3,-4,-0.2,20232468,10.5,19661070,59.1,302788,51.5,220,10.8,11409,10.7
"09000","5","332510","58","0","2024","A","","Connecticut -- Statewide","Private","NAICS 332510 Hardware manufacturing","State, NAICS 6-digit -- by ownership sector","All establishment sizes",26,1804,212099475,52946044,890541,2261,117550,"",2.44,7.43,9.60,8.48,9.16,1.29,1.29,"",-3,-10.3,-4,-0.2,20232468,10.5,19661070,59.1,302788,51.5,220,10.8,11409,10.7
"09000","5","3326","56","0","2024","A","","Connecticut -- Statewide","Private","NAICS 3326 Spring and wire product manufacturing","State, NAICS 4-digit -- by ownership sector","All establishment sizes",34,654,50531823,18075876,307525,1486,77276,"",2.13,1.55,1.54,1.78,1.69,0.99,0.99,"",-1,-2.9,-73,-10.0,-8159577,-13.9,5442136,43.1,6825,2.3,-66,-4.3,-3409,-4.2
"09000","5","33261","57","0","2024","A","","Connecticut -- Statewide","Private","NAICS 33261 Spring and wire product manufacturing","State, NAICS 5-digit -- by ownership sector","All establishment sizes",34,654,50531823,18075876,307525,1486,77276,"",2.13,1.55,1.54,1.78,1.69,0.99,0.99,"",-1,-2.9,-73,-10.0,-8159577,-13.9,5442136,43.1,6825,2.3,-66,-4.3,-3409,-4.2
"09000","5","332613","58","0","2024","A","","Connecticut -- Statewide","Private","NAICS 332613 Spring manufacturing","State, NAICS 6-digit -- by ownership sector","All establishment sizes",24,545,42558473,14964682,239470,1501,78029,"",4.85,3.29,3.25,4.22,3.36,0.99,0.99,"",0,0.0,-21,-3.7,-3488368,-7.6,5257051,54.2,48894,25.7,-62,-4.0,-3266,-4.0
"09000","5","332618","58","0","2024","A","","Connecticut -- Statewide","Private","NAICS 332618 Other fabricated wire product manufacturing","State, NAICS 6-digit -- by ownership sector","All establishment sizes",10,108,7973350,3111194,68055,1413,73487,"",0.91,0.42,0.40,0.47,0.62,0.96,0.96,"",-1,-9.1,-53,-32.9,-4671209,-36.9,185085,6.3,-42069,-38.2,-97,-6.4,-5051,-6.4
"09000","5","3327","56","0","2024","A","","Connecticut -- Statewide","Private","NAICS 3327 Machine shops; turned product; and screw, nut, and bolt manufacturing","State, NAICS 4-digit -- by ownership sector","All establishment sizes",459,7559,621149989,208083385,4167580,1580,82174,"",1.77,2.09,2.14,2.38,2.66,1.03,1.03,"",1,0.2,-65,-0.9,28654031,4.8,75742534,57.2,1263345,43.5,85,5.7,4457,5.7
"09000","5","33271","57","0","2024","A","","Connecticut -- Statewide","Private","NAICS 33271 Machine shops","State, NAICS 5-digit -- by ownership sector","All establishment sizes",360,4848,410115774,133245901,2429977,1627,84592,"",1.56,1.72,1.84,1.91,2.01,1.07,1.07,"",-4,-1.1,-7,-0.1,16185083,4.1,48881426,57.9,539576,28.5,67,4.3,3447,4.2
"09000","5","332710","58","0","2024","A","","Connecticut -- Statewide","Private","NAICS 332710 Machine shops","State, NAICS 6-digit -- by ownership sector","All establishment sizes",360,4848,410115774,133245901,2429977,1627,84592,"",1.56,1.72,1.84,1.91,2.01,1.07,1.07,"",-4,-1.1,-7,-0.1,16185083,4.1,48881426,57.9,539576,28.5,67,4.3,3447,4.2
"09000","5","33272","57","0","2024","A","","Connecticut -- Statewide","Private","NAICS 33272 Turned product and screw, nut, and bolt manufacturing","State, NAICS 5-digit -- by ownership sector","All establishment sizes",100,2711,211034215,74837484,1737603,1497,77848,"",3.50,3.36,3.12,4.23,4.83,0.93,0.93,"",6,6.4,-58,-2.1,12468948,6.3,26861108,56.0,723769,71.4,118,8.6,6140,8.6
"09000","5","332721","58","0","2024","A","","Connecticut -- Statewide","Private","NAICS 332721 Precision turned product manufacturing","State, NAICS 6-digit -- by ownership sector","All establishment sizes",76,1964,148819806,54055133,1353542,1457,75761,"",4.02,4.70,4.53,5.34,6.88,0.96,0.96,"",1,1.3,-102,-4.9,6753901,4.8,18216458,50.8,597432,79.0,135,10.2,6997,10.2
"09000","5","332722","58","0","2024","A","","Connecticut -- Statewide","Private","NAICS 332722 Bolt, nut, screw, rivet, and washer manufacturing","State, NAICS 6-digit -- by ownership sector","All establishment sizes",23,746,62214409,20782351,384061,1603,83341,"",2.39,1.92,1.79,2.75,2.36,0.93,0.93,"",3,15.0,43,6.1,5715047,10.1,8644650,71.2,126337,49.0,58,3.8,2982,3.7
"09000","5","3328","56","0","2024","A","","Connecticut -- Statewide","Private","NAICS 3328 Coating, engraving, heat treating, and allied activities","State, NAICS 4-digit -- by ownership sector","All establishment sizes",148,3378,242217154,92102646,1786652,1379,71708,"",1.95,2.40,2.30,2.87,2.88,0.96,0.96,"",-2,-1.3,-45,-1.3,8612714,3.7,32089493,53.5,273358,18.1,66,5.0,3457,5.1
"09000","5","33281","57","0","2024","A","","Connecticut -- Statewide","Private","NAICS 33281 Coating, engraving, heat treating, and allied activities","State, NAICS 5-digit -- by ownership sector","All establishment sizes",148,3378,242217154,92102646,1786652,1379,71708,"",1.95,2.40,2.30,2.87,2.88,0.96,0.96,"",-2,-1.3,-45,-1.3,8612714,3.7,32089493,53.5,273358,18.1,66,5.0,3457,5.1
"09000","5","332811","58","0","2024","A","","Connecticut -- Statewide","Private","NAICS 332811 Metal heat treating","State, NAICS 6-digit -- by ownership sector","All establishment sizes",24,445,37627152,12265273,253430,1626,84555,"",2.84,2.26,2.15,2.91,2.73,0.95,0.95,"",1,4.3,0,0.0,2779590,8.0,4593365,59.9,14303,6.0,120,8.0,6231,8.0
"09000","5","332812","58","0","2024","A","","Connecticut -- Statewide","Private","NAICS 332812 Metal coating, engraving (except jewelry and silverware), and allied services to manufacturers","State, NAICS 6-digit -- by ownership sector","All establishment sizes",52,1458,103272243,39937440,719850,1362,70827,"",1.36,2.28,2.21,2.65,2.55,0.97,0.97,"",0,0.0,-18,-1.2,3410180,3.4,14177838,55.0,89653,14.2,61,4.7,3166,4.7
"09000","5","332813","58","0","2024","A","","Connecticut -- Statewide","Private","NAICS 332813 Electroplating, plating, polishing, anodizing, and coloring","State, NAICS 6-digit -- by ownership sector","All establishment sizes",72,1475,101317759,39899933,813372,1321,68702,"",2.45,2.59,2.48,3.11,3.31,0.96,0.96,"",-3,-4.0,-27,-1.8,2422944,2.5,13318290,50.1,169402,26.3,55,4.3,2856,4.3
"09000","5","3329","56","0","2024","A","","Connecticut -- Statewide","Private","NAICS 3329 Other fabricated metal product manufacturing","State, NAICS 4-digit -- by ownership sector","All establishment sizes",92,4962,458075095,135425545,2134473,1775,92312,"",0.83,1.63,1.60,1.88,1.74,0.98,0.98,"",-3,-3.2,58,1.2,24327333,5.6,52562651,63.4,427518,25.0,74,4.4,3863,4.4
"09000","5","33291","57","0","2024","A","","Connecticut -- Statewide","Private","NAICS 33291 Metal valve manufacturing","State, NAICS 5-digit -- by ownership sector","All establishment sizes",23,2040,182211191,55940733,764103,1717,89308,"",0.95,2.11,1.87,2.51,2.11,0.89,0.88,"",0,0.0,48,2.4,728514,0.4,22330282,66.4,159054,26.3,-35,-2.0,-1779,-2.0
"09000","5","332911","58","0","2024","A","","Connecticut -- Statewide","Private","NAICS 332911 Industrial valve manufacturing","State, NAICS 6-digit -- by ownership sector","All establishment sizes",3,191,16104355,5494258,75194,1621,84279,"",0.32,0.65,0.51,0.71,0.59,0.80,0.80,"",-1,-25.0,16,9.1,1754670,12.2,2356710,75.1,20772,38.2,40,2.5,2085,2.5
"09000","5","332912","58","0","2024","A","","Connecticut -- Statewide","Private","NAICS 332912 Fluid power valve and hose fitting manufacturing","State, NAICS 6-digit -- by ownership sector","All establishment sizes",12,1738,157785699,47353406,603940,1746,90773,"",1.67,4.47,3.85,5.69,4.27,0.86,0.86,"",0,0.0,29,1.7,-1591371,-1.0,18860569,66.2,94710,18.6,-47,-2.6,-2475,-2.7
"09000","5","332913","58","0","2024","A","","Connecticut -- Statewide","Private","NAICS 332913 Plumbing fixture fitting and trim manufacturing","State, NAICS 6-digit -- by ownership sector","All establishment sizes",4,62,5491070,1789036,67025,1699,88328,"",1.16,0.50,0.52,0.68,1.69,1.05,1.05,"",0,0.0,0,0.0,343309,6.7,700706,64.4,40953,157.1,89,5.5,4625,5.5
"09000","5","332919","58","0","2024","A","","Connecticut -- Statewide","Private","NAICS 332919 Other metal valve and pipe fitting manufacturing","State, NAICS 6-digit -- by ownership sector","All establishment sizes",4,49,2830067,1304033,17944,1116,58053,"",0.95,0.31,0.19,0.36,0.34,0.62,0.62,"",0,0.0,2,4.3,221906,8.5,412297,46.2,2619,17.1,53,5.0,2756,5.0
"09000","5","33299","57","0","2024","A","","Connecticut -- Statewide","Private","NAICS 33299 All other fabricated metal product manufacturing","State, NAICS 5-digit -- by ownership sector","All establishment sizes",69,2922,275863904,79484812,1370370,1816,94409,"",0.79,1.41,1.46,1.60,1.58,1.03,1.03,"",-3,-4.2,10,0.3,23598819,9.4,30232369,61.4,268464,24.4,150,9.0,7765,9.0
"09000","5","332991","58","0","2024","A","","Connecticut -- Statewide","Private","NAICS 332991 Ball and roller bearing manufacturing","State, NAICS 6-digit -- by ownership sector","All establishment sizes",18,1094,86199142,27514335,446819,1515,78805,"",5.67,5.05,4.69,5.75,5.47,0.93,0.93,"",1,5.9,28,2.6,4635397,5.7,10107511,58.1,120487,36.9,44,3.0,2291,3.0
"09000","5","332993","58","0","2024","A","N","Connecticut -- Statewide","Private","NAICS 332993 Ammunition (except small arms) manufacturing","State, NAICS 6-digit -- by ownership sector","All establishment sizes",1,0,0,0,0,0,0,"N",0.90,0,0,0,0,0,0,"N",-2,-66.7,0,0,0,0,0,0,0,0,0,0,0,0
"09000","5","332994","58","0","2024","A","","Connecticut -- Statewide","Private","NAICS 332994 Small arms, ordnance, and ordnance accessories manufacturing","State, NAICS 6-digit -- by ownership sector","All establishment sizes",11,1209,130626931,35022741,593003,2077,108008,"",1.04,4.49,4.40,4.40,5.13,0.98,0.98,"",-3,-21.4,40,3.4,13676515,11.7,14277792,68.8,137713,30.2,152,7.9,7922,7.9
"09000","5","332996","58","0","2024","A","N","Connecticut -- Statewide","Private","NAICS 332996 Fabricated pipe and pipe fitting manufacturing","State, NAICS 6-digit -- by ownership sector","All establishment sizes",9,0,0,0,0,0,0,"N",0.76,0,0,0,0,0,0,"N",0,0.0,0,0,0,0,0,0,0,0,0,0,0,0
"09000","5","332999","58","0","2024","A","","Connecticut -- Statewide","Private","NAICS 332999 All other miscellaneous fabricated metal product manufacturing","State, NAICS 6-digit -- by ownership sector","All establishment sizes",30,432,42139194,11762902,202084,1878,97657,"",0.52,0.47,0.56,0.53,0.52,1.19,1.19,"",1,3.4,-65,-13.1,3612269,9.4,3731289,46.5,-6490,-3.1,386,25.9,20060,25.9
"09000","5","333","55","0","2024","A","","Connecticut -- Statewide","Private","NAICS 333 Machinery manufacturing","State, NAICS 3-digit -- by ownership sector","All establishment sizes",398,13107,1400941341,354280277,5714992,2055,106884,"",0.94,1.09,1.15,1.16,1.06,1.05,1.05,"",-11,-2.7,-620,-4.5,41107609,3.0,120497677,51.5,938299,19.6,150,7.9,7823,7.9
"09000","5","3331","56","0","2024","A","","Connecticut -- Statewide","Private","NAICS 3331 Agriculture, construction, and mining machinery manufacturing","State, NAICS 4-digit -- by ownership sector","All establishment sizes",12,239,20782188,6525383,114600,1673,86985,"",0.20,0.10,0.09,0.10,0.10,0.86,0.86,"",2,20.0,2,0.8,964514,4.9,2305018,54.6,15846,16.0,65,4.0,3366,4.0
"09000","5","33311","57","0","2024","A","N","Connecticut -- Statewide","Private","NAICS 33311 Agricultural implement manufacturing","State, NAICS 5-digit -- by ownership sector","All establishment sizes",2,0,0,0,0,0,0,"N",0.08,0,0,0,0,0,0,"N",-1,-33.3,0,0,0,0,0,0,0,0,0,0,0,0
"09000","5","333112","58","0","2024","A","N","Connecticut -- Statewide","Private","NAICS 333112 Lawn and garden tractor and home lawn and garden equipment manufacturing","State, NAICS 6-digit -- by ownership sector","All establishment sizes",2,0,0,0,0,0,0,"N",0.57,0,0,0,0,0,0,"N",-1,-33.3,0,0,0,0,0,0,0,0,0,0,0,0
"09000","5","33312","57","0","2024","A","","Connecticut -- Statewide","Private","NAICS 33312 Construction machinery manufacturing","State, NAICS 5-digit -- by ownership sector","All establishment sizes",8,84,10158949,2320916,33274,2319,120581,"",0.57,0.10,0.12,0.09,0.09,1.17,1.17,"",2,33.3,3,3.7,747768,7.9,817809,54.4,-4054,-10.9,89,4.0,4632,4.0
"09000","5","333120","58","0","2024","A","","Connecticut -- Statewide","Private","NAICS 333120 Construction machinery manufacturing","State, NAICS 6-digit -- by ownership sector","All establishment sizes",8,84,10158949,2320916,33274,2319,120581,"",0.57,0.10,0.12,0.09,0.09,1.17,1.17,"",2,33.3,3,3.7,747768,7.9,817809,54.4,-4054,-10.9,89,4.0,4632,4.0
"09000","5","33313","57","0","2024","A","N","Connecticut -- Statewide","Private","NAICS 33313 Mining and oil and gas field machinery manufacturing","State, NAICS 5-digit -- by ownership sector","All establishment sizes",2,0,0,0,0,0,0,"N",0.10,0,0,0,0,0,0,"N",1,100.0,0,0,0,0,0,0,0,0,0,0,0,0
"09000","5","333132","58","0","2024","A","N","Connecticut -- Statewide","Private","NAICS 333132 Oil and gas field machinery and equipment manufacturing","State, NAICS 6-digit -- by ownership sector","All establishment sizes",2,0,0,0,0,0,0,"N",0.12,0,0,0,0,0,0,"N",1,100.0,0,0,0,0,0,0,0,0,0,0,0,0
"09000","5","3332","56","0","2024","A","","Connecticut -- Statewide","Private","NAICS 3332 Industrial machinery manufacturing","State, NAICS 4-digit -- by ownership sector","All establishment sizes",44,2657,355742375,70706109,1008806,2574,133868,"",0.65,1.87,1.96,1.89,1.41,1.04,1.04,"",5,12.8,32,1.2,64901174,22.3,26682288,60.6,215380,27.1,443,20.8,23057,20.8
"09000","5","33324","57","0","2024","A","","Connecticut -- Statewide","Private","NAICS 33324 Industrial machinery manufacturing","State, NAICS 5-digit -- by ownership sector","All establishment sizes",44,2657,355742375,70706109,1008806,2574,133868,"",0.65,1.87,1.96,1.89,1.41,1.04,1.04,"",5,12.8,32,1.2,64901174,22.3,26682288,60.6,215380,27.1,443,20.8,23057,20.8
"09000","5","333241","58","0","2024","A","N","Connecticut -- Statewide","Private","NAICS 333241 Food product machinery manufacturing","State, NAICS 6-digit -- by ownership sector","All establishment sizes",5,0,0,0,0,0,0,"N",0.43,0,0,0,0,0,0,"N",1,25.0,0,0,0,0,0,0,0,0,0,0,0,0
"09000","5","333242","58","0","2024","A","N","Connecticut -- Statewide","Private","NAICS 333242 Semiconductor machinery manufacturing","State, NAICS 6-digit -- by ownership sector","All establishment sizes",7,0,0,0,0,0,0,"N",1.36,0,0,0,0,0,0,"N",1,16.7,0,0,0,0,0,0,0,0,0,0,0,0
"09000","5","333243","58","0","2024","A","N","Connecticut -- Statewide","Private","NAICS 333243 Sawmill, woodworking, and paper machinery manufacturing","State, NAICS 6-digit -- by ownership sector","All establishment sizes",3,0,0,0,0,0,0,"N",0.44,0,0,0,0,0,0,"N",0,0.0,0,0,0,0,0,0,0,0,0,0,0,0
"09000","5","333248","58","0","2024","A","","Connecticut -- Statewide","Private","NAICS 333248 All other industrial machinery manufacturing","State, NAICS 6-digit -- by ownership sector","All establishment sizes",29,628,56096536,17344020,341346,1718,89361,"",0.66,0.84,0.74,0.94,0.94,0.88,0.88,"",2,7.4,-68,-9.8,-3306663,-5.6,5663648,48.5,98334,40.5,77,4.7,4012,4.7
"09000","5","3333","56","0","2024","A","","Connecticut -- Statewide","Private","NAICS 3333 Commercial and service industry machinery manufacturing","State, NAICS 4-digit -- by ownership sector","All establishment sizes",33,2536,336864305,67978870,1174927,2554,132820,"",0.85,2.66,3.28,2.75,2.67,1.24,1.23,"",-1,-2.9,16,0.6,9832816,3.0,25576472,60.3,254369,27.6,58,2.3,3033,2.3
"09000","5","33331","57","0","2024","A","","Connecticut -- Statewide","Private","NAICS 33331 Commercial and service industry machinery manufacturing","State, NAICS 5-digit -- by ownership sector","All establishment sizes",33,2536,336864305,67978870,1174927,2554,132820,"",0.85,2.66,3.28,2.75,2.67,1.24,1.23,"",-1,-2.9,16,0.6,9832816,3.0,25576472,60.3,254369,27.6,58,2.3,3033,2.3
"09000","5","333310","58","0","2024","A","","Connecticut -- Statewide","Private","NAICS 333310 Commercial and service industry machinery manufacturing","State, NAICS 6-digit -- by ownership sector","All establishment sizes",33,2536,336864305,67978870,1174927,2554,132820,"",0.85,2.66,3.28,2.75,2.67,1.24,1.23,"",-1,-2.9,16,0.6,9832816,3.0,25576472,60.3,254369,27.6,58,2.3,3033,2.3
"09000","5","3334","56","0","2024","A","","Connecticut -- Statewide","Private","NAICS 3334 Ventilation, heating, air-conditioning, and commercial refrigeration equipment manufacturing","State, NAICS 4-digit -- by ownership sector","All establishment sizes",23,715,58561346,19497469,278125,1576,81933,"",0.62,0.45,0.44,0.52,0.42,0.97,0.97,"",2,9.5,33,4.8,7650100,15.0,6755887,53.0,59512,27.2,140,9.7,7283,9.8
"09000","5","33341","57","0","2024","A","","Connecticut -- Statewide","Private","NAICS 33341 Ventilation, heating, air-conditioning, and commercial refrigeration equipment manufacturing","State, NAICS 5-digit -- by ownership sector","All establishment sizes",23,715,58561346,19497469,278125,1576,81933,"",0.62,0.45,0.44,0.52,0.42,0.97,0.97,"",2,9.5,33,4.8,7650100,15.0,6755887,53.0,59512,27.2,140,9.7,7283,9.8
"09000","5","333413","58","0","2024","A","","Connecticut -- Statewide","Private","NAICS 333413 Industrial and commercial fan and blower and air purification equipment manufacturing","State, NAICS 6-digit -- by ownership sector","All establishment sizes",10,461,36993919,12572201,188275,1544,80305,"",0.90,1.31,1.28,1.46,1.31,0.98,0.98,"",0,0.0,27,6.2,4897694,15.3,4042167,47.4,41423,28.2,121,8.5,6308,8.5
"09000","5","333414","58","0","2024","A","","Connecticut -- Statewide","Private","NAICS 333414 Heating equipment (except warm air furnaces) manufacturing","State, NAICS 6-digit -- by ownership sector","All establishment sizes",7,235,19446609,6416078,79577,1592,82781,"",1.03,1.43,1.46,1.39,1.07,1.02,1.02,"N",0,0.0,0,0,0,0,0,0,0,0,0,0,0,0
"09000","5","333415","58","0","2024","A","","Connecticut -- Statewide","Private","NAICS 333415 Air-conditioning and warm air heating equipment and commercial and industrial refrigeration equipment manufacturing","State, NAICS 6-digit -- by ownership sector","All establishment sizes",6,19,2120818,509190,10273,2128,110651,"",0.31,0.02,0.02,0.02,0.02,1.29,1.29,"N",2,50.0,0,0,0,0,0,0,0,0,0,0,0,0
"09000","5","3335","56","0","2024","A","","Connecticut -- Statewide","Private","NAICS 3335 Metalworking machinery manufacturing","State, NAICS 4-digit -- by ownership sector","All establishment sizes",169,3708,316890602,100031811,1657935,1643,85457,"",1.82,2.19,2.16,2.54,2.37,0.99,0.99,"",-9,-5.1,-367,-9.0,-19748498,-5.9,30493075,43.9,257542,18.4,54,3.4,2841,3.4
"09000","5","33351","57","0","2024","A","","Connecticut -- Statewide","Private","NAICS 33351 Metalworking machinery manufacturing","State, NAICS 5-digit -- by ownership sector","All establishment sizes",169,3708,316890602,100031811,1657935,1643,85457,"",1.82,2.19,2.16,2.54,2.37,0.99,0.99,"",-9,-5.1,-367,-9.0,-19748498,-5.9,30493075,43.9,257542,18.4,54,3.4,2841,3.4
"09000","5","333511","58","0","2024","A","","Connecticut -- Statewide","Private","NAICS 333511 Industrial mold manufacturing","State, NAICS 6-digit -- by ownership sector","All establishment sizes",29,525,38051577,14002337,244896,1393,72433,"",1.60,1.53,1.38,1.58,1.76,0.91,0.91,"",-1,-3.3,-85,-13.9,-7262296,-16.0,3660440,35.4,41512,20.4,-37,-2.6,-1903,-2.6
"09000","5","333514","58","0","2024","A","","Connecticut -- Statewide","Private","NAICS 333514 Special die and tool, die set, jig, and fixture manufacturing","State, NAICS 6-digit -- by ownership sector","All establishment sizes",60,1066,92235662,29194023,512109,1663,86484,"",1.94,1.94,1.96,2.39,2.26,1.01,1.01,"",-2,-3.2,-116,-9.8,-216606,-0.2,9361466,47.2,75006,17.2,159,10.6,8256,10.6
"09000","5","333515","58","0","2024","A","","Connecticut -- Statewide","Private","NAICS 333515 Cutting tool and machine tool accessory manufacturing","State, NAICS 6-digit -- by ownership sector","All establishment sizes",32,386,29074214,10173705,152759,1449,75354,"",2.35,1.71,1.49,1.89,1.61,0.87,0.87,"",2,6.7,1,0.3,1141754,4.1,3656859,56.1,22935,17.7,53,3.8,2786,3.8
"09000","5","333517","58","0","2024","A","","Connecticut -- Statewide","Private","NAICS 333517 Machine tool manufacturing","State, NAICS 6-digit -- by ownership sector","All establishment sizes",41,1210,104466968,31986618,521798,1660,86342,"",1.61,2.66,2.59,3.06,2.84,0.97,0.97,"",-8,-16.3,-81,-6.3,-7108078,-6.4,9428727,41.8,72844,16.2,-2,-0.1,-100,-0.1
"09000","5","333519","58","0","2024","A","","Connecticut -- Statewide","Private","NAICS 333519 Rolling mill and other metalworking machinery manufacturing","State, NAICS 6-digit -- by ownership sector","All establishment sizes",7,521,53062181,14675128,226373,1960,101928,"",1.46,4.25,4.36,5.81,4.04,1.03,1.03,"",0,0.0,-87,-14.3,-6303272,-10.6,4385583,42.6,45245,25.0,81,4.3,4234,4.3
"09000","5","3336","56","0","2024","A","","Connecticut -- Statewide","Private","NAICS 3336 Engine, turbine, and power transmission equipment manufacturing","State, NAICS 4-digit -- by ownership sector","All establishment sizes",29,1136,128895323,31744953,499110,2182,113489,"",1.60,1.13,1.10,1.36,1.25,0.97,0.97,"",-4,-12.1,-128,-10.1,-8991612,-6.5,10746586,51.2,-28736,-5.4,84,4.0,4372,4.0
"09000","5","33361","57","0","2024","A","","Connecticut -- Statewide","Private","NAICS 33361 Engine, turbine, and power transmission equipment manufacturing","State, NAICS 5-digit -- by ownership sector","All establishment sizes",29,1136,128895323,31744953,499110,2182,113489,"",1.60,1.13,1.10,1.36,1.25,0.97,0.97,"",-4,-12.1,-128,-10.1,-8991612,-6.5,10746586,51.2,-28736,-5.4,84,4.0,4372,4.0
"09000","5","333611","58","0","2024","A","","Connecticut -- Statewide","Private","NAICS 333611 Turbine and turbine generator set units manufacturing","State, NAICS 6-digit -- by ownership sector","All establishment sizes",10,292,50876007,8599306,133713,3352,174283,"",1.87,1.34,1.66,1.39,1.34,1.24,1.24,"",-4,-28.6,-168,-36.5,-14041727,-21.6,1130062,15.1,-109144,-44.9,639,23.6,33183,23.5
"09000","5","333612","58","0","2024","A","N","Connecticut -- Statewide","Private","NAICS 333612 Speed changer, industrial high-speed drive, and gear manufacturing","State, NAICS 6-digit -- by ownership sector","All establishment sizes",6,0,0,0,0,0,0,"N",1.70,0,0,0,0,0,0,"N",0,0.0,0,0,0,0,0,0,0,0,0,0,0,0
"09000","5","333613","58","0","2024","A","","Connecticut -- Statewide","Private","NAICS 333613 Mechanical power transmission equipment manufacturing","State, NAICS 6-digit -- by ownership sector","All establishment sizes",10,730,70075357,20656275,308756,1846,95994,"",2.40,5.15,5.59,6.08,5.05,1.09,1.09,"",0,0.0,43,6.3,5313000,8.2,8875488,75.3,58607,23.4,32,1.8,1691,1.8
"09000","5","333618","58","0","2024","A","N","Connecticut -- Statewide","Private","NAICS 333618 Other engine equipment manufacturing","State, NAICS 6-digit -- by ownership sector","All establishment sizes",3,0,0,0,0,0,0,"N",0.59,0,0,0,0,0,0,"N",0,0.0,0,0,0,0,0,0,0,0,0,0,0,0
"09000","5","3339","56","0","2024","A","","Connecticut -- Statewide","Private","NAICS 3339 Other general purpose machinery manufacturing","State, NAICS 4-digit -- by ownership sector","All establishment sizes",88,2116,183205202,57795682,981489,1665,86588,"",0.79,0.69,0.60,0.74,0.74,0.86,0.86,"",-6,-6.4,-209,-9.0,-13500885,-6.9,17938351,45.0,164386,20.1,38,2.3,1998,2.4
"09000","5","33391","57","0","2024","A","","Connecticut -- Statewide","Private","NAICS 33391 Pump and compressor manufacturing","State, NAICS 5-digit -- by ownership sector","All establishment sizes",16,422,34207043,11588866,227766,1558,81027,"",0.93,0.83,0.62,0.92,1.09,0.74,0.74,"",2,14.3,-2,-0.5,2196974,6.9,4207128,57.0,77715,51.8,107,7.4,5576,7.4
"09000","5","333912","58","0","2024","A","N","Connecticut -- Statewide","Private","NAICS 333912 Air and gas compressor manufacturing","State, NAICS 6-digit -- by ownership sector","All establishment sizes",4,0,0,0,0,0,0,"N",0.68,0,0,0,0,0,0,"N",0,0.0,0,0,0,0,0,0,0,0,0,0,0,0
"09000","5","333914","58","0","2024","A","N","Connecticut -- Statewide","Private","NAICS 333914 Measuring, dispensing, and other pumping equipment manufacturing","State, NAICS 6-digit -- by ownership sector","All establishment sizes",12,0,0,0,0,0,0,"N",1.06,0,0,0,0,0,0,"N",2,20.0,0,0,0,0,0,0,0,0,0,0,0,0
"09000","5","33392","57","0","2024","A","","Connecticut -- Statewide","Private","NAICS 33392 Material handling equipment manufacturing","State, NAICS 5-digit -- by ownership sector","All establishment sizes",5,54,3478625,1680381,47991,1237,64320,"",0.17,0.05,0.03,0.06,0.10,0.67,0.67,"",-2,-28.6,-13,-19.4,-6917173,-66.5,136040,8.8,17023,55.0,-1751,-58.6,-91034,-58.6
"09000","5","333921","58","0","2024","A","N","Connecticut -- Statewide","Private","NAICS 333921 Elevator and moving stairway manufacturing","State, NAICS 6-digit -- by ownership sector","All establishment sizes",1,0,0,0,0,0,0,"N",0.27,0,0,0,0,0,0,"N",-3,-75.0,0,0,0,0,0,0,0,0,0,0,0,0
"09000","5","333923","58","0","2024","A","N","Connecticut -- Statewide","Private","NAICS 333923 Overhead traveling crane, hoist, and monorail system manufacturing","State, NAICS 6-digit -- by ownership sector","All establishment sizes",3,0,0,0,0,0,0,"N",0.49,0,0,0,0,0,0,"N",1,50.0,0,0,0,0,0,0,0,0,0,0,0,0
"09000","5","333924","58","0","2024","A","N","Connecticut -- Statewide","Private","NAICS 333924 Industrial truck, tractor, trailer, and stacker machinery manufacturing","State, NAICS 6-digit -- by ownership sector","All establishment sizes",1,0,0,0,0,0,0,"N",0.17,0,0,0,0,0,0,"N",0,0.0,0,0,0,0,0,0,0,0,0,0,0,0
"09000","5","33399","57","0","2024","A","","Connecticut -- Statewide","Private","NAICS 33399 All other general purpose machinery manufacturing","State, NAICS 5-digit -- by ownership sector","All establishment sizes",67,1640,145519534,44526435,705732,1707,88754,"",1.04,1.08,0.96,1.18,1.11,0.89,0.89,"",-6,-8.2,-194,-10.6,-8780686,-5.7,13595183,44.0,69648,10.9,89,5.5,4632,5.5
"09000","5","333991","58","0","2024","A","N","Connecticut -- Statewide","Private","NAICS 333991 Power-driven handtool manufacturing","State, NAICS 6-digit -- by ownership sector","All establishment sizes",2,0,0,0,0,0,0,"N",0.65,0,0,0,0,0,0,"N",0,0.0,0,0,0,0,0,0,0,0,0,0,0,0
"09000","5","333992","58","0","2024","A","","Connecticut -- Statewide","Private","NAICS 333992 Welding and soldering equipment manufacturing","State, NAICS 6-digit -- by ownership sector","All establishment sizes",16,346,35026458,9464723,131930,1947,101233,"",1.57,2.06,2.06,2.76,2.18,1.00,1.00,"",-1,-5.9,-45,-11.5,-1747771,-4.8,2438414,34.7,-31860,-19.5,137,7.6,7121,7.6
"09000","5","333993","58","0","2024","A","","Connecticut -- Statewide","Private","NAICS 333993 Packaging machinery manufacturing","State, NAICS 6-digit -- by ownership sector","All establishment sizes",10,223,19135322,6835731,117394,1647,85649,"",0.83,0.86,0.72,0.91,1.00,0.84,0.84,"",-1,-9.1,-106,-32.2,-4102327,-17.7,1185967,21.0,11281,10.6,288,21.2,15000,21.2
"09000","5","333994","58","0","2024","A","","Connecticut -- Statewide","Private","NAICS 333994 Industrial process furnace and oven manufacturing","State, NAICS 6-digit -- by ownership sector","All establishment sizes",9,133,9481498,3586243,58214,1371,71289,"",1.95,1.27,0.89,1.33,1.02,0.70,0.70,"",0,0.0,-9,-6.3,-239020,-2.5,1116250,45.2,-4270,-6.8,58,4.4,3035,4.4
"09000","5","333995","58","0","2024","A","N","Connecticut -- Statewide","Private","NAICS 333995 Fluid power cylinder and actuator manufacturing","State, NAICS 6-digit -- by ownership sector","All establishment sizes",5,0,0,0,0,0,0,"N",1.05,0,0,0,0,0,0,"N",0,0.0,0,0,0,0,0,0,0,0,0,0,0,0
"09000","5","333996","58","0","2024","A","N","Connecticut -- Statewide","Private","NAICS 333996 Fluid power pump and motor manufacturing","State, NAICS 6-digit -- by ownership sector","All establishment sizes",3,0,0,0,0,0,0,"N",0.79,0,0,0,0,0,0,"N",0,0.0,0,0,0,0,0,0,0,0,0,0,0,0
"09000","5","333998","58","0","2024","A","","Connecticut -- Statewide","Private","NAICS 333998 All other miscellaneous general purpose machinery manufacturing","State, NAICS 6-digit -- by ownership sector","All establishment sizes",22,742,67441600,19827259,321818,1747,90861,"",0.86,1.46,1.39,1.62,1.52,0.95,0.95,"",-4,-15.4,-36,-4.6,-2318856,-3.3,7362489,59.1,93756,41.1,23,1.3,1233,1.4
"09000","5","334","55","0","2024","A","","Connecticut -- Statewide","Private","NAICS 334 Computer and electronic product manufacturing","State, NAICS 3-digit -- by ownership sector","All establishment sizes",321,10034,915145704,267557492,4895977,1754,91204,"",1.00,0.91,0.47,0.90,0.94,0.51,0.51,"",-24,-7.0,-327,-3.2,-1094211,-0.1,86668214,47.9,883341,22.0,53,3.1,2773,3.1
"09000","5","3341","56","0","2024","A","","Connecticut -- Statewide","Private","NAICS 3341 Computer and peripheral equipment manufacturing","State, NAICS 4-digit -- by ownership sector","All establishment sizes",25,276,19898133,7322612,97071,1385,72029,"",0.83,0.24,0.07,0.26,0.18,0.30,0.30,"",-3,-10.7,0,0.0,600595,3.1,2305799,46.0,9290,10.6,42,3.1,2174,3.1
"09000","5","33411","57","0","2024","A","","Connecticut -- Statewide","Private","NAICS 33411 Computer and peripheral equipment manufacturing","State, NAICS 5-digit -- by ownership sector","All establishment sizes",25,276,19898133,7322612,97071,1385,72029,"",0.83,0.24,0.07,0.26,0.18,0.30,0.30,"",-3,-10.7,0,0.0,600595,3.1,2305799,46.0,9290,10.6,42,3.1,2174,3.1
"09000","5","334111","58","0","2024","A","","Connecticut -- Statewide","Private","NAICS 334111 Electronic computer manufacturing","State, NAICS 6-digit -- by ownership sector","All establishment sizes",7,120,9138228,3243302,38388,1469,76364,"",0.54,0.18,0.05,0.25,0.13,0.28,0.28,"",-4,-36.4,2,1.7,972315,11.9,1043739,47.5,681,1.8,142,10.7,7356,10.7
"09000","5","334118","58","0","2024","A","","Connecticut -- Statewide","Private","NAICS 334118 Computer terminal and other computer peripheral equipment manufacturing","State, NAICS 6-digit -- by ownership sector","All establishment sizes",18,157,10759905,4079310,58683,1321,68717,"",1.32,0.48,0.19,0.35,0.39,0.39,0.39,"",1,5.9,-1,-0.6,-371720,-3.3,1262060,44.8,8609,17.2,-35,-2.6,-1774,-2.5
"09000","5","3342","56","0","2024","A","","Connecticut -- Statewide","Private","NAICS 3342 Communications equipment manufacturing","State, NAICS 4-digit -- by ownership sector","All establishment sizes",26,763,76124431,20586691,439342,1918,99759,"",0.71,0.86,0.58,1.04,1.12,0.68,0.68,"",-5,-16.1,-94,-11.0,-7351347,-8.8,5143970,33.3,73748,20.2,44,2.3,2316,2.4
"09000","5","33421","57","0","2024","A","","Connecticut -- Statewide","Private","NAICS 33421 Telephone apparatus manufacturing","State, NAICS 5-digit -- by ownership sector","All establishment sizes",6,140,18082987,3645207,58101,2485,129241,"",1.07,0.95,0.67,1.07,0.77,0.70,0.70,"",0,0.0,-20,-12.5,-2229064,-11.0,213493,6.2,-11071,-16.0,42,1.7,2225,1.8
"09000","5","334210","58","0","2024","A","","Connecticut -- Statewide","Private","NAICS 334210 Telephone apparatus manufacturing","State, NAICS 6-digit -- by ownership sector","All establishment sizes",6,140,18082987,3645207,58101,2485,129241,"",1.07,0.95,0.67,1.07,0.77,0.70,0.70,"",0,0.0,-20,-12.5,-2229064,-11.0,213493,6.2,-11071,-16.0,42,1.7,2225,1.8
"09000","5","33422","57","0","2024","A","","Connecticut -- Statewide","Private","NAICS 33422 Radio and television broadcasting and wireless communications equipment manufacturing","State, NAICS 5-digit -- by ownership sector","All establishment sizes",14,216,21373963,5977136,176935,1899,98725,"",0.69,0.39,0.26,0.51,0.76,0.67,0.67,"",-2,-12.5,-51,-19.1,-5215469,-19.6,1124986,23.2,37792,27.2,-17,-0.9,-923,-0.9
"09000","5","334220","58","0","2024","A","","Connecticut -- Statewide","Private","NAICS 334220 Radio and television broadcasting and wireless communications equipment manufacturing","State, NAICS 6-digit -- by ownership sector","All establishment sizes",14,216,21373963,5977136,176935,1899,98725,"",0.69,0.39,0.26,0.51,0.76,0.67,0.67,"",-2,-12.5,-51,-19.1,-5215469,-19.6,1124986,23.2,37792,27.2,-17,-0.9,-923,-0.9
"09000","5","33429","57","0","2024","A","","Connecticut -- Statewide","Private","NAICS 33429 Other communications equipment manufacturing","State, NAICS 5-digit -- by ownership sector","All establishment sizes",6,407,36667481,10964348,204306,1734,90166,"",0.58,2.07,1.57,2.42,2.42,0.76,0.76,"",-3,-33.3,-23,-5.3,93186,0.3,3805491,53.2,47027,29.9,98,6.0,5093,6.0
"09000","5","334290","58","0","2024","A","","Connecticut -- Statewide","Private","NAICS 334290 Other communications equipment manufacturing","State, NAICS 6-digit -- by ownership sector","All establishment sizes",6,407,36667481,10964348,204306,1734,90166,"",0.58,2.07,1.57,2.42,2.42,0.76,0.76,"",-3,-33.3,-23,-5.3,93186,0.3,3805491,53.2,47027,29.9,98,6.0,5093,6.0
"09000","5","3343","56","0","2024","A","N","Connecticut -- Statewide","Private","NAICS 3343 Audio and video equipment manufacturing","State, NAICS 4-digit -- by ownership sector","All establishment sizes",13,0,0,0,0,0,0,"N",0.95,0,0,0,0,0,0,"N",1,8.3,0,0,0,0,0,0,0,0,0,0,0,0
"09000","5","33431","57","0","2024","A","N","Connecticut -- Statewide","Private","NAICS 33431 Audio and video equipment manufacturing","State, NAICS 5-digit -- by ownership sector","All establishment sizes",13,0,0,0,0,0,0,"N",0.95,0,0,0,0,0,0,"N",1,8.3,0,0,0,0,0,0,0,0,0,0,0,0
"09000","5","334310","58","0","2024","A","N","Connecticut -- Statewide","Private","NAICS 334310 Audio and video equipment manufacturing","State, NAICS 6-digit -- by ownership sector","All establishment sizes",13,0,0,0,0,0,0,"N",0.95,0,0,0,0,0,0,"N",1,8.3,0,0,0,0,0,0,0,0,0,0,0,0
"09000","5","3344","56","0","2024","A","","Connecticut -- Statewide","Private","NAICS 3344 Semiconductor and other electronic component manufacturing","State, NAICS 4-digit -- by ownership sector","All establishment sizes",94,3461,281489912,87449523,1595046,1564,81340,"",1.08,0.81,0.33,0.74,0.73,0.41,0.41,"",-9,-8.7,-63,-1.8,5287357,1.9,28536190,48.4,351232,28.2,57,3.8,2970,3.8
"09000","5","33441","57","0","2024","A","","Connecticut -- Statewide","Private","NAICS 33441 Semiconductor and other electronic component manufacturing","State, NAICS 5-digit -- by ownership sector","All establishment sizes",94,3461,281489912,87449523,1595046,1564,81340,"",1.08,0.81,0.33,0.74,0.73,0.41,0.41,"",-9,-8.7,-63,-1.8,5287357,1.9,28536190,48.4,351232,28.2,57,3.8,2970,3.8
"09000","5","334412","58","0","2024","A","N","Connecticut -- Statewide","Private","NAICS 334412 Bare printed circuit board manufacturing","State, NAICS 6-digit -- by ownership sector","All establishment sizes",5,0,0,0,0,0,0,"N",0.78,0,0,0,0,0,0,"N",-2,-28.6,0,0,0,0,0,0,0,0,0,0,0,0
"09000","5","334413","58","0","2024","A","N","Connecticut -- Statewide","Private","NAICS 334413 Semiconductor and related device manufacturing","State, NAICS 6-digit -- by ownership sector","All establishment sizes",11,0,0,0,0,0,0,"N",0.36,0,0,0,0,0,0,"N",-6,-35.3,0,0,0,0,0,0,0,0,0,0,0,0
"09000","5","334416","58","0","2024","A","","Connecticut -- Statewide","Private","NAICS 334416 Capacitor, resistor, coil, transformer, and other inductor manufacturing","State, NAICS 6-digit -- by ownership sector","All establishment sizes",14,608,39382554,16218177,262488,1245,64721,"",2.62,3.36,2.59,3.59,3.48,0.77,0.77,"",-1,-6.7,-51,-7.7,486731,1.3,4980988,44.3,16755,6.8,110,9.7,5676,9.6
"09000","5","334417","58","0","2024","A","","Connecticut -- Statewide","Private","NAICS 334417 Electronic connector manufacturing","State, NAICS 6-digit -- by ownership sector","All establishment sizes",7,268,44689909,6221287,113368,3206,166702,"",1.32,1.07,1.54,1.27,1.21,1.44,1.44,"",-2,-22.2,1,0.4,4463353,11.1,2034275,48.6,25281,28.7,303,10.4,15758,10.4
"09000","5","334418","58","0","2024","A","","Connecticut -- Statewide","Private","NAICS 334418 Printed circuit assembly (electronic assembly) manufacturing","State, NAICS 6-digit -- by ownership sector","All establishment sizes",30,1266,90899858,33279887,577386,1381,71787,"",1.96,1.96,1.61,2.20,1.91,0.82,0.82,"",0,0.0,55,4.5,4429391,5.1,12809871,62.6,172716,42.7,8,0.6,402,0.6
"09000","5","334419","58","0","2024","A","","Connecticut -- Statewide","Private","NAICS 334419 Other electronic component manufacturing","State, NAICS 6-digit -- by ownership sector","All establishment sizes",27,632,45247990,16486407,311643,1376,71557,"",1.13,0.92,0.64,1.01,0.92,0.70,0.70,"",1,3.8,-24,-3.7,-640672,-1.4,5638063,52.0,45617,17.1,31,2.3,1614,2.3
"09000","5","3345","56","0","2024","A","","Connecticut -- Statewide","Private","NAICS 3345 Navigational, measuring, electromedical, and control instruments manufacturing","State, NAICS 4-digit -- by ownership sector","All establishment sizes",160,5457,522537423,150152145,2716223,1841,95748,"",1.18,1.23,0.80,1.24,1.43,0.65,0.65,"",-6,-3.6,-155,-2.8,4486707,0.9,50148869,50.1,444644,19.6,66,3.7,3433,3.7
"09000","5","33451","57","0","2024","A","","Connecticut -- Statewide","Private","NAICS 33451 Navigational, measuring, electromedical, and control instruments manufacturing","State, NAICS 5-digit -- by ownership sector","All establishment sizes",160,5457,522537423,150152145,2716223,1841,95748,"",1.18,1.23,0.80,1.24,1.43,0.65,0.65,"",-6,-3.6,-155,-2.8,4486707,0.9,50148869,50.1,444644,19.6,66,3.7,3433,3.7
"09000","5","334510","58","0","2024","A","","Connecticut -- Statewide","Private","NAICS 334510 Electromedical and electrotherapeutic apparatus manufacturing","State, NAICS 6-digit -- by ownership sector","All establishment sizes",14,153,13344797,4499760,90058,1674,87031,"",0.51,0.19,0.11,0.17,0.23,0.56,0.56,"",-1,-6.7,18,13.3,1964246,17.3,1801041,66.7,32767,57.2,52,3.2,2679,3.2
"09000","5","334511","58","0","2024","A","","Connecticut -- Statewide","Private","NAICS 334511 Search, detection, navigation, guidance, aeronautical, and nautical system and instrument manufacturing","State, NAICS 6-digit -- by ownership sector","All establishment sizes",14,671,70659746,19029753,317652,2025,105318,"",0.79,0.50,0.35,0.56,0.73,0.69,0.69,"",-1,-6.7,89,15.3,13266684,23.1,8530146,81.2,98259,44.8,129,6.8,6733,6.8
"09000","5","334512","58","0","2024","A","","Connecticut -- Statewide","Private","NAICS 334512 Automatic environmental control manufacturing for residential, commercial, and appliance use","State, NAICS 6-digit -- by ownership sector","All establishment sizes",3,51,4160504,1351026,38668,1559,81049,"",0.44,0.36,0.29,0.38,0.61,0.79,0.79,"",-2,-40.0,-2,-3.8,-454893,-9.9,495957,58.0,14248,58.3,-118,-7.0,-6171,-7.1
"09000","5","334513","58","0","2024","A","","Connecticut -- Statewide","Private","NAICS 334513 Instruments and related products manufacturing for measuring, displaying, and controlling industrial process variables","State, NAICS 6-digit -- by ownership sector","All establishment sizes",44,1499,125186906,39630792,658215,1606,83528,"",1.63,2.44,1.91,2.31,2.45,0.78,0.78,"",-7,-13.7,-295,-16.4,-19256153,-13.3,6337668,19.0,-47112,-6.7,57,3.7,3002,3.7
"09000","5","334514","58","0","2024","A","","Connecticut -- Statewide","Private","NAICS 334514 Totalizing fluid meter and counting device manufacturing","State, NAICS 6-digit -- by ownership sector","All establishment sizes",7,137,9213884,3498673,55840,1293,67214,"",2.30,1.41,0.90,1.82,1.57,0.64,0.64,"",0,0.0,-8,-5.5,-62191,-0.7,1186392,51.3,10838,24.1,65,5.3,3351,5.2
"09000","5","334515","58","0","2024","A","","Connecticut -- Statewide","Private","NAICS 334515 Instrument manufacturing for measuring and testing electricity and electrical signals","State, NAICS 6-digit -- by ownership sector","All establishment sizes",8,140,12737109,3867885,77184,1744,90709,"",0.50,0.36,0.20,0.31,0.37,0.56,0.56,"",2,33.3,-5,-3.4,675118,5.6,1398581,56.6,18690,32.0,142,8.9,7427,8.9
"09000","5","334516","58","0","2024","A","","Connecticut -- Statewide","Private","NAICS 334516 Analytical laboratory instrument manufacturing","State, NAICS 6-digit -- by ownership sector","All establishment sizes",20,974,95388943,27599867,590676,1884,97969,"",1.27,2.01,1.46,2.37,2.32,0.73,0.73,"",-1,-4.8,79,8.8,8188853,9.4,12167968,78.8,210436,55.3,9,0.5,484,0.5
"09000","5","334517","58","0","2024","A","","Connecticut -- Statewide","Private","NAICS 334517 Irradiation apparatus manufacturing","State, NAICS 6-digit -- by ownership sector","All establishment sizes",9,414,53415121,11763437,196105,2484,129152,"",2.55,2.86,2.60,3.02,3.20,0.91,0.91,"",0,0.0,-32,-7.2,-5816982,-9.8,4401168,59.8,-9154,-4.5,-73,-2.9,-3804,-2.9
"09000","5","334519","58","0","2024","A","","Connecticut -- Statewide","Private","NAICS 334519 Other measuring and controlling device manufacturing","State, NAICS 6-digit -- by ownership sector","All establishment sizes",39,1418,138430413,38910952,691825,1877,97601,"",2.18,3.20,1.57,3.80,3.97,0.49,0.49,"",0,0.0,0,0.0,5982025,4.5,13829948,55.1,115672,20.1,81,4.5,4190,4.5
"09000","5","3346","56","0","2024","A","N","Connecticut -- Statewide","Private","NAICS 3346 Manufacturing and reproducing magnetic and optical media","State, NAICS 4-digit -- by ownership sector","All establishment sizes",4,0,0,0,0,0,0,"N",0.21,0,0,0,0,0,0,"N",-2,-33.3,0,0,0,0,0,0,0,0,0,0,0,0
"09000","5","33461","57","0","2024","A","N","Connecticut -- Statewide","Private","NAICS 33461 Manufacturing and reproducing magnetic and optical media","State, NAICS 5-digit -- by ownership sector","All establishment sizes",4,0,0,0,0,0,0,"N",0.21,0,0,0,0,0,0,"N",-2,-33.3,0,0,0,0,0,0,0,0,0,0,0,0
"09000","5","334610","58","0","2024","A","N","Connecticut -- Statewide","Private","NAICS 334610 Manufacturing and reproducing magnetic and optical media","State, NAICS 6-digit -- by ownership sector","All establishment sizes",4,0,0,0,0,0,0,"N",0.21,0,0,0,0,0,0,"N",-2,-33.3,0,0,0,0,0,0,0,0,0,0,0,0
"09000","5","335","55","0","2024","A","","Connecticut -- Statewide","Private","NAICS 335 Electrical equipment, appliance, and component manufacturing","State, NAICS 3-digit -- by ownership sector","All establishment sizes",149,6668,669043819,184502433,3405835,1930,100338,"",1.14,1.46,1.48,1.61,1.63,1.01,1.01,"",-19,-11.3,-169,-2.5,-6826053,-1.0,64422657,53.6,966824,39.6,29,1.5,1482,1.5
"09000","5","3351","56","0","2024","A","N","Connecticut -- Statewide","Private","NAICS 3351 Electric lighting equipment manufacturing","State, NAICS 4-digit -- by ownership sector","All establishment sizes",27,0,0,0,0,0,0,"N",1.12,0,0,0,0,0,0,"N",-2,-6.9,0,0,0,0,0,0,0,0,0,0,0,0
"09000","5","33513","57","0","2024","A","N","Connecticut -- Statewide","Private","NAICS 33513 Electric lighting equipment manufacturing","State, NAICS 5-digit -- by ownership sector","All establishment sizes",27,0,0,0,0,0,0,"N",1.12,0,0,0,0,0,0,"N",-2,-6.9,0,0,0,0,0,0,0,0,0,0,0,0
"09000","5","335131","58","0","2024","A","N","Connecticut -- Statewide","Private","NAICS 335131 Residential electric lighting fixture manufacturing","State, NAICS 6-digit -- by ownership sector","All establishment sizes",1,0,0,0,0,0,0,"N",0.17,0,0,0,0,0,0,"N",-1,-50.0,0,0,0,0,0,0,0,0,0,0,0,0
"09000","5","335132","58","0","2024","A","","Connecticut -- Statewide","Private","NAICS 335132 Commercial, industrial, and institutional electric lighting fixture manufacturing","State, NAICS 6-digit -- by ownership sector","All establishment sizes",13,402,28141187,11277944,223933,1346,69988,"",1.21,2.05,1.56,2.56,2.23,0.76,0.76,"",0,0.0,-8,-2.0,110572,0.4,3563937,46.2,3404,1.5,30,2.3,1565,2.3
"09000","5","335139","58","0","2024","A","","Connecticut -- Statewide","Private","NAICS 335139 Electric lamp bulb and other lighting equipment manufacturing","State, NAICS 6-digit -- by ownership sector","All establishment sizes",13,339,52260191,9284138,146205,2963,154084,"",1.77,2.75,3.99,3.63,3.11,1.45,1.45,"N",-1,-7.1,0,0,0,0,0,0,0,0,0,0,0,0
"09000","5","3352","56","0","2024","A","N","Connecticut -- Statewide","Private","NAICS 3352 Household appliance manufacturing","State, NAICS 4-digit -- by ownership sector","All establishment sizes",4,0,0,0,0,0,0,"N",0.44,0,0,0,0,0,0,"N",-3,-42.9,0,0,0,0,0,0,0,0,0,0,0,0
"09000","5","33521","57","0","2024","A","N","Connecticut -- Statewide","Private","NAICS 33521 Small electrical appliance manufacturing","State, NAICS 5-digit -- by ownership sector","All establishment sizes",3,0,0,0,0,0,0,"N",0.59,0,0,0,0,0,0,"N",0,0.0,0,0,0,0,0,0,0,0,0,0,0,0
"09000","5","335210","58","0","2024","A","N","Connecticut -- Statewide","Private","NAICS 335210 Small electrical appliance manufacturing","State, NAICS 6-digit -- by ownership sector","All establishment sizes",3,0,0,0,0,0,0,"N",0.59,0,0,0,0,0,0,"N",0,0.0,0,0,0,0,0,0,0,0,0,0,0,0
"09000","5","33522","57","0","2024","A","N","Connecticut -- Statewide","Private","NAICS 33522 Major household appliance manufacturing","State, NAICS 5-digit -- by ownership sector","All establishment sizes",1,0,0,0,0,0,0,"N",0.26,0,0,0,0,0,0,"N",-3,-75.0,0,0,0,0,0,0,0,0,0,0,0,0
"09000","5","335220","58","0","2024","A","N","Connecticut -- Statewide","Private","NAICS 335220 Major household appliance manufacturing","State, NAICS 6-digit -- by ownership sector","All establishment sizes",1,0,0,0,0,0,0,"N",0.26,0,0,0,0,0,0,"N",-3,-75.0,0,0,0,0,0,0,0,0,0,0,0,0
"09000","5","3353","56","0","2024","A","","Connecticut -- Statewide","Private","NAICS 3353 Electrical equipment manufacturing","State, NAICS 4-digit -- by ownership sector","All establishment sizes",45,1696,157181773,47522389,940905,1783,92692,"",1.15,1.00,0.92,1.13,1.60,0.91,0.91,"",-3,-6.2,-44,-2.5,-589139,-0.4,16976858,55.6,301483,47.1,39,2.2,2010,2.2
"09000","5","33531","57","0","2024","A","","Connecticut -- Statewide","Private","NAICS 33531 Electrical equipment manufacturing","State, NAICS 5-digit -- by ownership sector","All establishment sizes",45,1696,157181773,47522389,940905,1783,92692,"",1.15,1.00,0.92,1.13,1.60,0.91,0.91,"",-3,-6.2,-44,-2.5,-589139,-0.4,16976858,55.6,301483,47.1,39,2.2,2010,2.2
"09000","5","335311","58","0","2024","A","N","Connecticut -- Statewide","Private","NAICS 335311 Power, distribution, and specialty transformer manufacturing","State, NAICS 6-digit -- by ownership sector","All establishment sizes",2,0,0,0,0,0,0,"N",0.25,0,0,0,0,0,0,"N",0,0.0,0,0,0,0,0,0,0,0,0,0,0,0
"09000","5","335312","58","0","2024","A","N","Connecticut -- Statewide","Private","NAICS 335312 Motor and generator manufacturing","State, NAICS 6-digit -- by ownership sector","All establishment sizes",12,0,0,0,0,0,0,"N",1.22,0,0,0,0,0,0,"N",-1,-7.7,0,0,0,0,0,0,0,0,0,0,0,0
"09000","5","335313","58","0","2024","A","","Connecticut -- Statewide","Private","NAICS 335313 Switchgear and switchboard apparatus manufacturing","State, NAICS 6-digit -- by ownership sector","All establishment sizes",13,525,56823993,14528806,226664,2080,108185,"",1.32,1.09,1.14,1.39,1.52,1.04,1.04,"",0,0.0,6,1.2,4640561,8.9,5620939,63.1,56660,33.3,145,7.5,7558,7.5
"09000","5","335314","58","0","2024","A","","Connecticut -- Statewide","Private","NAICS 335314 Relay and industrial control manufacturing","State, NAICS 6-digit -- by ownership sector","All establishment sizes",18,785,59632040,21838869,512276,1461,75981,"",1.58,1.71,1.17,1.64,3.00,0.69,0.69,"",-2,-10.0,-25,-3.1,-3319187,-5.3,7970465,57.5,189259,58.6,-34,-2.3,-1785,-2.3
"09000","5","3359","56","0","2024","A","","Connecticut -- Statewide","Private","NAICS 3359 Other electrical equipment and component manufacturing","State, NAICS 4-digit -- by ownership sector","All establishment sizes",73,3771,356955971,104196010,1830048,1821,94669,"",1.24,2.06,1.87,2.08,1.84,0.91,0.91,"",-12,-14.1,-76,-2.0,-2349990,-0.7,36765735,54.5,512490,38.9,25,1.4,1276,1.4
"09000","5","33591","57","0","2024","A","N","Connecticut -- Statewide","Private","NAICS 33591 Battery manufacturing","State, NAICS 5-digit -- by ownership sector","All establishment sizes",3,0,0,0,0,0,0,"N",0.27,0,0,0,0,0,0,"N",-2,-40.0,0,0,0,0,0,0,0,0,0,0,0,0
"09000","5","335910","58","0","2024","A","N","Connecticut -- Statewide","Private","NAICS 335910 Battery manufacturing","State, NAICS 6-digit -- by ownership sector","All establishment sizes",3,0,0,0,0,0,0,"N",0.27,0,0,0,0,0,0,"N",-2,-40.0,0,0,0,0,0,0,0,0,0,0,0,0
"09000","5","33592","57","0","2024","A","","Connecticut -- Statewide","Private","NAICS 33592 Communication and energy wire and cable manufacturing","State, NAICS 5-digit -- by ownership sector","All establishment sizes",23,1336,105021439,36227033,598045,1512,78609,"",3.12,4.92,4.08,4.65,4.56,0.83,0.83,"",-1,-4.2,0,0.0,-3690229,-3.4,13080339,56.5,100846,20.3,-53,-3.4,-2747,-3.4
"09000","5","335921","58","0","2024","A","","Connecticut -- Statewide","Private","NAICS 335921 Fiber optic cable manufacturing","State, NAICS 6-digit -- by ownership sector","All establishment sizes",8,635,50007695,17066871,225762,1514,78742,"",2.25,4.87,3.92,4.26,4.41,0.81,0.81,"",-1,-11.1,16,2.6,-3208391,-6.0,6495382,61.4,35738,18.8,-140,-8.5,-7252,-8.4
"09000","5","335929","58","0","2024","A","","Connecticut -- Statewide","Private","NAICS 335929 Other communication and energy wire manufacturing","State, NAICS 6-digit -- by ownership sector","All establishment sizes",15,701,55013744,19160162,372283,1509,78488,"",3.94,4.98,4.24,5.06,4.65,0.85,0.85,"",0,0.0,-16,-2.2,-481838,-0.9,6584957,52.4,65108,21.2,21,1.4,1133,1.5
"09000","5","33593","57","0","2024","A","","Connecticut -- Statewide","Private","NAICS 33593 Wiring device manufacturing","State, NAICS 5-digit -- by ownership sector","All establishment sizes",14,1373,126844411,37462990,640016,1777,92402,"",1.45,3.12,2.88,3.74,3.57,0.92,0.92,"",-4,-22.2,11,0.8,6998746,5.8,13654398,57.4,205814,47.4,84,5.0,4383,5.0
"09000","5","335931","58","0","2024","A","N","Connecticut -- Statewide","Private","NAICS 335931 Current-carrying wiring device manufacturing","State, NAICS 6-digit -- by ownership sector","All establishment sizes",12,0,0,0,0,0,0,"N",1.70,0,0,0,0,0,0,"N",-3,-20.0,0,0,0,0,0,0,0,0,0,0,0,0
"09000","5","335932","58","0","2024","A","N","Connecticut -- Statewide","Private","NAICS 335932 Noncurrent-carrying wiring device manufacturing","State, NAICS 6-digit -- by ownership sector","All establishment sizes",2,0,0,0,0,0,0,"N",0.77,0,0,0,0,0,0,"N",-1,-33.3,0,0,0,0,0,0,0,0,0,0,0,0
"09000","5","33599","57","0","2024","A","N","Connecticut -- Statewide","Private","NAICS 33599 All other electrical equipment and component manufacturing","State, NAICS 5-digit -- by ownership sector","All establishment sizes",32,0,0,0,0,0,0,"N",1.04,0,0,0,0,0,0,"N",-6,-15.8,0,0,0,0,0,0,0,0,0,0,0,0
"09000","5","335991","58","0","2024","A","N","Connecticut -- Statewide","Private","NAICS 335991 Carbon and graphite product manufacturing","State, NAICS 6-digit -- by ownership sector","All establishment sizes",2,0,0,0,0,0,0,"N",0.60,0,0,0,0,0,0,"N",-1,-33.3,0,0,0,0,0,0,0,0,0,0,0,0
"09000","5","335999","58","0","2024","A","","Connecticut -- Statewide","Private","NAICS 335999 All other miscellaneous electrical equipment and component manufacturing","State, NAICS 6-digit -- by ownership sector","All establishment sizes",30,950,116317974,27599247,546380,2355,122483,"",1.10,2.35,2.58,2.74,2.77,1.10,1.10,"",-5,-14.3,-88,-8.5,-5376928,-4.4,9035359,48.7,207691,61.3,100,4.4,5234,4.5
"09000","5","336","55","0","2024","A","","Connecticut -- Statewide","Private","NAICS 336 Transportation equipment manufacturing","State, NAICS 3-digit -- by ownership sector","All establishment sizes",231,47266,6013160541,1307457909,18811744,2447,127221,"",1.00,2.46,2.90,2.82,1.92,1.18,1.18,"",-8,-3.3,745,1.6,403996442,7.2,506660191,63.3,3513232,23.0,128,5.5,6649,5.5
"09000","5","3361","56","0","2024","A","N","Connecticut -- Statewide","Private","NAICS 3361 Motor vehicle manufacturing","State, NAICS 4-digit -- by ownership sector","All establishment sizes",5,0,0,0,0,0,0,"N",0.44,0,0,0,0,0,0,"N",1,25.0,0,0,0,0,0,0,0,0,0,0,0,0
"09000","5","33611","57","0","2024","A","N","Connecticut -- Statewide","Private","NAICS 33611 Automobile and light duty motor vehicle manufacturing","State, NAICS 5-digit -- by ownership sector","All establishment sizes",2,0,0,0,0,0,0,"N",0.26,0,0,0,0,0,0,"N",1,100.0,0,0,0,0,0,0,0,0,0,0,0,0
"09000","5","336110","58","0","2024","A","N","Connecticut -- Statewide","Private","NAICS 336110 Automobile and light duty motor vehicle manufacturing","State, NAICS 6-digit -- by ownership sector","All establishment sizes",2,0,0,0,0,0,0,"N",0.26,0,0,0,0,0,0,"N",1,100.0,0,0,0,0,0,0,0,0,0,0,0,0
"09000","5","33612","57","0","2024","A","N","Connecticut -- Statewide","Private","NAICS 33612 Heavy duty truck manufacturing","State, NAICS 5-digit -- by ownership sector","All establishment sizes",3,0,0,0,0,0,0,"N",0.82,0,0,0,0,0,0,"N",0,0.0,0,0,0,0,0,0,0,0,0,0,0,0
"09000","5","336120","58","0","2024","A","N","Connecticut -- Statewide","Private","NAICS 336120 Heavy duty truck manufacturing","State, NAICS 6-digit -- by ownership sector","All establishment sizes",3,0,0,0,0,0,0,"N",0.82,0,0,0,0,0,0,"N",0,0.0,0,0,0,0,0,0,0,0,0,0,0,0
"09000","5","3362","56","0","2024","A","","Connecticut -- Statewide","Private","NAICS 3362 Motor vehicle body and trailer manufacturing","State, NAICS 4-digit -- by ownership sector","All establishment sizes",6,28,1791463,764794,16199,1216,63228,"",0.18,0.02,0.01,0.02,0.02,0.83,0.83,"",0,0.0,0,0.0,288625,19.2,332272,76.8,8682,115.5,171,16.4,8909,16.4
"09000","5","33621","57","0","2024","A","","Connecticut -- Statewide","Private","NAICS 33621 Motor vehicle body and trailer manufacturing","State, NAICS 5-digit -- by ownership sector","All establishment sizes",6,28,1791463,764794,16199,1216,63228,"",0.18,0.02,0.01,0.02,0.02,0.83,0.83,"",0,0.0,0,0.0,288625,19.2,332272,76.8,8682,115.5,171,16.4,8909,16.4
"09000","5","336211","58","0","2024","A","N","Connecticut -- Statewide","Private","NAICS 336211 Motor vehicle body manufacturing","State, NAICS 6-digit -- by ownership sector","All establishment sizes",4,0,0,0,0,0,0,"N",0.34,0,0,0,0,0,0,"N",-1,-20.0,0,0,0,0,0,0,0,0,0,0,0,0
"09000","5","336213","58","0","2024","A","N","Connecticut -- Statewide","Private","NAICS 336213 Motor home manufacturing","State, NAICS 6-digit -- by ownership sector","All establishment sizes",1,0,0,0,0,0,0,"N",0.98,0,0,0,0,0,0,"N",0,0.0,0,0,0,0,0,0,0,0,0,0,0,0
"09000","5","3363","56","0","2024","A","","Connecticut -- Statewide","Private","NAICS 3363 Motor vehicle parts manufacturing","State, NAICS 4-digit -- by ownership sector","All establishment sizes",48,2744,223292162,74614572,1424544,1565,81362,"",0.61,0.46,0.45,0.64,0.46,0.97,0.97,"",-5,-9.4,-42,-1.5,8281244,3.9,22687376,43.7,408291,40.2,81,5.5,4175,5.4
"09000","5","33631","57","0","2024","A","","Connecticut -- Statewide","Private","NAICS 33631 Motor vehicle gasoline engine and engine parts manufacturing","State, NAICS 5-digit -- by ownership sector","All establishment sizes",15,213,15269022,5784006,92513,1378,71658,"",1.31,0.35,0.27,0.53,0.35,0.76,0.76,"",-3,-16.7,-24,-10.1,-2094730,-12.1,1464802,33.9,9245,11.1,-30,-2.1,-1581,-2.2
"09000","5","336310","58","0","2024","A","","Connecticut -- Statewide","Private","NAICS 336310 Motor vehicle gasoline engine and engine parts manufacturing","State, NAICS 6-digit -- by ownership sector","All establishment sizes",15,213,15269022,5784006,92513,1378,71658,"",1.31,0.35,0.27,0.53,0.35,0.76,0.76,"",-3,-16.7,-24,-10.1,-2094730,-12.1,1464802,33.9,9245,11.1,-30,-2.1,-1581,-2.2
"09000","5","33632","57","0","2024","A","N","Connecticut -- Statewide","Private","NAICS 33632 Motor vehicle electrical and electronic equipment manufacturing","State, NAICS 5-digit -- by ownership sector","All establishment sizes",6,0,0,0,0,0,0,"N",0.46,0,0,0,0,0,0,"N",0,0.0,0,0,0,0,0,0,0,0,0,0,0,0
"09000","5","336320","58","0","2024","A","N","Connecticut -- Statewide","Private","NAICS 336320 Motor vehicle electrical and electronic equipment manufacturing","State, NAICS 6-digit -- by ownership sector","All establishment sizes",6,0,0,0,0,0,0,"N",0.46,0,0,0,0,0,0,"N",0,0.0,0,0,0,0,0,0,0,0,0,0,0,0
"09000","5","33633","57","0","2024","A","N","Connecticut -- Statewide","Private","NAICS 33633 Motor vehicle steering and suspension components (except spring) manufacturing","State, NAICS 5-digit -- by ownership sector","All establishment sizes",2,0,0,0,0,0,0,"N",0.48,0,0,0,0,0,0,"N",0,0.0,0,0,0,0,0,0,0,0,0,0,0,0
"09000","5","336330","58","0","2024","A","N","Connecticut -- Statewide","Private","NAICS 336330 Motor vehicle steering and suspension components (except spring) manufacturing","State, NAICS 6-digit -- by ownership sector","All establishment sizes",2,0,0,0,0,0,0,"N",0.48,0,0,0,0,0,0,"N",0,0.0,0,0,0,0,0,0,0,0,0,0,0,0
"09000","5","33634","57","0","2024","A","N","Connecticut -- Statewide","Private","NAICS 33634 Motor vehicle brake system manufacturing","State, NAICS 5-digit -- by ownership sector","All establishment sizes",2,0,0,0,0,0,0,"N",0.70,0,0,0,0,0,0,"N",0,0.0,0,0,0,0,0,0,0,0,0,0,0,0
"09000","5","336340","58","0","2024","A","N","Connecticut -- Statewide","Private","NAICS 336340 Motor vehicle brake system manufacturing","State, NAICS 6-digit -- by ownership sector","All establishment sizes",2,0,0,0,0,0,0,"N",0.70,0,0,0,0,0,0,"N",0,0.0,0,0,0,0,0,0,0,0,0,0,0,0
"09000","5","33635","57","0","2024","A","","Connecticut -- Statewide","Private","NAICS 33635 Motor vehicle transmission and power train parts manufacturing","State, NAICS 5-digit -- by ownership sector","All establishment sizes",5,168,11650193,4521991,49744,1334,69381,"",0.64,0.20,0.14,0.27,0.10,0.70,0.70,"",-1,-16.7,-7,-4.0,364283,3.2,1617049,55.7,196,0.4,91,7.3,4767,7.4
"09000","5","336350","58","0","2024","A","","Connecticut -- Statewide","Private","NAICS 336350 Motor vehicle transmission and power train parts manufacturing","State, NAICS 6-digit -- by ownership sector","All establishment sizes",5,168,11650193,4521991,49744,1334,69381,"",0.64,0.20,0.14,0.27,0.10,0.70,0.70,"",-1,-16.7,-7,-4.0,364283,3.2,1617049,55.7,196,0.4,91,7.3,4767,7.4
"09000","5","33636","57","0","2024","A","N","Connecticut -- Statewide","Private","NAICS 33636 Motor vehicle seating and interior trim manufacturing","State, NAICS 5-digit -- by ownership sector","All establishment sizes",2,0,0,0,0,0,0,"N",0.25,0,0,0,0,0,0,"N",0,0.0,0,0,0,0,0,0,0,0,0,0,0,0
"09000","5","336360","58","0","2024","A","N","Connecticut -- Statewide","Private","NAICS 336360 Motor vehicle seating and interior trim manufacturing","State, NAICS 6-digit -- by ownership sector","All establishment sizes",2,0,0,0,0,0,0,"N",0.25,0,0,0,0,0,0,"N",0,0.0,0,0,0,0,0,0,0,0,0,0,0,0
"09000","5","33637","57","0","2024","A","N","Connecticut -- Statewide","Private","NAICS 33637 Motor vehicle metal stamping","State, NAICS 5-digit -- by ownership sector","All establishment sizes",1,0,0,0,0,0,0,"N",0.14,0,0,0,0,0,0,"N",0,0.0,0,0,0,0,0,0,0,0,0,0,0,0
"09000","5","336370","58","0","2024","A","N","Connecticut -- Statewide","Private","NAICS 336370 Motor vehicle metal stamping","State, NAICS 6-digit -- by ownership sector","All establishment sizes",1,0,0,0,0,0,0,"N",0.14,0,0,0,0,0,0,"N",0,0.0,0,0,0,0,0,0,0,0,0,0,0,0
"09000","5","33639","57","0","2024","A","","Connecticut -- Statewide","Private","NAICS 33639 Other motor vehicle parts manufacturing","State, NAICS 5-digit -- by ownership sector","All establishment sizes",14,1012,84457783,27782296,651906,1604,83422,"",0.56,0.62,0.66,0.77,0.77,1.07,1.07,"",-2,-12.5,-30,-2.9,3170201,3.9,5688388,25.7,227691,53.7,104,6.9,5430,7.0
"09000","5","336390","58","0","2024","A","","Connecticut -- Statewide","Private","NAICS 336390 Other motor vehicle parts manufacturing","State, NAICS 6-digit -- by ownership sector","All establishment sizes",14,1012,84457783,27782296,651906,1604,83422,"",0.56,0.62,0.66,0.77,0.77,1.07,1.07,"",-2,-12.5,-30,-2.9,3170201,3.9,5688388,25.7,227691,53.7,104,6.9,5430,7.0
"09000","5","3364","56","0","2024","A","","Connecticut -- Statewide","Private","NAICS 3364 Aerospace product and parts manufacturing","State, NAICS 4-digit -- by ownership sector","All establishment sizes",144,28937,4149627154,804641514,12116619,2758,143400,"",2.54,4.75,4.78,4.07,4.17,1.01,1.01,"",-4,-2.7,-656,-2.2,207665876,5.3,300695186,59.7,2164090,21.7,196,7.7,10193,7.7
"09000","5","33641","57","0","2024","A","","Connecticut -- Statewide","Private","NAICS 33641 Aerospace product and parts manufacturing","State, NAICS 5-digit -- by ownership sector","All establishment sizes",144,28937,4149627154,804641514,12116619,2758,143400,"",2.54,4.75,4.78,4.07,4.17,1.01,1.01,"",-4,-2.7,-656,-2.2,207665876,5.3,300695186,59.7,2164090,21.7,196,7.7,10193,7.7
"09000","5","336411","58","0","2024","A","N","Connecticut -- Statewide","Private","NAICS 336411 Aircraft manufacturing","State, NAICS 6-digit -- by ownership sector","All establishment sizes",8,0,0,0,0,0,0,"N",0.50,0,0,0,0,0,0,"N",-1,-11.1,0,0,0,0,0,0,0,0,0,0,0,0
"09000","5","336412","58","0","2024","A","","Connecticut -- Statewide","Private","NAICS 336412 Aircraft engine and engine parts manufacturing","State, NAICS 6-digit -- by ownership sector","All establishment sizes",70,15947,2338778839,438606808,6742179,2820,146657,"",5.90,16.08,16.74,18.73,19.35,1.04,1.04,"",-2,-2.8,94,0.6,209969639,9.9,169133214,62.8,1369574,25.5,238,9.2,12374,9.2
"09000","5","336413","58","0","2024","A","N","Connecticut -- Statewide","Private","NAICS 336413 Other aircraft parts and auxiliary equipment manufacturing","State, NAICS 6-digit -- by ownership sector","All establishment sizes",67,0,0,0,0,0,0,"N",2.86,0,0,0,0,0,0,"N",-1,-1.5,0,0,0,0,0,0,0,0,0,0,0,0
"09000","5","3366","56","0","2024","A","N","Connecticut -- Statewide","Private","NAICS 3366 Ship and boat building","State, NAICS 4-digit -- by ownership sector","All establishment sizes",20,0,0,0,0,0,0,"N",0.72,0,0,0,0,0,0,"N",-1,-4.8,0,0,0,0,0,0,0,0,0,0,0,0
"09000","5","33661","57","0","2024","A","N","Connecticut -- Statewide","Private","NAICS 33661 Ship and boat building","State, NAICS 5-digit -- by ownership sector","All establishment sizes",20,0,0,0,0,0,0,"N",0.72,0,0,0,0,0,0,"N",-1,-4.8,0,0,0,0,0,0,0,0,0,0,0,0
"09000","5","336611","58","0","2024","A","N","Connecticut -- Statewide","Private","NAICS 336611 Ship building and repairing","State, NAICS 6-digit -- by ownership sector","All establishment sizes",12,0,0,0,0,0,0,"N",0.89,0,0,0,0,0,0,"N",2,20.0,0,0,0,0,0,0,0,0,0,0,0,0
"09000","5","336612","58","0","2024","A","","Connecticut -- Statewide","Private","NAICS 336612 Boat building","State, NAICS 6-digit -- by ownership sector","All establishment sizes",9,71,4605903,2008088,44085,1246,64796,"",0.63,0.15,0.14,0.17,0.24,0.91,0.91,"",-3,-25.0,0,0.0,440639,10.6,630904,45.8,18651,73.3,110,9.7,5714,9.7
"09000","5","3369","56","0","2024","A","","Connecticut -- Statewide","Private","NAICS 3369 Other transportation equipment manufacturing","State, NAICS 4-digit -- by ownership sector","All establishment sizes",8,29,1431154,751246,17410,960,49924,"",0.44,0.07,0.04,0.08,0.07,0.58,0.58,"",1,14.3,3,11.5,155955,12.2,272332,56.9,3744,27.4,17,1.8,878,1.8
"09000","5","33699","57","0","2024","A","","Connecticut -- Statewide","Private","NAICS 33699 Other transportation equipment manufacturing","State, NAICS 5-digit -- by ownership sector","All establishment sizes",8,29,1431154,751246,17410,960,49924,"",0.44,0.07,0.04,0.08,0.07,0.58,0.58,"",1,14.3,3,11.5,155955,12.2,272332,56.9,3744,27.4,17,1.8,878,1.8
"09000","5","336991","58","0","2024","A","N","Connecticut -- Statewide","Private","NAICS 336991 Motorcycle, bicycle, and parts manufacturing","State, NAICS 6-digit -- by ownership sector","All establishment sizes",5,0,0,0,0,0,0,"N",0.69,0,0,0,0,0,0,"N",0,0.0,0,0,0,0,0,0,0,0,0,0,0,0
"09000","5","336999","58","0","2024","A","N","Connecticut -- Statewide","Private","NAICS 336999 All other transportation equipment manufacturing","State, NAICS 6-digit -- by ownership sector","All establishment sizes",3,0,0,0,0,0,0,"N",0.32,0,0,0,0,0,0,"N",1,50.0,0,0,0,0,0,0,0,0,0,0,0,0
"09000","5","337","55","0","2024","A","","Connecticut -- Statewide","Private","NAICS 337 Furniture and related product manufacturing","State, NAICS 3-digit -- by ownership sector","All establishment sizes",228,2363,156967290,65061407,1344334,1277,66425,"",1.02,0.63,0.61,0.68,0.85,0.97,0.97,"",-6,-2.6,-174,-6.9,-2619652,-1.6,18683082,40.3,122390,10.0,68,5.6,3532,5.6
"09000","5","3371","56","0","2024","A","","Connecticut -- Statewide","Private","NAICS 3371 Household and institutional furniture and kitchen cabinet manufacturing","State, NAICS 4-digit -- by ownership sector","All establishment sizes",136,1054,63337284,29033304,578638,1156,60088,"",0.87,0.44,0.42,0.47,0.65,0.95,0.95,"",-8,-5.6,-62,-5.6,-1560513,-2.4,8617375,42.2,96222,19.9,38,3.4,1932,3.3
"09000","5","33711","57","0","2024","A","","Connecticut -- Statewide","Private","NAICS 33711 Wood kitchen cabinet and countertop manufacturing","State, NAICS 5-digit -- by ownership sector","All establishment sizes",92,737,43671972,20609579,451122,1139,59223,"",0.94,0.59,0.54,0.62,0.87,0.92,0.92,"",-9,-8.9,-33,-4.3,-293485,-0.7,7038473,51.9,100498,28.7,40,3.6,2100,3.7
"09000","5","337110","58","0","2024","A","","Connecticut -- Statewide","Private","NAICS 337110 Wood kitchen cabinet and countertop manufacturing","State, NAICS 6-digit -- by ownership sector","All establishment sizes",92,737,43671972,20609579,451122,1139,59223,"",0.94,0.59,0.54,0.62,0.87,0.92,0.92,"",-9,-8.9,-33,-4.3,-293485,-0.7,7038473,51.9,100498,28.7,40,3.6,2100,3.7
"09000","5","33712","57","0","2024","A","","Connecticut -- Statewide","Private","NAICS 33712 Household and institutional furniture manufacturing","State, NAICS 5-digit -- by ownership sector","All establishment sizes",44,317,19665312,8423725,127516,1194,62101,"",0.76,0.28,0.28,0.30,0.34,0.99,0.99,"",1,2.3,-29,-8.4,-1267028,-6.1,1578902,23.1,-4276,-3.2,31,2.7,1647,2.7
"09000","5","337121","58","0","2024","A","","Connecticut -- Statewide","Private","NAICS 337121 Upholstered household furniture manufacturing","State, NAICS 6-digit -- by ownership sector","All establishment sizes",6,15,984552,395782,4705,1248,64916,"",0.56,0.03,0.04,0.03,0.04,1.15,1.15,"",0,0.0,-3,-16.7,-54904,-5.3,107148,37.1,-1190,-20.2,143,12.9,7435,12.9
"09000","5","337122","58","0","2024","A","","Connecticut -- Statewide","Private","NAICS 337122 Nonupholstered wood household furniture manufacturing","State, NAICS 6-digit -- by ownership sector","All establishment sizes",28,102,5483513,2623909,29625,1035,53804,"",0.92,0.37,0.33,0.41,0.27,0.90,0.90,"",-1,-3.4,-31,-23.3,-1665226,-23.3,158405,6.4,-15642,-34.6,2,0.2,88,0.2
"09000","5","337126","58","0","2024","A","","Connecticut -- Statewide","Private","NAICS 337126 Household furniture (except wood and upholstered) manufacturing","State, NAICS 6-digit -- by ownership sector","All establishment sizes",6,144,10276318,3947293,65494,1374,71446,"",0.79,1.42,1.42,1.94,1.71,1.00,1.00,"",1,20.0,4,2.9,524005,5.4,806432,25.7,6247,10.5,31,2.3,1620,2.3
"09000","5","337127","58","0","2024","A","","Connecticut -- Statewide","Private","NAICS 337127 Institutional furniture manufacturing","State, NAICS 6-digit -- by ownership sector","All establishment sizes",4,56,2920929,1456741,27692,1008,52393,"",0.44,0.22,0.16,0.24,0.27,0.70,0.70,"",0,0.0,1,1.8,-70903,-2.4,506917,53.4,6309,29.5,-30,-2.9,-1595,-3.0
"09000","5","3372","56","0","2024","A","","Connecticut -- Statewide","Private","NAICS 3372 Office furniture (including fixtures) manufacturing","State, NAICS 4-digit -- by ownership sector","All establishment sizes",78,878,69241918,24410518,583334,1517,78863,"",1.42,0.83,0.81,0.93,1.06,0.98,0.98,"",-1,-1.3,-1,-0.1,3011733,4.5,8069091,49.4,114223,24.3,67,4.6,3473,4.6
"09000","5","33721","57","0","2024","A","","Connecticut -- Statewide","Private","NAICS 33721 Office furniture (including fixtures) manufacturing","State, NAICS 5-digit -- by ownership sector","All establishment sizes",78,878,69241918,24410518,583334,1517,78863,"",1.42,0.83,0.81,0.93,1.06,0.98,0.98,"",-1,-1.3,-1,-0.1,3011733,4.5,8069091,49.4,114223,24.3,67,4.6,3473,4.6
"09000","5","337211","58","0","2024","A","","Connecticut -- Statewide","Private","NAICS 337211 Wood office furniture manufacturing","State, NAICS 6-digit -- by ownership sector","All establishment sizes",6,142,16486717,3751436,77145,2237,116308,"",0.88,0.89,1.36,0.95,1.02,1.53,1.53,"",1,20.0,9,6.8,1189389,7.8,1530254,68.9,23363,43.4,29,1.3,1506,1.3
"09000","5","337212","58","0","2024","A","","Connecticut -- Statewide","Private","NAICS 337212 Custom architectural woodwork and millwork manufacturing","State, NAICS 6-digit -- by ownership sector","All establishment sizes",60,646,46322482,18219908,459034,1379,71697,"",2.31,2.20,1.99,2.34,2.58,0.91,0.91,"",-3,-4.8,-4,-0.6,1782403,4.0,5804806,46.8,84799,22.7,62,4.7,3218,4.7
"09000","5","337214","58","0","2024","A","","Connecticut -- Statewide","Private","NAICS 337214 Office furniture (except wood) manufacturing","State, NAICS 6-digit -- by ownership sector","All establishment sizes",5,22,1209494,624139,14467,1082,56256,"",0.87,0.11,0.06,0.13,0.14,0.59,0.59,"",2,66.7,2,10.0,176617,17.1,240447,62.7,6871,90.5,81,8.1,4178,8.0
"09000","5","337215","58","0","2024","A","","Connecticut -- Statewide","Private","NAICS 337215 Showcase, partition, shelving, and locker manufacturing","State, NAICS 6-digit -- by ownership sector","All establishment sizes",7,69,5223225,1815035,32688,1463,76066,"",0.43,0.17,0.17,0.19,0.17,1.01,1.01,"",-1,-12.5,-6,-8.0,-136676,-2.5,493584,37.4,-810,-2.4,89,6.5,4601,6.4
"09000","5","3379","56","0","2024","A","","Connecticut -- Statewide","Private","NAICS 3379 Other furniture related product manufacturing","State, NAICS 4-digit -- by ownership sector","All establishment sizes",14,431,24388088,11617585,182362,1088,56585,"",1.05,1.43,1.19,1.56,1.42,0.83,0.83,"",3,27.3,-112,-20.6,-4070872,-14.3,1996616,20.8,-88055,-32.6,80,7.9,4174,8.0
"09000","5","33791","57","0","2024","A","N","Connecticut -- Statewide","Private","NAICS 33791 Mattress manufacturing","State, NAICS 5-digit -- by ownership sector","All establishment sizes",9,0,0,0,0,0,0,"N",1.23,0,0,0,0,0,0,"N",1,12.5,0,0,0,0,0,0,0,0,0,0,0,0
"09000","5","337910","58","0","2024","A","N","Connecticut -- Statewide","Private","NAICS 337910 Mattress manufacturing","State, NAICS 6-digit -- by ownership sector","All establishment sizes",9,0,0,0,0,0,0,"N",1.23,0,0,0,0,0,0,"N",1,12.5,0,0,0,0,0,0,0,0,0,0,0,0
"09000","5","33792","57","0","2024","A","N","Connecticut -- Statewide","Private","NAICS 33792 Blind and shade manufacturing","State, NAICS 5-digit -- by ownership sector","All establishment sizes",5,0,0,0,0,0,0,"N",0.83,0,0,0,0,0,0,"N",2,66.7,0,0,0,0,0,0,0,0,0,0,0,0
"09000","5","337920","58","0","2024","A","N","Connecticut -- Statewide","Private","NAICS 337920 Blind and shade manufacturing","State, NAICS 6-digit -- by ownership sector","All establishment sizes",5,0,0,0,0,0,0,"N",0.83,0,0,0,0,0,0,"N",2,66.7,0,0,0,0,0,0,0,0,0,0,0,0
"09000","5","339","55","0","2024","A","","Connecticut -- Statewide","Private","NAICS 339 Miscellaneous manufacturing","State, NAICS 3-digit -- by ownership sector","All establishment sizes",350,8920,740117915,242170463,4159085,1596,82977,"",0.76,1.34,1.17,1.42,1.37,0.87,0.87,"",-32,-8.4,25,0.3,15962971,2.2,90496706,59.7,1114194,36.6,30,1.9,1569,1.9
"09000","5","3391","56","0","2024","A","","Connecticut -- Statewide","Private","NAICS 3391 Medical equipment and supplies manufacturing","State, NAICS 4-digit -- by ownership sector","All establishment sizes",131,6655,589977883,181713807,3041154,1705,88647,"",0.75,1.89,1.56,2.04,2.02,0.82,0.82,"",-7,-5.1,-28,-0.4,7895414,1.4,68722432,60.8,867468,39.9,30,1.8,1545,1.8
"09000","5","33911","57","0","2024","A","","Connecticut -- Statewide","Private","NAICS 33911 Medical equipment and supplies manufacturing","State, NAICS 5-digit -- by ownership sector","All establishment sizes",131,6655,589977883,181713807,3041154,1705,88647,"",0.75,1.89,1.56,2.04,2.02,0.82,0.82,"",-7,-5.1,-28,-0.4,7895414,1.4,68722432,60.8,867468,39.9,30,1.8,1545,1.8
"09000","5","339112","58","0","2024","A","","Connecticut -- Statewide","Private","NAICS 339112 Surgical and medical instrument manufacturing","State, NAICS 6-digit -- by ownership sector","All establishment sizes",41,5170,479366052,141224834,2286579,1783,92730,"",0.79,3.38,2.58,3.46,3.54,0.76,0.76,"",-4,-8.9,-18,-0.3,12962814,2.8,53856440,61.6,677024,42.1,54,3.1,2835,3.2
"09000","5","339113","58","0","2024","A","","Connecticut -- Statewide","Private","NAICS 339113 Surgical appliance and supplies manufacturing","State, NAICS 6-digit -- by ownership sector","All establishment sizes",36,898,72955744,24990408,481122,1563,81288,"",0.83,0.82,0.60,0.92,1.00,0.74,0.74,"",1,2.9,-5,-0.6,-5056590,-6.5,9289871,59.2,109639,29.5,-99,-6.0,-5120,-5.9
"09000","5","339114","58","0","2024","A","","Connecticut -- Statewide","Private","NAICS 339114 Dental equipment and supplies manufacturing","State, NAICS 6-digit -- by ownership sector","All establishment sizes",11,310,22762495,8200303,114671,1411,73368,"",1.00,1.75,1.34,1.50,1.05,0.77,0.76,"",-2,-15.4,-2,-0.6,264908,1.2,3082553,60.2,26447,30.0,26,1.9,1337,1.9
"09000","5","339115","58","0","2024","A","N","Connecticut -- Statewide","Private","NAICS 339115 Ophthalmic goods manufacturing","State, NAICS 6-digit -- by ownership sector","All establishment sizes",2,0,0,0,0,0,0,"N",0.25,0,0,0,0,0,0,"N",-3,-60.0,0,0,0,0,0,0,0,0,0,0,0,0
"09000","5","339116","58","0","2024","A","N","Connecticut -- Statewide","Private","NAICS 339116 Dental laboratories","State, NAICS 6-digit -- by ownership sector","All establishment sizes",41,0,0,0,0,0,0,"N",0.67,0,0,0,0,0,0,"N",0,0.0,0,0,0,0,0,0,0,0,0,0,0,0
"09000","5","3399","56","0","2024","A","","Connecticut -- Statewide","Private","NAICS 3399 Other miscellaneous manufacturing","State, NAICS 4-digit -- by ownership sector","All establishment sizes",220,2264,150140032,60456656,1117931,1275,66309,"",0.77,0.72,0.59,0.75,0.73,0.82,0.82,"",-24,-9.8,51,2.3,8067557,5.7,21774274,56.3,246726,28.3,40,3.2,2100,3.3
"09000","5","33991","57","0","2024","A","","Connecticut -- Statewide","Private","NAICS 33991 Jewelry and silverware manufacturing","State, NAICS 5-digit -- by ownership sector","All establishment sizes",9,40,1886808,1051867,25793,913,47467,"",0.33,0.17,0.11,0.17,0.19,0.65,0.65,"",-4,-30.8,-20,-33.3,-805353,-29.9,48088,4.8,-5832,-18.4,49,5.7,2535,5.6
"09000","5","339910","58","0","2024","A","","Connecticut -- Statewide","Private","NAICS 339910 Jewelry and silverware manufacturing","State, NAICS 6-digit -- by ownership sector","All establishment sizes",9,40,1886808,1051867,25793,913,47467,"",0.33,0.17,0.11,0.17,0.19,0.65,0.65,"",-4,-30.8,-20,-33.3,-805353,-29.9,48088,4.8,-5832,-18.4,49,5.7,2535,5.6
"09000","5","33992","57","0","2024","A","","Connecticut -- Statewide","Private","NAICS 33992 Sporting and athletic goods manufacturing","State, NAICS 5-digit -- by ownership sector","All establishment sizes",16,256,16724242,6961981,123571,1258,65414,"",0.57,0.55,0.42,0.51,0.49,0.77,0.77,"",-3,-15.8,7,2.8,1272041,8.2,2241957,47.5,35998,41.1,65,5.4,3398,5.5
"09000","5","339920","58","0","2024","A","","Connecticut -- Statewide","Private","NAICS 339920 Sporting and athletic goods manufacturing","State, NAICS 6-digit -- by ownership sector","All establishment sizes",16,256,16724242,6961981,123571,1258,65414,"",0.57,0.55,0.42,0.51,0.49,0.77,0.77,"",-3,-15.8,7,2.8,1272041,8.2,2241957,47.5,35998,41.1,65,5.4,3398,5.5
"09000","5","33993","57","0","2024","A","","Connecticut -- Statewide","Private","NAICS 33993 Doll, toy, and game manufacturing","State, NAICS 5-digit -- by ownership sector","All establishment sizes",11,26,1079220,655203,9532,796,41376,"",0.97,0.22,0.07,0.15,0.13,0.33,0.33,"",-3,-21.4,-2,-7.1,-592233,-35.4,177811,37.2,319,3.5,-359,-31.1,-18676,-31.1
"09000","5","339930","58","0","2024","A","","Connecticut -- Statewide","Private","NAICS 339930 Doll, toy, and game manufacturing","State, NAICS 6-digit -- by ownership sector","All establishment sizes",11,26,1079220,655203,9532,796,41376,"",0.97,0.22,0.07,0.15,0.13,0.33,0.33,"",-3,-21.4,-2,-7.1,-592233,-35.4,177811,37.2,319,3.5,-359,-31.1,-18676,-31.1
"09000","5","33994","57","0","2024","A","","Connecticut -- Statewide","Private","NAICS 33994 Office supplies (except paper) manufacturing","State, NAICS 5-digit -- by ownership sector","All establishment sizes",5,13,851516,345963,4506,1260,65501,"",0.82,0.12,0.11,0.18,0.12,0.86,0.86,"",-2,-28.6,-14,-51.9,-832567,-49.4,-132303,-27.7,-5744,-56.0,61,5.1,3128,5.0
"09000","5","339940","58","0","2024","A","","Connecticut -- Statewide","Private","NAICS 339940 Office supplies (except paper) manufacturing","State, NAICS 6-digit -- by ownership sector","All establishment sizes",5,13,851516,345963,4506,1260,65501,"",0.82,0.12,0.11,0.18,0.12,0.86,0.86,"",-2,-28.6,-14,-51.9,-832567,-49.4,-132303,-27.7,-5744,-56.0,61,5.1,3128,5.0
"09000","5","33995","57","0","2024","A","","Connecticut -- Statewide","Private","NAICS 33995 Sign manufacturing","State, NAICS 5-digit -- by ownership sector","All establishment sizes",90,676,47730491,17629013,333564,1358,70625,"",0.96,0.81,0.78,0.85,0.95,0.96,0.96,"",7,8.4,-20,-2.9,2220363,4.9,6420408,57.3,52499,18.7,101,8.0,5260,8.0
"09000","5","339950","58","0","2024","A","","Connecticut -- Statewide","Private","NAICS 339950 Sign manufacturing","State, NAICS 6-digit -- by ownership sector","All establishment sizes",90,676,47730491,17629013,333564,1358,70625,"",0.96,0.81,0.78,0.85,0.95,0.96,0.96,"",7,8.4,-20,-2.9,2220363,4.9,6420408,57.3,52499,18.7,101,8.0,5260,8.0
"09000","5","33999","57","0","2024","A","","Connecticut -- Statewide","Private","NAICS 33999 All other miscellaneous manufacturing","State, NAICS 5-digit -- by ownership sector","All establishment sizes",88,1254,81867755,33812629,620965,1256,65290,"",0.74,0.90,0.71,0.98,0.92,0.79,0.79,"",-20,-18.5,101,8.8,6805306,9.1,13018313,62.6,169486,37.5,3,0.2,160,0.2
"09000","5","339991","58","0","2024","A","","Connecticut -- Statewide","Private","NAICS 339991 Gasket, packing, and sealing device manufacturing","State, NAICS 6-digit -- by ownership sector","All establishment sizes",9,259,19012478,6349055,114565,1414,73526,"",0.92,0.84,0.72,0.99,0.90,0.85,0.85,"",0,0.0,21,8.8,1513453,8.6,2658695,72.0,26416,30.0,0,0.0,1,0.0
"09000","5","339992","58","0","2024","A","N","Connecticut -- Statewide","Private","NAICS 339992 Musical instrument manufacturing","State, NAICS 6-digit -- by ownership sector","All establishment sizes",7,0,0,0,0,0,0,"N",0.77,0,0,0,0,0,0,"N",1,16.7,0,0,0,0,0,0,0,0,0,0,0,0
"09000","5","339993","58","0","2024","A","","Connecticut -- Statewide","Private","NAICS 339993 Fastener, button, needle, and pin manufacturing","State, NAICS 6-digit -- by ownership sector","All establishment sizes",8,158,8406182,4217937,81873,1022,53120,"",3.46,2.92,1.97,3.31,4.22,0.67,0.67,"",-1,-11.1,-14,-8.1,-1509415,-15.2,1179454,38.8,19980,32.3,-87,-7.8,-4557,-7.9
"09000","5","339995","58","0","2024","A","N","Connecticut -- Statewide","Private","NAICS 339995 Burial casket manufacturing","State, NAICS 6-digit -- by ownership sector","All establishment sizes",1,0,0,0,0,0,0,"N",0.74,0,0,0,0,0,0,"N",0,0.0,0,0,0,0,0,0,0,0,0,0,0,0
"09000","5","339999","58","0","2024","A","","Connecticut -- Statewide","Private","NAICS 339999 All other miscellaneous manufacturing","State, NAICS 6-digit -- by ownership sector","All establishment sizes",64,779,52167737,21765015,403391,1288,66996,"",0.68,0.99,0.78,1.00,0.93,0.79,0.79,"",-20,-23.8,90,13.1,6526369,14.3,8576588,65.0,117058,40.9,14,1.1,745,1.1
"09000","5","42","54","0","2024","A","","Connecticut -- Statewide","Private","NAICS 42 Wholesale trade","State, NAICS Sector -- by ownership sector","All establishment sizes",10542,60967,7687305815,1719333430,32088211,2425,126089,"",1.34,0.92,0.98,1.00,1.07,1.07,1.07,"",276,2.7,206,0.3,307669277,4.2,647717575,60.4,8024525,33.3,89,3.8,4635,3.8
"09000","5","423","55","0","2024","A","","Connecticut -- Statewide","Private","NAICS 423 Merchant wholesalers, durable goods","State, NAICS 3-digit -- by ownership sector","All establishment sizes",5488,33085,3989203418,932785854,17462844,2319,120574,"",1.31,0.89,0.90,0.98,1.06,1.01,1.01,"",277,5.3,255,0.8,229986897,6.1,358768439,62.5,4641846,36.2,117,5.3,6067,5.3
"09000","5","4231","56","0","2024","A","","Connecticut -- Statewide","Private","NAICS 4231 Motor vehicle and motor vehicle parts and supplies merchant wholesalers","State, NAICS 4-digit -- by ownership sector","All establishment sizes",300,3180,247278187,87667443,1728368,1495,77748,"",0.90,0.78,0.67,0.88,1.03,0.85,0.85,"",17,6.0,2,0.1,6769043,2.8,29456684,50.6,499403,40.6,40,2.7,2077,2.7
"09000","5","42311","57","0","2024","A","","Connecticut -- Statewide","Private","NAICS 42311 Automobile and other motor vehicle merchant wholesalers","State, NAICS 5-digit -- by ownership sector","All establishment sizes",70,1093,109295013,30460683,577913,1923,99973,"",0.74,0.72,0.72,0.80,1.01,0.99,0.99,"",2,2.9,29,2.7,7357556,7.2,11158483,57.8,148085,34.5,80,4.3,4130,4.3
"09000","5","423110","58","0","2024","A","","Connecticut -- Statewide","Private","NAICS 423110 Automobile and other motor vehicle merchant wholesalers","State, NAICS 6-digit -- by ownership sector","All establishment sizes",70,1093,109295013,30460683,577913,1923,99973,"",0.74,0.72,0.72,0.80,1.01,0.99,0.99,"",2,2.9,29,2.7,7357556,7.2,11158483,57.8,148085,34.5,80,4.3,4130,4.3
"09000","5","42312","57","0","2024","A","","Connecticut -- Statewide","Private","NAICS 42312 Motor vehicle supplies and new parts merchant wholesalers","State, NAICS 5-digit -- by ownership sector","All establishment sizes",172,1416,95490753,38566207,856767,1297,67437,"",0.94,0.73,0.56,0.84,0.99,0.77,0.77,"",13,8.2,-61,-4.1,-3402178,-3.4,11253496,41.2,304023,55.0,9,0.7,478,0.7
"09000","5","423120","58","0","2024","A","","Connecticut -- Statewide","Private","NAICS 423120 Motor vehicle supplies and new parts merchant wholesalers","State, NAICS 6-digit -- by ownership sector","All establishment sizes",172,1416,95490753,38566207,856767,1297,67437,"",0.94,0.73,0.56,0.84,0.99,0.77,0.77,"",13,8.2,-61,-4.1,-3402178,-3.4,11253496,41.2,304023,55.0,9,0.7,478,0.7
"09000","5","42313","57","0","2024","A","","Connecticut -- Statewide","Private","NAICS 42313 Tire and tube merchant wholesalers","State, NAICS 5-digit -- by ownership sector","All establishment sizes",31,462,32207523,13250447,211856,1340,69676,"",1.01,1.24,1.02,1.51,1.43,0.83,0.83,"",1,3.3,28,6.5,2160187,7.2,5051666,61.6,34528,19.5,7,0.5,363,0.5
"09000","5","423130","58","0","2024","A","","Connecticut -- Statewide","Private","NAICS 423130 Tire and tube merchant wholesalers","State, NAICS 6-digit -- by ownership sector","All establishment sizes",31,462,32207523,13250447,211856,1340,69676,"",1.01,1.24,1.02,1.51,1.43,0.83,0.83,"",1,3.3,28,6.5,2160187,7.2,5051666,61.6,34528,19.5,7,0.5,363,0.5
"09000","5","42314","57","0","2024","A","","Connecticut -- Statewide","Private","NAICS 42314 Motor vehicle parts (used) merchant wholesalers","State, NAICS 5-digit -- by ownership sector","All establishment sizes",26,209,10284898,5390106,81832,946,49210,"",1.00,0.84,0.58,0.83,0.86,0.68,0.68,"",1,4.0,5,2.5,653478,6.8,1993039,58.7,12767,18.5,40,4.4,2074,4.4
"09000","5","423140","58","0","2024","A","","Connecticut -- Statewide","Private","NAICS 423140 Motor vehicle parts (used) merchant wholesalers","State, NAICS 6-digit -- by ownership sector","All establishment sizes",26,209,10284898,5390106,81832,946,49210,"",1.00,0.84,0.58,0.83,0.86,0.68,0.68,"",1,4.0,5,2.5,653478,6.8,1993039,58.7,12767,18.5,40,4.4,2074,4.4
"09000","5","4232","56","0","2024","A","","Connecticut -- Statewide","Private","NAICS 4232 Furniture and home furnishing merchant wholesalers","State, NAICS 4-digit -- by ownership sector","All establishment sizes",201,968,99664731,27276059,462914,1980,102959,"",1.22,0.81,0.86,0.90,0.76,1.07,1.07,"",16,8.6,-15,-1.5,4461943,4.7,10194741,59.7,104037,29.0,117,6.3,6077,6.3
"09000","5","42321","57","0","2024","A","","Connecticut -- Statewide","Private","NAICS 42321 Furniture merchant wholesalers","State, NAICS 5-digit -- by ownership sector","All establishment sizes",81,484,52533146,13749101,235004,2087,108521,"",1.07,0.90,0.98,1.00,0.88,1.09,1.09,"",3,3.8,-20,-4.0,493993,0.9,5140892,59.7,47631,25.4,102,5.1,5303,5.1
"09000","5","423210","58","0","2024","A","","Connecticut -- Statewide","Private","NAICS 423210 Furniture merchant wholesalers","State, NAICS 6-digit -- by ownership sector","All establishment sizes",81,484,52533146,13749101,235004,2087,108521,"",1.07,0.90,0.98,1.00,0.88,1.09,1.09,"",3,3.8,-20,-4.0,493993,0.9,5140892,59.7,47631,25.4,102,5.1,5303,5.1
"09000","5","42322","57","0","2024","A","","Connecticut -- Statewide","Private","NAICS 42322 Home furnishing merchant wholesalers","State, NAICS 5-digit -- by ownership sector","All establishment sizes",120,484,47131585,13526958,227910,1873,97396,"",1.34,0.73,0.76,0.81,0.67,1.04,1.04,"",12,11.1,5,1.0,3967950,9.2,5053849,59.6,56406,32.9,138,8.0,7190,8.0
"09000","5","423220","58","0","2024","A","","Connecticut -- Statewide","Private","NAICS 423220 Home furnishing merchant wholesalers","State, NAICS 6-digit -- by ownership sector","All establishment sizes",120,484,47131585,13526958,227910,1873,97396,"",1.34,0.73,0.76,0.81,0.67,1.04,1.04,"",12,11.1,5,1.0,3967950,9.2,5053849,59.6,56406,32.9,138,8.0,7190,8.0
"09000","5","4233","56","0","2024","A","","Connecticut -- Statewide","Private","NAICS 4233 Lumber and other construction materials merchant wholesalers","State, NAICS 4-digit -- by ownership sector","All establishment sizes",422,2365,222093706,68292082,1641553,1806,93902,"",1.33,0.82,0.77,0.87,1.12,0.93,0.93,"",19,4.7,-10,-0.4,10607926,5.0,25122804,58.2,454406,38.3,94,5.5,4858,5.5
"09000","5","42331","57","0","2024","A","","Connecticut -- Statewide","Private","NAICS 42331 Lumber, plywood, millwork, and wood panel merchant wholesalers","State, NAICS 5-digit -- by ownership sector","All establishment sizes",140,798,66864903,22584015,413911,1611,83747,"",1.17,0.64,0.54,0.64,0.75,0.84,0.84,"",6,4.5,26,3.4,1436348,2.2,9101468,67.5,114686,38.3,-20,-1.2,-1051,-1.2
"09000","5","423310","58","0","2024","A","","Connecticut -- Statewide","Private","NAICS 423310 Lumber, plywood, millwork, and wood panel merchant wholesalers","State, NAICS 6-digit -- by ownership sector","All establishment sizes",140,798,66864903,22584015,413911,1611,83747,"",1.17,0.64,0.54,0.64,0.75,0.84,0.84,"",6,4.5,26,3.4,1436348,2.2,9101468,67.5,114686,38.3,-20,-1.2,-1051,-1.2
"09000","5","42332","57","0","2024","A","","Connecticut -- Statewide","Private","NAICS 42332 Brick, stone, and related construction material merchant wholesalers","State, NAICS 5-digit -- by ownership sector","All establishment sizes",129,777,64016956,21665056,590915,1585,82416,"",1.59,1.06,0.93,1.19,1.41,0.88,0.88,"",-5,-3.7,-15,-1.9,-4955033,-7.2,7486610,52.8,146293,32.9,-89,-5.3,-4633,-5.3
"09000","5","423320","58","0","2024","A","","Connecticut -- Statewide","Private","NAICS 423320 Brick, stone, and related construction material merchant wholesalers","State, NAICS 6-digit -- by ownership sector","All establishment sizes",129,777,64016956,21665056,590915,1585,82416,"",1.59,1.06,0.93,1.19,1.41,0.88,0.88,"",-5,-3.7,-15,-1.9,-4955033,-7.2,7486610,52.8,146293,32.9,-89,-5.3,-4633,-5.3
"09000","5","42333","57","0","2024","A","","Connecticut -- Statewide","Private","NAICS 42333 Roofing, siding, and insulation material merchant wholesalers","State, NAICS 5-digit -- by ownership sector","All establishment sizes",79,524,57027714,15538934,451635,2092,108762,"",1.53,1.03,0.99,1.21,1.62,0.96,0.96,"",6,8.2,4,0.8,6435059,12.7,5888157,61.0,160539,55.1,222,11.9,11500,11.8
"09000","5","423330","58","0","2024","A","","Connecticut -- Statewide","Private","NAICS 423330 Roofing, siding, and insulation material merchant wholesalers","State, NAICS 6-digit -- by ownership sector","All establishment sizes",79,524,57027714,15538934,451635,2092,108762,"",1.53,1.03,0.99,1.21,1.62,0.96,0.96,"",6,8.2,4,0.8,6435059,12.7,5888157,61.0,160539,55.1,222,11.9,11500,11.8
"09000","5","42339","57","0","2024","A","","Connecticut -- Statewide","Private","NAICS 42339 Other construction material merchant wholesalers","State, NAICS 5-digit -- by ownership sector","All establishment sizes",74,266,34184133,8504077,185092,2474,128673,"",1.14,0.67,0.85,0.72,0.89,1.27,1.27,"",12,19.4,-25,-8.6,7691552,29.0,2646569,45.2,32888,21.6,723,41.3,37633,41.3
"09000","5","423390","58","0","2024","A","","Connecticut -- Statewide","Private","NAICS 423390 Other construction material merchant wholesalers","State, NAICS 6-digit -- by ownership sector","All establishment sizes",74,266,34184133,8504077,185092,2474,128673,"",1.14,0.67,0.85,0.72,0.89,1.27,1.27,"",12,19.4,-25,-8.6,7691552,29.0,2646569,45.2,32888,21.6,723,41.3,37633,41.3
"09000","5","4234","56","0","2024","A","","Connecticut -- Statewide","Private","NAICS 4234 Professional and commercial equipment and supplies merchant wholesalers","State, NAICS 4-digit -- by ownership sector","All establishment sizes",1866,8550,1379124738,245401393,4560666,3102,161303,"",2.07,1.06,1.04,1.16,1.17,0.98,0.98,"",67,3.7,67,0.8,90934533,7.1,96931956,65.3,1288949,39.4,182,6.2,9443,6.2
"09000","5","42341","57","0","2024","A","","Connecticut -- Statewide","Private","NAICS 42341 Photographic equipment and supplies merchant wholesalers","State, NAICS 5-digit -- by ownership sector","All establishment sizes",29,104,13074015,2842125,63686,2406,125110,"",1.85,0.83,0.71,0.76,0.85,0.85,0.85,"",0,0.0,1,1.0,1296476,11.0,1080042,61.3,18423,40.7,203,9.2,10580,9.2
"09000","5","423410","58","0","2024","A","","Connecticut -- Statewide","Private","NAICS 423410 Photographic equipment and supplies merchant wholesalers","State, NAICS 6-digit -- by ownership sector","All establishment sizes",29,104,13074015,2842125,63686,2406,125110,"",1.85,0.83,0.71,0.76,0.85,0.85,0.85,"",0,0.0,1,1.0,1296476,11.0,1080042,61.3,18423,40.7,203,9.2,10580,9.2
"09000","5","42342","57","0","2024","A","","Connecticut -- Statewide","Private","NAICS 42342 Office equipment merchant wholesalers","State, NAICS 5-digit -- by ownership sector","All establishment sizes",129,905,97034924,21881414,373695,2063,107251,"",1.78,1.22,1.30,1.12,1.05,1.07,1.07,"",1,0.8,19,2.1,4118712,4.4,8630561,65.1,93030,33.1,45,2.2,2340,2.2
"09000","5","423420","58","0","2024","A","","Connecticut -- Statewide","Private","NAICS 423420 Office equipment merchant wholesalers","State, NAICS 6-digit -- by ownership sector","All establishment sizes",129,905,97034924,21881414,373695,2063,107251,"",1.78,1.22,1.30,1.12,1.05,1.07,1.07,"",1,0.8,19,2.1,4118712,4.4,8630561,65.1,93030,33.1,45,2.2,2340,2.2
"09000","5","42343","57","0","2024","A","","Connecticut -- Statewide","Private","NAICS 42343 Computer and computer peripheral equipment and software merchant wholesalers","State, NAICS 5-digit -- by ownership sector","All establishment sizes",809,2736,568702482,81172453,1641226,3997,207853,"",3.78,1.11,1.02,1.27,1.28,0.92,0.92,"",-7,-0.9,-11,-0.4,15834780,2.9,31810801,64.4,519900,46.4,127,3.3,6591,3.3
"09000","5","423430","58","0","2024","A","","Connecticut -- Statewide","Private","NAICS 423430 Computer and computer peripheral equipment and software merchant wholesalers","State, NAICS 6-digit -- by ownership sector","All establishment sizes",809,2736,568702482,81172453,1641226,3997,207853,"",3.78,1.11,1.02,1.27,1.28,0.92,0.92,"",-7,-0.9,-11,-0.4,15834780,2.9,31810801,64.4,519900,46.4,127,3.3,6591,3.3
"09000","5","42344","57","0","2024","A","","Connecticut -- Statewide","Private","NAICS 42344 Other commercial equipment merchant wholesalers","State, NAICS 5-digit -- by ownership sector","All establishment sizes",106,651,56135401,17783104,300359,1657,86174,"",1.28,1.02,0.90,1.12,1.04,0.89,0.89,"",8,8.2,17,2.7,2794982,5.2,6755981,61.3,65763,28.0,38,2.3,1986,2.4
"09000","5","423440","58","0","2024","A","","Connecticut -- Statewide","Private","NAICS 423440 Other commercial equipment merchant wholesalers","State, NAICS 6-digit -- by ownership sector","All establishment sizes",106,651,56135401,17783104,300359,1657,86174,"",1.28,1.02,0.90,1.12,1.04,0.89,0.89,"",8,8.2,17,2.7,2794982,5.2,6755981,61.3,65763,28.0,38,2.3,1986,2.4
"09000","5","42345","57","0","2024","A","","Connecticut -- Statewide","Private","NAICS 42345 Medical, dental, and hospital equipment and supplies merchant wholesalers","State, NAICS 5-digit -- by ownership sector","All establishment sizes",678,3698,595640377,109055412,2001666,3097,161067,"",1.58,1.08,1.12,1.19,1.25,1.04,1.04,"",60,9.7,284,8.3,84019583,16.4,48972329,81.5,649357,48.0,215,7.5,11226,7.5
"09000","5","423450","58","0","2024","A","","Connecticut -- Statewide","Private","NAICS 423450 Medical, dental, and hospital equipment and supplies merchant wholesalers","State, NAICS 6-digit -- by ownership sector","All establishment sizes",678,3698,595640377,109055412,2001666,3097,161067,"",1.58,1.08,1.12,1.19,1.25,1.04,1.04,"",60,9.7,284,8.3,84019583,16.4,48972329,81.5,649357,48.0,215,7.5,11226,7.5
"09000","5","42346","57","0","2024","A","","Connecticut -- Statewide","Private","NAICS 42346 Ophthalmic goods merchant wholesalers","State, NAICS 5-digit -- by ownership sector","All establishment sizes",38,131,11311549,3240903,49122,1662,86403,"",1.32,0.54,0.43,0.56,0.44,0.80,0.80,"",5,15.2,50,61.7,4560372,67.5,2071098,177.0,25631,109.1,53,3.3,2711,3.2
"09000","5","423460","58","0","2024","A","","Connecticut -- Statewide","Private","NAICS 423460 Ophthalmic goods merchant wholesalers","State, NAICS 6-digit -- by ownership sector","All establishment sizes",38,131,11311549,3240903,49122,1662,86403,"",1.32,0.54,0.43,0.56,0.44,0.80,0.80,"",5,15.2,50,61.7,4560372,67.5,2071098,177.0,25631,109.1,53,3.3,2711,3.2
"09000","5","42349","57","0","2024","A","","Connecticut -- Statewide","Private","NAICS 42349 Other professional equipment and supplies merchant wholesalers","State, NAICS 5-digit -- by ownership sector","All establishment sizes",77,324,37225990,9425982,130912,2208,114836,"",1.30,0.79,0.73,0.86,0.71,0.92,0.92,"",0,0.0,-295,-47.7,-21690372,-36.8,-2388856,-20.2,-83155,-38.8,376,20.5,19592,20.6
"09000","5","423490","58","0","2024","A","","Connecticut -- Statewide","Private","NAICS 423490 Other professional equipment and supplies merchant wholesalers","State, NAICS 6-digit -- by ownership sector","All establishment sizes",77,324,37225990,9425982,130912,2208,114836,"",1.30,0.79,0.73,0.86,0.71,0.92,0.92,"",0,0.0,-295,-47.7,-21690372,-36.8,-2388856,-20.2,-83155,-38.8,376,20.5,19592,20.6
"09000","5","4235","56","0","2024","A","","Connecticut -- Statewide","Private","NAICS 4235 Metal and mineral (except petroleum) merchant wholesalers","State, NAICS 4-digit -- by ownership sector","All establishment sizes",137,1311,139164326,35965759,654475,2042,106178,"",0.97,0.89,0.87,1.02,1.07,0.97,0.97,"",15,12.3,48,3.8,6752848,5.1,14019854,63.9,204163,45.3,26,1.3,1332,1.3
"09000","5","42351","57","0","2024","A","N","Connecticut -- Statewide","Private","NAICS 42351 Metal service centers and other metal merchant wholesalers","State, NAICS 5-digit -- by ownership sector","All establishment sizes",136,0,0,0,0,0,0,"N",1.00,0,0,0,0,0,0,"N",15,12.4,0,0,0,0,0,0,0,0,0,0,0,0
"09000","5","423510","58","0","2024","A","N","Connecticut -- Statewide","Private","NAICS 423510 Metal service centers and other metal merchant wholesalers","State, NAICS 6-digit -- by ownership sector","All establishment sizes",136,0,0,0,0,0,0,"N",1.00,0,0,0,0,0,0,"N",15,12.4,0,0,0,0,0,0,0,0,0,0,0,0
"09000","5","42352","57","0","2024","A","N","Connecticut -- Statewide","Private","NAICS 42352 Coal and other mineral and ore merchant wholesalers","State, NAICS 5-digit -- by ownership sector","All establishment sizes",1,0,0,0,0,0,0,"N",0.17,0,0,0,0,0,0,"N",-1,-50.0,0,0,0,0,0,0,0,0,0,0,0,0
"09000","5","423520","58","0","2024","A","N","Connecticut -- Statewide","Private","NAICS 423520 Coal and other mineral and ore merchant wholesalers","State, NAICS 6-digit -- by ownership sector","All establishment sizes",1,0,0,0,0,0,0,"N",0.17,0,0,0,0,0,0,"N",-1,-50.0,0,0,0,0,0,0,0,0,0,0,0,0
"09000","5","4236","56","0","2024","A","","Connecticut -- Statewide","Private","NAICS 4236 Household appliances and electrical and electronic goods merchant wholesalers","State, NAICS 4-digit -- by ownership sector","All establishment sizes",674,3128,436979533,90660084,1811605,2686,139684,"",1.39,0.76,0.79,0.86,0.97,1.03,1.03,"",57,9.2,-32,-1.0,22579887,5.4,37287034,69.9,564887,45.3,164,6.5,8528,6.5
"09000","5","42361","57","0","2024","A","","Connecticut -- Statewide","Private","NAICS 42361 Electrical apparatus and equipment, wiring supplies, and related equipment merchant wholesalers","State, NAICS 5-digit -- by ownership sector","All establishment sizes",343,1862,272228424,54313948,1065133,2812,146202,"",1.45,0.86,1.00,0.99,1.18,1.17,1.17,"",26,8.2,-65,-3.4,17130802,6.7,22479627,70.6,350953,49.1,266,10.4,13793,10.4
"09000","5","423610","58","0","2024","A","","Connecticut -- Statewide","Private","NAICS 423610 Electrical apparatus and equipment, wiring supplies, and related equipment merchant wholesalers","State, NAICS 6-digit -- by ownership sector","All establishment sizes",343,1862,272228424,54313948,1065133,2812,146202,"",1.45,0.86,1.00,0.99,1.18,1.17,1.17,"",26,8.2,-65,-3.4,17130802,6.7,22479627,70.6,350953,49.1,266,10.4,13793,10.4
"09000","5","42362","57","0","2024","A","","Connecticut -- Statewide","Private","NAICS 42362 Household appliances, electric housewares, and consumer electronics merchant wholesalers","State, NAICS 5-digit -- by ownership sector","All establishment sizes",68,173,23925035,4998486,108539,2656,138095,"",1.15,0.45,0.45,0.49,0.48,1.01,1.01,"",2,3.0,-4,-2.3,1764335,8.0,1906168,61.6,34370,46.3,244,10.1,12657,10.1
"09000","5","423620","58","0","2024","A","","Connecticut -- Statewide","Private","NAICS 423620 Household appliances, electric housewares, and consumer electronics merchant wholesalers","State, NAICS 6-digit -- by ownership sector","All establishment sizes",68,173,23925035,4998486,108539,2656,138095,"",1.15,0.45,0.45,0.49,0.48,1.01,1.01,"",2,3.0,-4,-2.3,1764335,8.0,1906168,61.6,34370,46.3,244,10.1,12657,10.1
"09000","5","42369","57","0","2024","A","","Connecticut -- Statewide","Private","NAICS 42369 Other electronic parts and equipment merchant wholesalers","State, NAICS 5-digit -- by ownership sector","All establishment sizes",263,1093,140826074,31347650,637933,2478,128834,"",1.38,0.71,0.61,0.79,0.87,0.86,0.86,"",29,12.4,37,3.5,3684750,2.7,12901239,69.9,179564,39.2,-19,-0.8,-994,-0.8
"09000","5","423690","58","0","2024","A","","Connecticut -- Statewide","Private","NAICS 423690 Other electronic parts and equipment merchant wholesalers","State, NAICS 6-digit -- by ownership sector","All establishment sizes",263,1093,140826074,31347650,637933,2478,128834,"",1.38,0.71,0.61,0.79,0.87,0.86,0.86,"",29,12.4,37,3.5,3684750,2.7,12901239,69.9,179564,39.2,-19,-0.8,-994,-0.8
"09000","5","4237","56","0","2024","A","","Connecticut -- Statewide","Private","NAICS 4237 Hardware, and plumbing and heating equipment and supplies merchant wholesalers","State, NAICS 4-digit -- by ownership sector","All establishment sizes",402,3963,384897577,109028260,2030896,1868,97117,"",1.17,1.17,1.04,1.24,1.44,0.89,0.89,"",30,8.1,-44,-1.1,10250897,2.7,40165395,58.3,455279,28.9,70,3.9,3611,3.9
"09000","5","42371","57","0","2024","A","","Connecticut -- Statewide","Private","NAICS 42371 Hardware merchant wholesalers","State, NAICS 5-digit -- by ownership sector","All establishment sizes",110,1191,119994720,32651109,690668,1937,100716,"",1.08,1.19,1.27,1.31,1.65,1.07,1.07,"",4,3.8,0,0.0,6153239,5.4,11545815,54.7,162892,30.9,99,5.4,5118,5.4
"09000","5","423710","58","0","2024","A","","Connecticut -- Statewide","Private","NAICS 423710 Hardware merchant wholesalers","State, NAICS 6-digit -- by ownership sector","All establishment sizes",110,1191,119994720,32651109,690668,1937,100716,"",1.08,1.19,1.27,1.31,1.65,1.07,1.07,"",4,3.8,0,0.0,6153239,5.4,11545815,54.7,162892,30.9,99,5.4,5118,5.4
"09000","5","42372","57","0","2024","A","","Connecticut -- Statewide","Private","NAICS 42372 Plumbing and heating equipment and supplies (hydronics) merchant wholesalers","State, NAICS 5-digit -- by ownership sector","All establishment sizes",190,1731,161290200,47139968,863360,1792,93191,"",1.45,1.32,1.15,1.32,1.56,0.87,0.87,"",18,10.5,-32,-1.8,4394015,2.8,17247839,57.7,195331,29.2,80,4.7,4172,4.7
"09000","5","423720","58","0","2024","A","","Connecticut -- Statewide","Private","NAICS 423720 Plumbing and heating equipment and supplies (hydronics) merchant wholesalers","State, NAICS 6-digit -- by ownership sector","All establishment sizes",190,1731,161290200,47139968,863360,1792,93191,"",1.45,1.32,1.15,1.32,1.56,0.87,0.87,"",18,10.5,-32,-1.8,4394015,2.8,17247839,57.7,195331,29.2,80,4.7,4172,4.7
"09000","5","42373","57","0","2024","A","","Connecticut -- Statewide","Private","NAICS 42373 Warm air heating and air-conditioning equipment and supplies merchant wholesalers","State, NAICS 5-digit -- by ownership sector","All establishment sizes",85,940,95880316,26007831,422682,1961,101964,"",0.94,1.03,0.81,1.14,1.13,0.79,0.79,"",4,4.9,-16,-1.7,199384,0.2,9848923,61.0,83142,24.5,36,1.9,1871,1.9
"09000","5","423730","58","0","2024","A","","Connecticut -- Statewide","Private","NAICS 423730 Warm air heating and air-conditioning equipment and supplies merchant wholesalers","State, NAICS 6-digit -- by ownership sector","All establishment sizes",85,940,95880316,26007831,422682,1961,101964,"",0.94,1.03,0.81,1.14,1.13,0.79,0.79,"",4,4.9,-16,-1.7,199384,0.2,9848923,61.0,83142,24.5,36,1.9,1871,1.9
"09000","5","42374","57","0","2024","A","","Connecticut -- Statewide","Private","NAICS 42374 Refrigeration equipment and supplies merchant wholesalers","State, NAICS 5-digit -- by ownership sector","All establishment sizes",18,101,7732341,3229352,54186,1476,76748,"",0.85,0.58,0.42,0.77,0.80,0.73,0.73,"",4,28.6,4,4.1,-495741,-6.0,1522818,89.2,13914,34.6,-148,-9.1,-7715,-9.1
"09000","5","423740","58","0","2024","A","","Connecticut -- Statewide","Private","NAICS 423740 Refrigeration equipment and supplies merchant wholesalers","State, NAICS 6-digit -- by ownership sector","All establishment sizes",18,101,7732341,3229352,54186,1476,76748,"",0.85,0.58,0.42,0.77,0.80,0.73,0.73,"",4,28.6,4,4.1,-495741,-6.0,1522818,89.2,13914,34.6,-148,-9.1,-7715,-9.1
"09000","5","4238","56","0","2024","A","","Connecticut -- Statewide","Private","NAICS 4238 Machinery, equipment, and supplies merchant wholesalers","State, NAICS 4-digit -- by ownership sector","All establishment sizes",1011,6664,794174276,188373033,3103807,2292,119180,"",1.06,0.79,0.85,0.86,0.93,1.07,1.07,"",27,2.7,294,4.6,59750358,8.1,77984568,70.6,818306,35.8,75,3.4,3886,3.4
"09000","5","42381","57","0","2024","A","","Connecticut -- Statewide","Private","NAICS 42381 Construction and mining (except oil well) machinery and equipment merchant wholesalers","State, NAICS 5-digit -- by ownership sector","All establishment sizes",64,713,69585227,20221765,355896,1878,97652,"",0.87,0.60,0.51,0.61,0.78,0.85,0.85,"",4,6.7,21,3.0,1959335,2.9,7930361,64.5,108451,43.8,-3,-0.2,-144,-0.1
"09000","5","423810","58","0","2024","A","","Connecticut -- Statewide","Private","NAICS 423810 Construction and mining (except oil well) machinery and equipment merchant wholesalers","State, NAICS 6-digit -- by ownership sector","All establishment sizes",64,713,69585227,20221765,355896,1878,97652,"",0.87,0.60,0.51,0.61,0.78,0.85,0.85,"",4,6.7,21,3.0,1959335,2.9,7930361,64.5,108451,43.8,-3,-0.2,-144,-0.1
"09000","5","42382","57","0","2024","A","","Connecticut -- Statewide","Private","NAICS 42382 Farm and garden machinery and equipment merchant wholesalers","State, NAICS 5-digit -- by ownership sector","All establishment sizes",44,312,34393900,8698924,164900,2121,110266,"",0.38,0.25,0.28,0.24,0.41,1.13,1.13,"",6,15.8,37,13.5,5123037,17.5,4045407,86.9,73376,80.2,77,3.8,3988,3.8
"09000","5","423820","58","0","2024","A","","Connecticut -- Statewide","Private","NAICS 423820 Farm and garden machinery and equipment merchant wholesalers","State, NAICS 6-digit -- by ownership sector","All establishment sizes",44,312,34393900,8698924,164900,2121,110266,"",0.38,0.25,0.28,0.24,0.41,1.13,1.13,"",6,15.8,37,13.5,5123037,17.5,4045407,86.9,73376,80.2,77,3.8,3988,3.8
"09000","5","42383","57","0","2024","A","","Connecticut -- Statewide","Private","NAICS 42383 Industrial machinery and equipment merchant wholesalers","State, NAICS 5-digit -- by ownership sector","All establishment sizes",517,3273,441799199,92825848,1542975,2596,134976,"",1.13,0.88,1.00,0.97,1.02,1.15,1.15,"",12,2.4,106,3.3,26992297,6.5,37267741,67.1,391324,34.0,77,3.1,4012,3.1
"09000","5","423830","58","0","2024","A","","Connecticut -- Statewide","Private","NAICS 423830 Industrial machinery and equipment merchant wholesalers","State, NAICS 6-digit -- by ownership sector","All establishment sizes",517,3273,441799199,92825848,1542975,2596,134976,"",1.13,0.88,1.00,0.97,1.02,1.15,1.15,"",12,2.4,106,3.3,26992297,6.5,37267741,67.1,391324,34.0,77,3.1,4012,3.1
"09000","5","42384","57","0","2024","A","","Connecticut -- Statewide","Private","NAICS 42384 Industrial supplies merchant wholesalers","State, NAICS 5-digit -- by ownership sector","All establishment sizes",182,1076,112723972,30640051,525981,2014,104722,"",1.09,0.92,0.89,1.01,1.03,0.97,0.97,"",-1,-0.5,2,0.2,9149273,8.8,11726722,62.0,127179,31.9,160,8.6,8306,8.6
"09000","5","423840","58","0","2024","A","","Connecticut -- Statewide","Private","NAICS 423840 Industrial supplies merchant wholesalers","State, NAICS 6-digit -- by ownership sector","All establishment sizes",182,1076,112723972,30640051,525981,2014,104722,"",1.09,0.92,0.89,1.01,1.03,0.97,0.97,"",-1,-0.5,2,0.2,9149273,8.8,11726722,62.0,127179,31.9,160,8.6,8306,8.6
"09000","5","42385","57","0","2024","A","","Connecticut -- Statewide","Private","NAICS 42385 Service establishment equipment and supplies merchant wholesalers","State, NAICS 5-digit -- by ownership sector","All establishment sizes",104,700,60027235,19458088,305972,1650,85784,"",1.25,1.12,1.13,1.25,1.22,1.01,1.01,"",2,2.0,117,20.1,10447705,21.1,9743650,100.3,76249,33.2,13,0.8,669,0.8
"09000","5","423850","58","0","2024","A","","Connecticut -- Statewide","Private","NAICS 423850 Service establishment equipment and supplies merchant wholesalers","State, NAICS 6-digit -- by ownership sector","All establishment sizes",104,700,60027235,19458088,305972,1650,85784,"",1.25,1.12,1.13,1.25,1.22,1.01,1.01,"",2,2.0,117,20.1,10447705,21.1,9743650,100.3,76249,33.2,13,0.8,669,0.8
"09000","5","42386","57","0","2024","A","","Connecticut -- Statewide","Private","NAICS 42386 Transportation equipment and supplies (except motor vehicle) merchant wholesalers","State, NAICS 5-digit -- by ownership sector","All establishment sizes",99,590,75644743,16528357,208083,2466,128248,"",1.66,1.34,1.29,1.65,1.14,0.96,0.96,"",2,2.1,11,1.9,6078711,8.7,7270687,78.5,41727,25.1,155,6.7,8099,6.7
"09000","5","423860","58","0","2024","A","","Connecticut -- Statewide","Private","NAICS 423860 Transportation equipment and supplies (except motor vehicle) merchant wholesalers","State, NAICS 6-digit -- by ownership sector","All establishment sizes",99,590,75644743,16528357,208083,2466,128248,"",1.66,1.34,1.29,1.65,1.14,0.96,0.96,"",2,2.1,11,1.9,6078711,8.7,7270687,78.5,41727,25.1,155,6.7,8099,6.7
"09000","5","4239","56","0","2024","A","","Connecticut -- Statewide","Private","NAICS 4239 Miscellaneous durable goods merchant wholesalers","State, NAICS 4-digit -- by ownership sector","All establishment sizes",474,2956,285826344,80121741,1468560,1860,96710,"",0.88,0.86,0.90,0.93,0.92,1.06,1.06,"",28,6.3,-56,-1.9,17879462,6.7,27605403,52.6,252416,20.8,149,8.7,7738,8.7
"09000","5","42391","57","0","2024","A","","Connecticut -- Statewide","Private","NAICS 42391 Sporting and recreational goods and supplies merchant wholesalers","State, NAICS 5-digit -- by ownership sector","All establishment sizes",134,809,64852652,22753443,456144,1541,80123,"",1.20,1.16,1.02,1.28,1.40,0.88,0.88,"",16,13.6,8,1.0,-897440,-1.4,8300221,57.4,110803,32.1,-37,-2.3,-1928,-2.3
"09000","5","423910","58","0","2024","A","","Connecticut -- Statewide","Private","NAICS 423910 Sporting and recreational goods and supplies merchant wholesalers","State, NAICS 6-digit -- by ownership sector","All establishment sizes",134,809,64852652,22753443,456144,1541,80123,"",1.20,1.16,1.02,1.28,1.40,0.88,0.88,"",16,13.6,8,1.0,-897440,-1.4,8300221,57.4,110803,32.1,-37,-2.3,-1928,-2.3
"09000","5","42392","57","0","2024","A","","Connecticut -- Statewide","Private","NAICS 42392 Toy and hobby goods and supplies merchant wholesalers","State, NAICS 5-digit -- by ownership sector","All establishment sizes",62,515,78087193,13499359,258999,2916,151650,"",1.58,1.95,2.57,1.92,1.81,1.32,1.32,"",6,10.7,-7,-1.3,23499196,43.0,4584592,51.4,27523,11.9,904,44.9,47008,44.9
"09000","5","423920","58","0","2024","A","","Connecticut -- Statewide","Private","NAICS 423920 Toy and hobby goods and supplies merchant wholesalers","State, NAICS 6-digit -- by ownership sector","All establishment sizes",62,515,78087193,13499359,258999,2916,151650,"",1.58,1.95,2.57,1.92,1.81,1.32,1.32,"",6,10.7,-7,-1.3,23499196,43.0,4584592,51.4,27523,11.9,904,44.9,47008,44.9
"09000","5","42393","57","0","2024","A","","Connecticut -- Statewide","Private","NAICS 42393 Recyclable material merchant wholesalers","State, NAICS 5-digit -- by ownership sector","All establishment sizes",74,820,64568075,22090128,388207,1514,78726,"",0.75,0.75,0.74,0.83,0.89,0.98,0.98,"",5,7.2,8,1.0,321901,0.5,8086847,57.7,62879,19.3,-7,-0.5,-354,-0.4
"09000","5","423930","58","0","2024","A","","Connecticut -- Statewide","Private","NAICS 423930 Recyclable material merchant wholesalers","State, NAICS 6-digit -- by ownership sector","All establishment sizes",74,820,64568075,22090128,388207,1514,78726,"",0.75,0.75,0.74,0.83,0.89,0.98,0.98,"",5,7.2,8,1.0,321901,0.5,8086847,57.7,62879,19.3,-7,-0.5,-354,-0.4
"09000","5","42394","57","0","2024","A","","Connecticut -- Statewide","Private","NAICS 42394 Jewelry, watch, precious stone, and precious metal merchant wholesalers","State, NAICS 5-digit -- by ownership sector","All establishment sizes",69,374,39447834,9948279,168846,2030,105570,"",0.75,0.95,1.11,1.10,0.80,1.17,1.17,"",11,19.0,6,1.6,-966275,-2.4,3852399,63.2,42093,33.2,-81,-3.8,-4201,-3.8
"09000","5","423940","58","0","2024","A","","Connecticut -- Statewide","Private","NAICS 423940 Jewelry, watch, precious stone, and precious metal merchant wholesalers","State, NAICS 6-digit -- by ownership sector","All establishment sizes",69,374,39447834,9948279,168846,2030,105570,"",0.75,0.95,1.11,1.10,0.80,1.17,1.17,"",11,19.0,6,1.6,-966275,-2.4,3852399,63.2,42093,33.2,-81,-3.8,-4201,-3.8
"09000","5","42399","57","0","2024","A","","Connecticut -- Statewide","Private","NAICS 42399 Other miscellaneous durable goods merchant wholesalers","State, NAICS 5-digit -- by ownership sector","All establishment sizes",136,437,38870590,11830532,196364,1709,88881,"",0.69,0.44,0.39,0.47,0.40,0.90,0.90,"",-10,-6.8,-71,-14.0,-4077920,-9.5,2781344,30.7,9118,4.9,83,5.1,4337,5.1
"09000","5","423990","58","0","2024","A","","Connecticut -- Statewide","Private","NAICS 423990 Other miscellaneous durable goods merchant wholesalers","State, NAICS 6-digit -- by ownership sector","All establishment sizes",136,437,38870590,11830532,196364,1709,88881,"",0.69,0.44,0.39,0.47,0.40,0.90,0.90,"",-10,-6.8,-71,-14.0,-4077920,-9.5,2781344,30.7,9118,4.9,83,5.1,4337,5.1
"09000","5","424","55","0","2024","A","","Connecticut -- Statewide","Private","NAICS 424 Merchant wholesalers, nondurable goods","State, NAICS 3-digit -- by ownership sector","All establishment sizes",2844,22198,2575386549,624513101,11859457,2231,116020,"",1.26,0.93,1.00,1.00,1.08,1.08,1.08,"",197,7.4,438,2.0,102919831,4.2,235149876,60.4,2848557,31.6,46,2.1,2394,2.1
"09000","5","4241","56","0","2024","A","","Connecticut -- Statewide","Private","NAICS 4241 Paper and paper product merchant wholesalers","State, NAICS 4-digit -- by ownership sector","All establishment sizes",186,1334,149032872,37116422,690375,2148,111705,"",1.57,1.07,1.18,1.19,1.23,1.11,1.11,"",6,3.3,19,1.4,836106,0.6,13935053,60.1,190360,38.1,-20,-0.9,-1035,-0.9
"09000","5","42411","57","0","2024","A","","Connecticut -- Statewide","Private","NAICS 42411 Printing and writing paper merchant wholesalers","State, NAICS 5-digit -- by ownership sector","All establishment sizes",27,191,32720551,5570787,82154,3293,171237,"",1.66,1.52,1.98,1.52,1.22,1.30,1.30,"",-3,-10.0,-14,-6.8,-7112006,-17.9,1629197,41.3,4852,6.3,-439,-11.8,-22831,-11.8
"09000","5","424110","58","0","2024","A","","Connecticut -- Statewide","Private","NAICS 424110 Printing and writing paper merchant wholesalers","State, NAICS 6-digit -- by ownership sector","All establishment sizes",27,191,32720551,5570787,82154,3293,171237,"",1.66,1.52,1.98,1.52,1.22,1.30,1.30,"",-3,-10.0,-14,-6.8,-7112006,-17.9,1629197,41.3,4852,6.3,-439,-11.8,-22831,-11.8
"09000","5","42412","57","0","2024","A","","Connecticut -- Statewide","Private","NAICS 42412 Stationery and office supplies merchant wholesalers","State, NAICS 5-digit -- by ownership sector","All establishment sizes",51,399,25234307,9844337,222739,1217,63270,"",1.25,0.94,0.82,1.09,1.37,0.87,0.87,"",4,8.5,-27,-6.3,-1897794,-7.0,2884052,41.4,34559,18.4,-7,-0.6,-395,-0.6
"09000","5","424120","58","0","2024","A","","Connecticut -- Statewide","Private","NAICS 424120 Stationery and office supplies merchant wholesalers","State, NAICS 6-digit -- by ownership sector","All establishment sizes",51,399,25234307,9844337,222739,1217,63270,"",1.25,0.94,0.82,1.09,1.37,0.87,0.87,"",4,8.5,-27,-6.3,-1897794,-7.0,2884052,41.4,34559,18.4,-7,-0.6,-395,-0.6
"09000","5","42413","57","0","2024","A","","Connecticut -- Statewide","Private","NAICS 42413 Industrial and personal service paper merchant wholesalers","State, NAICS 5-digit -- by ownership sector","All establishment sizes",107,744,91078014,21701298,385482,2353,122376,"",1.73,1.06,1.15,1.17,1.16,1.09,1.09,"",4,3.9,61,8.9,9845906,12.1,9421804,76.7,150949,64.4,66,2.9,3456,2.9
"09000","5","424130","58","0","2024","A","","Connecticut -- Statewide","Private","NAICS 424130 Industrial and personal service paper merchant wholesalers","State, NAICS 6-digit -- by ownership sector","All establishment sizes",107,744,91078014,21701298,385482,2353,122376,"",1.73,1.06,1.15,1.17,1.16,1.09,1.09,"",4,3.9,61,8.9,9845906,12.1,9421804,76.7,150949,64.4,66,2.9,3456,2.9
"09000","5","4242","56","0","2024","A","","Connecticut -- Statewide","Private","NAICS 4242 Drugs and druggists' sundries merchant wholesalers","State, NAICS 4-digit -- by ownership sector","All establishment sizes",613,3710,736280388,106072114,2053453,3816,198440,"",2.16,1.32,1.36,1.41,1.39,1.03,1.03,"",17,2.9,169,4.8,50919616,7.4,42660978,67.3,600199,41.3,94,2.5,4890,2.5
"09000","5","42421","57","0","2024","A","","Connecticut -- Statewide","Private","NAICS 42421 Drugs and druggists' sundries merchant wholesalers","State, NAICS 5-digit -- by ownership sector","All establishment sizes",613,3710,736280388,106072114,2053453,3816,198440,"",2.16,1.32,1.36,1.41,1.39,1.03,1.03,"",17,2.9,169,4.8,50919616,7.4,42660978,67.3,600199,41.3,94,2.5,4890,2.5
"09000","5","424210","58","0","2024","A","","Connecticut -- Statewide","Private","NAICS 424210 Drugs and druggists' sundries merchant wholesalers","State, NAICS 6-digit -- by ownership sector","All establishment sizes",613,3710,736280388,106072114,2053453,3816,198440,"",2.16,1.32,1.36,1.41,1.39,1.03,1.03,"",17,2.9,169,4.8,50919616,7.4,42660978,67.3,600199,41.3,94,2.5,4890,2.5
"09000","5","4243","56","0","2024","A","","Connecticut -- Statewide","Private","NAICS 4243 Apparel, piece goods, and notions merchant wholesalers","State, NAICS 4-digit -- by ownership sector","All establishment sizes",267,962,119609161,26814830,447837,2391,124355,"",1.30,0.63,0.78,0.72,0.52,1.24,1.24,"",17,6.8,22,2.3,12615134,11.8,10135793,60.8,82927,22.7,202,9.2,10552,9.3
"09000","5","42431","57","0","2024","A","","Connecticut -- Statewide","Private","NAICS 42431 Piece goods, notions, and other dry goods merchant wholesalers","State, NAICS 5-digit -- by ownership sector","All establishment sizes",65,224,20258381,5932583,95943,1735,90238,"",1.39,0.94,1.00,1.00,0.85,1.06,1.06,"",2,3.2,9,4.2,1810127,9.8,2378503,66.9,7028,7.9,88,5.3,4598,5.4
"09000","5","424310","58","0","2024","A","","Connecticut -- Statewide","Private","NAICS 424310 Piece goods, notions, and other dry goods merchant wholesalers","State, NAICS 6-digit -- by ownership sector","All establishment sizes",65,224,20258381,5932583,95943,1735,90238,"",1.39,0.94,1.00,1.00,0.85,1.06,1.06,"",2,3.2,9,4.2,1810127,9.8,2378503,66.9,7028,7.9,88,5.3,4598,5.4
"09000","5","42434","57","0","2024","A","","Connecticut -- Statewide","Private","NAICS 42434 Footwear merchant wholesalers","State, NAICS 5-digit -- by ownership sector","All establishment sizes",44,282,50944959,7900307,116725,3471,180496,"",1.85,1.15,1.90,1.27,0.87,1.65,1.65,"",6,15.8,11,4.1,10237781,25.1,3101829,64.6,23856,25.7,587,20.4,30516,20.3
"09000","5","424340","58","0","2024","A","","Connecticut -- Statewide","Private","NAICS 424340 Footwear merchant wholesalers","State, NAICS 6-digit -- by ownership sector","All establishment sizes",44,282,50944959,7900307,116725,3471,180496,"",1.85,1.15,1.90,1.27,0.87,1.65,1.65,"",6,15.8,11,4.1,10237781,25.1,3101829,64.6,23856,25.7,587,20.4,30516,20.3
"09000","5","42435","57","0","2024","A","","Connecticut -- Statewide","Private","NAICS 42435 Clothing and clothing accessories merchant wholesalers","State, NAICS 5-digit -- by ownership sector","All establishment sizes",158,455,48405821,12981940,235169,2046,106367,"",1.17,0.44,0.46,0.52,0.38,1.05,1.04,"",9,6.0,2,0.4,567226,1.2,4655461,55.9,52043,28.4,17,0.8,841,0.8
"09000","5","424350","58","0","2024","A","","Connecticut -- Statewide","Private","NAICS 424350 Clothing and clothing accessories merchant wholesalers","State, NAICS 6-digit -- by ownership sector","All establishment sizes",158,455,48405821,12981940,235169,2046,106367,"",1.17,0.44,0.46,0.52,0.38,1.05,1.04,"",9,6.0,2,0.4,567226,1.2,4655461,55.9,52043,28.4,17,0.8,841,0.8
"09000","5","4244","56","0","2024","A","","Connecticut -- Statewide","Private","NAICS 4244 Grocery and related product merchant wholesalers","State, NAICS 4-digit -- by ownership sector","All establishment sizes",762,9670,811139754,272853549,5270554,1613,83880,"",1.24,1.08,1.01,1.15,1.27,0.93,0.93,"",88,13.1,274,2.9,37014762,4.8,102174094,59.9,1217819,30.0,29,1.8,1495,1.8
"09000","5","42441","57","0","2024","A","","Connecticut -- Statewide","Private","NAICS 42441 General line grocery merchant wholesalers","State, NAICS 5-digit -- by ownership sector","All establishment sizes",95,4563,360125790,131938706,2643624,1518,78917,"",0.86,1.62,1.42,1.70,2.09,0.87,0.87,"",10,11.8,264,6.1,19209845,5.6,53249029,67.7,644312,32.2,-7,-0.5,-378,-0.5
"09000","5","424410","58","0","2024","A","","Connecticut -- Statewide","Private","NAICS 424410 General line grocery merchant wholesalers","State, NAICS 6-digit -- by ownership sector","All establishment sizes",95,4563,360125790,131938706,2643624,1518,78917,"",0.86,1.62,1.42,1.70,2.09,0.87,0.87,"",10,11.8,264,6.1,19209845,5.6,53249029,67.7,644312,32.2,-7,-0.5,-378,-0.5
"09000","5","42442","57","0","2024","A","","Connecticut -- Statewide","Private","NAICS 42442 Packaged frozen food merchant wholesalers","State, NAICS 5-digit -- by ownership sector","All establishment sizes",33,236,20439401,5827807,105559,1664,86516,"",0.95,0.62,0.55,0.60,0.59,0.88,0.88,"",1,3.1,-2,-0.8,411856,2.1,2038908,53.8,39147,58.9,46,2.8,2396,2.8
"09000","5","424420","58","0","2024","A","","Connecticut -- Statewide","Private","NAICS 424420 Packaged frozen food merchant wholesalers","State, NAICS 6-digit -- by ownership sector","All establishment sizes",33,236,20439401,5827807,105559,1664,86516,"",0.95,0.62,0.55,0.60,0.59,0.88,0.88,"",1,3.1,-2,-0.8,411856,2.1,2038908,53.8,39147,58.9,46,2.8,2396,2.8
"09000","5","42443","57","0","2024","A","","Connecticut -- Statewide","Private","NAICS 42443 Dairy product (except dried or canned) merchant wholesalers","State, NAICS 5-digit -- by ownership sector","All establishment sizes",51,302,25452517,7952796,151989,1621,84280,"",1.59,0.81,0.74,0.80,0.79,0.91,0.91,"",-3,-5.6,17,6.0,-569517,-2.2,2368241,42.4,16477,12.2,-134,-7.6,-6999,-7.7
"09000","5","424430","58","0","2024","A","","Connecticut -- Statewide","Private","NAICS 424430 Dairy product (except dried or canned) merchant wholesalers","State, NAICS 6-digit -- by ownership sector","All establishment sizes",51,302,25452517,7952796,151989,1621,84280,"",1.59,0.81,0.74,0.80,0.79,0.91,0.91,"",-3,-5.6,17,6.0,-569517,-2.2,2368241,42.4,16477,12.2,-134,-7.6,-6999,-7.7
"09000","5","42444","57","0","2024","A","","Connecticut -- Statewide","Private","NAICS 42444 Poultry and poultry product merchant wholesalers","State, NAICS 5-digit -- by ownership sector","All establishment sizes",5,49,4207168,1386330,19573,1637,85137,"",0.54,0.37,0.36,0.40,0.31,0.97,0.97,"",0,0.0,0,0.0,-22905,-0.5,554220,66.6,2749,16.3,-9,-0.5,-463,-0.5
"09000","5","424440","58","0","2024","A","","Connecticut -- Statewide","Private","NAICS 424440 Poultry and poultry product merchant wholesalers","State, NAICS 6-digit -- by ownership sector","All establishment sizes",5,49,4207168,1386330,19573,1637,85137,"",0.54,0.37,0.36,0.40,0.31,0.97,0.97,"",0,0.0,0,0.0,-22905,-0.5,554220,66.6,2749,16.3,-9,-0.5,-463,-0.5
"09000","5","42445","57","0","2024","A","","Connecticut -- Statewide","Private","NAICS 42445 Confectionery merchant wholesalers","State, NAICS 5-digit -- by ownership sector","All establishment sizes",48,443,40747941,10840160,154100,1769,91982,"",0.99,0.63,0.63,0.59,0.53,1.01,1.01,"",3,6.7,-8,-1.8,-93562,-0.2,3168274,41.3,5836,3.9,28,1.6,1458,1.6
"09000","5","424450","58","0","2024","A","","Connecticut -- Statewide","Private","NAICS 424450 Confectionery merchant wholesalers","State, NAICS 6-digit -- by ownership sector","All establishment sizes",48,443,40747941,10840160,154100,1769,91982,"",0.99,0.63,0.63,0.59,0.53,1.01,1.01,"",3,6.7,-8,-1.8,-93562,-0.2,3168274,41.3,5836,3.9,28,1.6,1458,1.6
"09000","5","42446","57","0","2024","A","","Connecticut -- Statewide","Private","NAICS 42446 Fish and seafood merchant wholesalers","State, NAICS 5-digit -- by ownership sector","All establishment sizes",26,137,10986447,3636863,76212,1540,80096,"",0.76,0.46,0.46,0.46,0.50,1.01,1.01,"",4,18.2,11,8.7,2616747,31.3,1188071,48.5,26654,53.8,264,20.7,13758,20.7
"09000","5","424460","58","0","2024","A","","Connecticut -- Statewide","Private","NAICS 424460 Fish and seafood merchant wholesalers","State, NAICS 6-digit -- by ownership sector","All establishment sizes",26,137,10986447,3636863,76212,1540,80096,"",0.76,0.46,0.46,0.46,0.50,1.01,1.01,"",4,18.2,11,8.7,2616747,31.3,1188071,48.5,26654,53.8,264,20.7,13758,20.7
"09000","5","42447","57","0","2024","A","","Connecticut -- Statewide","Private","NAICS 42447 Meat and meat product merchant wholesalers","State, NAICS 5-digit -- by ownership sector","All establishment sizes",37,256,18229479,7294445,121991,1369,71209,"",0.96,0.49,0.39,0.55,0.51,0.80,0.80,"",0,0.0,-28,-9.9,-249448,-1.3,2385775,48.6,15791,14.9,116,9.3,6028,9.2
"09000","5","424470","58","0","2024","A","","Connecticut -- Statewide","Private","NAICS 424470 Meat and meat product merchant wholesalers","State, NAICS 6-digit -- by ownership sector","All establishment sizes",37,256,18229479,7294445,121991,1369,71209,"",0.96,0.49,0.39,0.55,0.51,0.80,0.80,"",0,0.0,-28,-9.9,-249448,-1.3,2385775,48.6,15791,14.9,116,9.3,6028,9.2
"09000","5","42448","57","0","2024","A","","Connecticut -- Statewide","Private","NAICS 42448 Fresh fruit and vegetable merchant wholesalers","State, NAICS 5-digit -- by ownership sector","All establishment sizes",44,579,38660903,16368022,247129,1284,66791,"",0.67,0.55,0.46,0.61,0.48,0.84,0.84,"",6,15.8,0,0.0,720766,1.9,5407080,49.3,41814,20.4,23,1.8,1236,1.9
"09000","5","424480","58","0","2024","A","","Connecticut -- Statewide","Private","NAICS 424480 Fresh fruit and vegetable merchant wholesalers","State, NAICS 6-digit -- by ownership sector","All establishment sizes",44,579,38660903,16368022,247129,1284,66791,"",0.67,0.55,0.46,0.61,0.48,0.84,0.84,"",6,15.8,0,0.0,720766,1.9,5407080,49.3,41814,20.4,23,1.8,1236,1.9
"09000","5","42449","57","0","2024","A","","Connecticut -- Statewide","Private","NAICS 42449 Other grocery and related products merchant wholesalers","State, NAICS 5-digit -- by ownership sector","All establishment sizes",422,3104,292290108,87608420,1750377,1811,94158,"",1.74,1.16,1.18,1.23,1.40,1.02,1.01,"",65,18.2,19,0.6,14990980,5.4,31814496,57.0,425039,32.1,82,4.7,4269,4.7
"09000","5","424490","58","0","2024","A","","Connecticut -- Statewide","Private","NAICS 424490 Other grocery and related products merchant wholesalers","State, NAICS 6-digit -- by ownership sector","All establishment sizes",422,3104,292290108,87608420,1750377,1811,94158,"",1.74,1.16,1.18,1.23,1.40,1.02,1.01,"",65,18.2,19,0.6,14990980,5.4,31814496,57.0,425039,32.1,82,4.7,4269,4.7
"09000","5","4245","56","0","2024","A","","Connecticut -- Statewide","Private","NAICS 4245 Farm product raw material merchant wholesalers","State, NAICS 4-digit -- by ownership sector","All establishment sizes",19,64,14095797,1712069,39177,4241,220534,"",0.21,0.08,0.24,0.08,0.14,2.98,2.98,"",1,5.6,20,45.5,782991,5.9,931663,119.4,14064,56.0,-1622,-27.7,-84339,-27.7
"09000","5","42451","57","0","2024","A","N","Connecticut -- Statewide","Private","NAICS 42451 Grain and field bean merchant wholesalers","State, NAICS 5-digit -- by ownership sector","All establishment sizes",4,0,0,0,0,0,0,"N",0.08,0,0,0,0,0,0,"N",-1,-20.0,0,0,0,0,0,0,0,0,0,0,0,0
"09000","5","424510","58","0","2024","A","N","Connecticut -- Statewide","Private","NAICS 424510 Grain and field bean merchant wholesalers","State, NAICS 6-digit -- by ownership sector","All establishment sizes",4,0,0,0,0,0,0,"N",0.08,0,0,0,0,0,0,"N",-1,-20.0,0,0,0,0,0,0,0,0,0,0,0,0
"09000","5","42452","57","0","2024","A","N","Connecticut -- Statewide","Private","NAICS 42452 Livestock merchant wholesalers","State, NAICS 5-digit -- by ownership sector","All establishment sizes",1,0,0,0,0,0,0,"N",0.06,0,0,0,0,0,0,"N",0,0.0,0,0,0,0,0,0,0,0,0,0,0,0
"09000","5","424520","58","0","2024","A","N","Connecticut -- Statewide","Private","NAICS 424520 Livestock merchant wholesalers","State, NAICS 6-digit -- by ownership sector","All establishment sizes",1,0,0,0,0,0,0,"N",0.06,0,0,0,0,0,0,"N",0,0.0,0,0,0,0,0,0,0,0,0,0,0,0
"09000","5","42459","57","0","2024","A","","Connecticut -- Statewide","Private","NAICS 42459 Other farm product raw material merchant wholesalers","State, NAICS 5-digit -- by ownership sector","All establishment sizes",15,52,12250782,1373296,29069,4553,236730,"",0.61,0.29,0.91,0.30,0.27,3.20,3.19,"",3,25.0,28,116.7,949544,8.4,934789,213.2,19846,215.2,-4409,-49.2,-229300,-49.2
"09000","5","424590","58","0","2024","A","","Connecticut -- Statewide","Private","NAICS 424590 Other farm product raw material merchant wholesalers","State, NAICS 6-digit -- by ownership sector","All establishment sizes",15,52,12250782,1373296,29069,4553,236730,"",0.61,0.29,0.91,0.30,0.27,3.20,3.19,"",3,25.0,28,116.7,949544,8.4,934789,213.2,19846,215.2,-4409,-49.2,-229300,-49.2
"09000","5","4246","56","0","2024","A","","Connecticut -- Statewide","Private","NAICS 4246 Chemical and allied products merchant wholesalers","State, NAICS 4-digit -- by ownership sector","All establishment sizes",268,1456,169830451,40452803,635745,2242,116602,"",1.16,0.88,0.81,0.96,0.90,0.91,0.91,"",18,7.2,-26,-1.8,-6128381,-3.5,14734776,57.3,80857,14.6,-41,-1.8,-2109,-1.8
"09000","5","42461","57","0","2024","A","","Connecticut -- Statewide","Private","NAICS 42461 Plastics materials and basic forms and shapes merchant wholesalers","State, NAICS 5-digit -- by ownership sector","All establishment sizes",58,232,26542310,6478911,83332,2196,114201,"",1.06,0.69,0.65,0.81,0.55,0.93,0.93,"",5,9.4,-2,-0.9,-263961,-1.0,2455486,61.0,10442,14.3,-9,-0.4,-437,-0.4
"09000","5","424610","58","0","2024","A","","Connecticut -- Statewide","Private","NAICS 424610 Plastics materials and basic forms and shapes merchant wholesalers","State, NAICS 6-digit -- by ownership sector","All establishment sizes",58,232,26542310,6478911,83332,2196,114201,"",1.06,0.69,0.65,0.81,0.55,0.93,0.93,"",5,9.4,-2,-0.9,-263961,-1.0,2455486,61.0,10442,14.3,-9,-0.4,-437,-0.4
"09000","5","42469","57","0","2024","A","","Connecticut -- Statewide","Private","NAICS 42469 Other chemical and allied products merchant wholesalers","State, NAICS 5-digit -- by ownership sector","All establishment sizes",210,1224,143288141,33973892,552413,2251,117058,"",1.19,0.93,0.85,1.00,0.99,0.91,0.91,"",13,6.6,-24,-1.9,-5864420,-3.9,12279290,56.6,70415,14.6,-47,-2.0,-2415,-2.0
"09000","5","424690","58","0","2024","A","","Connecticut -- Statewide","Private","NAICS 424690 Other chemical and allied products merchant wholesalers","State, NAICS 6-digit -- by ownership sector","All establishment sizes",210,1224,143288141,33973892,552413,2251,117058,"",1.19,0.93,0.85,1.00,0.99,0.91,0.91,"",13,6.6,-24,-1.9,-5864420,-3.9,12279290,56.6,70415,14.6,-47,-2.0,-2415,-2.0
"09000","5","4247","56","0","2024","A","","Connecticut -- Statewide","Private","NAICS 4247 Petroleum and petroleum products merchant wholesalers","State, NAICS 4-digit -- by ownership sector","All establishment sizes",84,390,46260042,12651762,252728,2280,118540,"",0.80,0.36,0.32,0.43,0.56,0.89,0.89,"",14,20.0,27,7.4,3249115,7.6,4791124,61.0,93587,58.8,4,0.2,188,0.2
"09000","5","42471","57","0","2024","A","","Connecticut -- Statewide","Private","NAICS 42471 Petroleum bulk stations and terminals","State, NAICS 5-digit -- by ownership sector","All establishment sizes",15,90,10915719,3563879,78022,2343,121850,"",0.45,0.24,0.25,0.35,0.54,1.03,1.03,"",4,36.4,6,7.1,961855,9.7,1142085,47.2,24340,45.3,57,2.5,2998,2.5
"09000","5","424710","58","0","2024","A","","Connecticut -- Statewide","Private","NAICS 424710 Petroleum bulk stations and terminals","State, NAICS 6-digit -- by ownership sector","All establishment sizes",15,90,10915719,3563879,78022,2343,121850,"",0.45,0.24,0.25,0.35,0.54,1.03,1.03,"",4,36.4,6,7.1,961855,9.7,1142085,47.2,24340,45.3,57,2.5,2998,2.5
"09000","5","42472","57","0","2024","A","","Connecticut -- Statewide","Private","NAICS 42472 Petroleum and petroleum products merchant wholesalers (except bulk stations and terminals)","State, NAICS 5-digit -- by ownership sector","All establishment sizes",69,301,35344323,9087883,174706,2261,117553,"",0.97,0.41,0.34,0.47,0.57,0.83,0.83,"",10,16.9,21,7.5,2287260,6.9,3649039,67.1,69247,65.7,-12,-0.5,-649,-0.5
"09000","5","424720","58","0","2024","A","","Connecticut -- Statewide","Private","NAICS 424720 Petroleum and petroleum products merchant wholesalers (except bulk stations and terminals)","State, NAICS 6-digit -- by ownership sector","All establishment sizes",69,301,35344323,9087883,174706,2261,117553,"",0.97,0.41,0.34,0.47,0.57,0.83,0.83,"",10,16.9,21,7.5,2287260,6.9,3649039,67.1,69247,65.7,-12,-0.5,-649,-0.5
"09000","5","4248","56","0","2024","A","","Connecticut -- Statewide","Private","NAICS 4248 Beer, wine, and distilled alcoholic beverage merchant wholesalers","State, NAICS 4-digit -- by ownership sector","All establishment sizes",228,2548,352577952,72250343,1289369,2661,138379,"",1.92,1.10,1.54,1.22,1.51,1.40,1.40,"",14,6.5,-101,-3.8,11532804,3.4,26481116,57.9,304579,30.9,185,7.5,9626,7.5
"09000","5","42481","57","0","2024","A","","Connecticut -- Statewide","Private","NAICS 42481 Beer and ale merchant wholesalers","State, NAICS 5-digit -- by ownership sector","All establishment sizes",42,861,70622077,24354323,465948,1578,82047,"",1.14,0.69,0.70,0.76,1.09,1.01,1.01,"",-2,-4.5,-37,-4.1,-766777,-1.1,8585271,54.4,114641,32.6,49,3.2,2535,3.2
"09000","5","424810","58","0","2024","A","","Connecticut -- Statewide","Private","NAICS 424810 Beer and ale merchant wholesalers","State, NAICS 6-digit -- by ownership sector","All establishment sizes",42,861,70622077,24354323,465948,1578,82047,"",1.14,0.69,0.70,0.76,1.09,1.01,1.01,"",-2,-4.5,-37,-4.1,-766777,-1.1,8585271,54.4,114641,32.6,49,3.2,2535,3.2
"09000","5","42482","57","0","2024","A","","Connecticut -- Statewide","Private","NAICS 42482 Wine and distilled alcoholic beverage merchant wholesalers","State, NAICS 5-digit -- by ownership sector","All establishment sizes",186,1687,281955875,47896020,823421,3214,167118,"",2.28,1.56,2.20,1.76,1.93,1.41,1.41,"",16,9.4,-64,-3.7,12299581,4.6,17895845,59.7,189938,30.0,252,8.5,13117,8.5
"09000","5","424820","58","0","2024","A","","Connecticut -- Statewide","Private","NAICS 424820 Wine and distilled alcoholic beverage merchant wholesalers","State, NAICS 6-digit -- by ownership sector","All establishment sizes",186,1687,281955875,47896020,823421,3214,167118,"",2.28,1.56,2.20,1.76,1.93,1.41,1.41,"",16,9.4,-64,-3.7,12299581,4.6,17895845,59.7,189938,30.0,252,8.5,13117,8.5
"09000","5","4249","56","0","2024","A","","Connecticut -- Statewide","Private","NAICS 4249 Miscellaneous nondurable goods merchant wholesalers","State, NAICS 4-digit -- by ownership sector","All establishment sizes",419,2063,176560132,54589209,1180219,1646,85601,"",0.87,0.58,0.58,0.59,0.73,0.99,0.99,"",23,5.8,33,1.6,-7902316,-4.3,19305279,54.7,264165,28.8,-102,-5.8,-5290,-5.8
"09000","5","42491","57","0","2024","A","","Connecticut -- Statewide","Private","NAICS 42491 Farm supplies merchant wholesalers","State, NAICS 5-digit -- by ownership sector","All establishment sizes",76,380,30574956,10661973,286130,1545,80355,"",0.47,0.29,0.25,0.27,0.51,0.84,0.84,"",3,4.1,0,0.0,1723675,6.0,3790532,55.2,62334,27.9,86,5.9,4497,5.9
"09000","5","424910","58","0","2024","A","","Connecticut -- Statewide","Private","NAICS 424910 Farm supplies merchant wholesalers","State, NAICS 6-digit -- by ownership sector","All establishment sizes",76,380,30574956,10661973,286130,1545,80355,"",0.47,0.29,0.25,0.27,0.51,0.84,0.84,"",3,4.1,0,0.0,1723675,6.0,3790532,55.2,62334,27.9,86,5.9,4497,5.9
"09000","5","42492","57","0","2024","A","","Connecticut -- Statewide","Private","NAICS 42492 Book, periodical, and newspaper merchant wholesalers","State, NAICS 5-digit -- by ownership sector","All establishment sizes",46,162,13601101,3641585,68317,1620,84217,"",1.96,0.56,0.56,0.49,0.46,1.00,1.00,"",-3,-6.1,-17,-9.5,-1599426,-10.5,751267,26.0,-5881,-7.9,-10,-0.6,-544,-0.6
"09000","5","424920","58","0","2024","A","","Connecticut -- Statewide","Private","NAICS 424920 Book, periodical, and newspaper merchant wholesalers","State, NAICS 6-digit -- by ownership sector","All establishment sizes",46,162,13601101,3641585,68317,1620,84217,"",1.96,0.56,0.56,0.49,0.46,1.00,1.00,"",-3,-6.1,-17,-9.5,-1599426,-10.5,751267,26.0,-5881,-7.9,-10,-0.6,-544,-0.6
"09000","5","42493","57","0","2024","A","","Connecticut -- Statewide","Private","NAICS 42493 Flower, nursery stock, and florists' supplies merchant wholesalers","State, NAICS 5-digit -- by ownership sector","All establishment sizes",51,493,25882431,12553108,350272,1009,52482,"",1.08,0.93,0.82,1.08,1.42,0.88,0.88,"",1,2.0,3,0.6,34671,0.1,3720771,42.1,98847,39.3,-5,-0.5,-224,-0.4
"09000","5","424930","58","0","2024","A","","Connecticut -- Statewide","Private","NAICS 424930 Flower, nursery stock, and florists' supplies merchant wholesalers","State, NAICS 6-digit -- by ownership sector","All establishment sizes",51,493,25882431,12553108,350272,1009,52482,"",1.08,0.93,0.82,1.08,1.42,0.88,0.88,"",1,2.0,3,0.6,34671,0.1,3720771,42.1,98847,39.3,-5,-0.5,-224,-0.4
"09000","5","42494","57","0","2024","A","","Connecticut -- Statewide","Private","NAICS 42494 Tobacco product and electronic cigarette merchant wholesalers","State, NAICS 5-digit -- by ownership sector","All establishment sizes",46,189,24918562,4928064,68644,2537,131902,"",1.57,0.71,1.11,0.76,0.66,1.57,1.57,"",6,15.0,14,8.0,-6992417,-21.9,2096220,74.0,16388,31.4,-971,-27.7,-50533,-27.7
"09000","5","424940","58","0","2024","A","","Connecticut -- Statewide","Private","NAICS 424940 Tobacco product and electronic cigarette merchant wholesalers","State, NAICS 6-digit -- by ownership sector","All establishment sizes",46,189,24918562,4928064,68644,2537,131902,"",1.57,0.71,1.11,0.76,0.66,1.57,1.57,"",6,15.0,14,8.0,-6992417,-21.9,2096220,74.0,16388,31.4,-971,-27.7,-50533,-27.7
"09000","5","42495","57","0","2024","A","","Connecticut -- Statewide","Private","NAICS 42495 Paint, varnish, and supplies merchant wholesalers","State, NAICS 5-digit -- by ownership sector","All establishment sizes",36,170,14662158,4572077,90449,1657,86164,"",1.03,0.67,0.60,0.71,0.90,0.90,0.90,"",5,16.1,46,37.1,2806981,23.7,2402849,110.8,35817,65.6,-188,-10.2,-9765,-10.2
"09000","5","424950","58","0","2024","A","","Connecticut -- Statewide","Private","NAICS 424950 Paint, varnish, and supplies merchant wholesalers","State, NAICS 6-digit -- by ownership sector","All establishment sizes",36,170,14662158,4572077,90449,1657,86164,"",1.03,0.67,0.60,0.71,0.90,0.90,0.90,"",5,16.1,46,37.1,2806981,23.7,2402849,110.8,35817,65.6,-188,-10.2,-9765,-10.2
"09000","5","42499","57","0","2024","A","","Connecticut -- Statewide","Private","NAICS 42499 Other miscellaneous nondurable goods merchant wholesalers","State, NAICS 5-digit -- by ownership sector","All establishment sizes",164,668,66920924,18232402,316407,1926,100131,"",0.88,0.74,0.84,0.85,0.70,1.14,1.14,"",9,5.8,-13,-1.9,-3875800,-5.5,6543640,56.0,56660,21.8,-73,-3.7,-3842,-3.7
"09000","5","424990","58","0","2024","A","","Connecticut -- Statewide","Private","NAICS 424990 Other miscellaneous nondurable goods merchant wholesalers","State, NAICS 6-digit -- by ownership sector","All establishment sizes",164,668,66920924,18232402,316407,1926,100131,"",0.88,0.74,0.84,0.85,0.70,1.14,1.14,"",9,5.8,-13,-1.9,-3875800,-5.5,6543640,56.0,56660,21.8,-73,-3.7,-3842,-3.7
"09000","5","425","55","0","2024","A","","Connecticut -- Statewide","Private","NAICS 425 Wholesale trade agents and brokers","State, NAICS 3-digit -- by ownership sector","All establishment sizes",2209,5684,1122715848,162034475,2765910,3798,197505,"",1.54,1.06,1.41,1.20,1.10,1.32,1.32,"",-200,-8.3,-487,-7.9,-25237451,-2.2,53799260,49.7,534122,23.9,221,6.2,11494,6.2
"09000","5","4251","56","0","2024","A","","Connecticut -- Statewide","Private","NAICS 4251 Wholesale trade agents and brokers","State, NAICS 4-digit -- by ownership sector","All establishment sizes",2209,5684,1122715848,162034475,2765910,3798,197505,"",1.54,1.06,1.41,1.20,1.10,1.32,1.32,"",-200,-8.3,-487,-7.9,-25237451,-2.2,53799260,49.7,534122,23.9,221,6.2,11494,6.2
"09000","5","42512","57","0","2024","A","","Connecticut -- Statewide","Private","NAICS 42512 Wholesale trade agents and brokers","State, NAICS 5-digit -- by ownership sector","All establishment sizes",2209,5684,1122715848,162034475,2765910,3798,197505,"",1.54,1.06,1.41,1.20,1.10,1.32,1.32,"",-200,-8.3,-487,-7.9,-25237451,-2.2,53799260,49.7,534122,23.9,221,6.2,11494,6.2
"09000","5","425120","58","0","2024","A","","Connecticut -- Statewide","Private","NAICS 425120 Wholesale trade agents and brokers","State, NAICS 6-digit -- by ownership sector","All establishment sizes",2209,5684,1122715848,162034475,2765910,3798,197505,"",1.54,1.06,1.41,1.20,1.10,1.32,1.32,"",-200,-8.3,-487,-7.9,-25237451,-2.2,53799260,49.7,534122,23.9,221,6.2,11494,6.2
"09000","5","44-45","54","0","2024","A","","Connecticut -- Statewide","Private","NAICS 44-45 Retail trade","State, NAICS Sector -- by ownership sector","All establishment sizes",12671,165499,7509070153,3709224465,60452617,873,45372,"",0.96,0.98,0.92,1.07,1.20,0.93,0.93,"",-58,-0.5,-1320,-0.8,143837298,2.0,1093775832,41.8,8421723,16.2,24,2.8,1221,2.8
"09000","5","441","55","0","2024","A","","Connecticut -- Statewide","Private","NAICS 441 Motor vehicle and parts dealers","State, NAICS 3-digit -- by ownership sector","All establishment sizes",1208,21422,1557526431,594767568,11497651,1398,72705,"",0.79,0.97,0.89,1.08,1.33,0.92,0.92,"",-27,-2.2,287,1.4,23063503,1.5,210216002,54.7,2850583,33.0,2,0.1,101,0.1
"09000","5","4411","56","0","2024","A","","Connecticut -- Statewide","Private","NAICS 4411 Automobile dealers","State, NAICS 4-digit -- by ownership sector","All establishment sizes",564,14854,1220593299,429340838,8613901,1580,82170,"",0.97,1.07,0.95,1.20,1.47,0.89,0.89,"",-20,-3.4,367,2.5,18894464,1.6,156749453,57.5,2241078,35.2,-15,-0.9,-783,-0.9
"09000","5","44111","57","0","2024","A","","Connecticut -- Statewide","Private","NAICS 44111 New car dealers","State, NAICS 5-digit -- by ownership sector","All establishment sizes",280,13198,1116950642,383874342,7654389,1627,84628,"",1.07,1.09,0.97,1.22,1.52,0.89,0.89,"",-7,-2.4,385,3.0,17334514,1.6,142077529,58.8,1948816,34.2,-23,-1.4,-1192,-1.4
"09000","5","441110","58","0","2024","A","","Connecticut -- Statewide","Private","NAICS 441110 New car dealers","State, NAICS 6-digit -- by ownership sector","All establishment sizes",280,13198,1116950642,383874342,7654389,1627,84628,"",1.07,1.09,0.97,1.22,1.52,0.89,0.89,"",-7,-2.4,385,3.0,17334514,1.6,142077529,58.8,1948816,34.2,-23,-1.4,-1192,-1.4
"09000","5","44112","57","0","2024","A","","Connecticut -- Statewide","Private","NAICS 44112 Used car dealers","State, NAICS 5-digit -- by ownership sector","All establishment sizes",283,1656,103642657,45466496,959512,1203,62580,"",0.88,0.92,0.77,1.02,1.19,0.84,0.84,"",-14,-4.7,-17,-1.0,1559950,1.5,14671924,47.6,292262,43.8,30,2.6,1577,2.6
"09000","5","441120","58","0","2024","A","","Connecticut -- Statewide","Private","NAICS 441120 Used car dealers","State, NAICS 6-digit -- by ownership sector","All establishment sizes",283,1656,103642657,45466496,959512,1203,62580,"",0.88,0.92,0.77,1.02,1.19,0.84,0.84,"",-14,-4.7,-17,-1.0,1559950,1.5,14671924,47.6,292262,43.8,30,2.6,1577,2.6
"09000","5","4412","56","0","2024","A","","Connecticut -- Statewide","Private","NAICS 4412 Other motor vehicle dealers","State, NAICS 4-digit -- by ownership sector","All establishment sizes",130,1242,80018412,33503046,841764,1239,64414,"",0.68,0.67,0.59,0.68,0.91,0.88,0.88,"",-3,-2.3,-89,-6.7,-1962314,-2.4,9864348,41.7,224743,36.4,55,4.6,2825,4.6
"09000","5","44121","57","0","2024","A","","Connecticut -- Statewide","Private","NAICS 44121 Recreational vehicle dealers","State, NAICS 5-digit -- by ownership sector","All establishment sizes",13,185,12461408,5002330,143326,1297,67420,"",0.34,0.32,0.28,0.30,0.43,0.85,0.85,"",0,0.0,7,3.9,1164819,10.3,1620157,47.9,59964,71.9,76,6.2,3926,6.2
"09000","5","441210","58","0","2024","A","","Connecticut -- Statewide","Private","NAICS 441210 Recreational vehicle dealers","State, NAICS 6-digit -- by ownership sector","All establishment sizes",13,185,12461408,5002330,143326,1297,67420,"",0.34,0.32,0.28,0.30,0.43,0.85,0.85,"",0,0.0,7,3.9,1164819,10.3,1620157,47.9,59964,71.9,76,6.2,3926,6.2
"09000","5","44122","57","0","2024","A","","Connecticut -- Statewide","Private","NAICS 44122 Motorcycle, boat, and other motor vehicle dealers","State, NAICS 5-digit -- by ownership sector","All establishment sizes",117,1057,67557004,28500716,698438,1229,63889,"",0.77,0.83,0.75,0.88,1.18,0.90,0.90,"",-4,-3.3,-96,-8.3,-3127133,-4.4,8244191,40.7,164779,30.9,50,4.2,2593,4.2
"09000","5","441222","58","0","2024","A","","Connecticut -- Statewide","Private","NAICS 441222 Boat dealers","State, NAICS 6-digit -- by ownership sector","All establishment sizes",63,544,36251611,14589753,363826,1282,66639,"",1.12,1.29,1.13,1.39,1.63,0.88,0.88,"",-2,-3.1,-22,-3.9,511178,1.4,4916946,50.8,100030,37.9,68,5.6,3493,5.5
"09000","5","441227","58","0","2024","A","","Connecticut -- Statewide","Private","NAICS 441227 Motorcycle, atv, and all other motor vehicle dealers","State, NAICS 6-digit -- by ownership sector","All establishment sizes",54,513,31305393,13910963,334612,1173,60975,"",0.57,0.60,0.54,0.63,0.91,0.89,0.89,"",-2,-3.6,-74,-12.6,-3638311,-10.4,3327245,31.4,64749,24.0,29,2.5,1463,2.5
"09000","5","4413","56","0","2024","A","","Connecticut -- Statewide","Private","NAICS 4413 Automotive parts, accessories, and tire retailers","State, NAICS 4-digit -- by ownership sector","All establishment sizes",514,5326,256914720,131923684,2041986,928,48241,"",0.68,0.83,0.77,0.90,1.09,0.92,0.92,"",-4,-0.8,9,0.2,6131353,2.4,43602201,49.4,384762,23.2,21,2.3,1075,2.3
"09000","5","44133","57","0","2024","A","","Connecticut -- Statewide","Private","NAICS 44133 Automotive parts and accessories retailers","State, NAICS 5-digit -- by ownership sector","All establishment sizes",348,3797,165154358,91771237,1427861,836,43491,"",0.69,0.88,0.81,1.00,1.25,0.92,0.92,"",-2,-0.6,-3,-0.1,3763639,2.3,29663412,47.8,270005,23.3,19,2.3,1017,2.4
"09000","5","441330","58","0","2024","A","","Connecticut -- Statewide","Private","NAICS 441330 Automotive parts and accessories retailers","State, NAICS 6-digit -- by ownership sector","All establishment sizes",348,3797,165154358,91771237,1427861,836,43491,"",0.69,0.88,0.81,1.00,1.25,0.92,0.92,"",-2,-0.6,-3,-0.1,3763639,2.3,29663412,47.8,270005,23.3,19,2.3,1017,2.4
"09000","5","44134","57","0","2024","A","","Connecticut -- Statewide","Private","NAICS 44134 Tire dealers","State, NAICS 5-digit -- by ownership sector","All establishment sizes",166,1528,91760362,40152447,614125,1155,60043,"",0.65,0.73,0.69,0.74,0.83,0.94,0.94,"",-2,-1.2,11,0.7,2367714,2.6,13938789,53.2,114757,23.0,22,1.9,1125,1.9
"09000","5","441340","58","0","2024","A","","Connecticut -- Statewide","Private","NAICS 441340 Tire dealers","State, NAICS 6-digit -- by ownership sector","All establishment sizes",166,1528,91760362,40152447,614125,1155,60043,"",0.65,0.73,0.69,0.74,0.83,0.94,0.94,"",-2,-1.2,11,0.7,2367714,2.6,13938789,53.2,114757,23.0,22,1.9,1125,1.9
"09000","5","444","55","0","2024","A","","Connecticut -- Statewide","Private","NAICS 444 Building material and garden equipment and supplies dealers","State, NAICS 3-digit -- by ownership sector","All establishment sizes",856,15494,788798948,363913436,6738669,979,50908,"",0.95,1.03,1.01,1.11,1.42,0.99,0.99,"",-7,-0.8,-195,-1.2,15415452,2.0,111835534,44.4,1270064,23.2,31,3.3,1613,3.3
"09000","5","4441","56","0","2024","A","","Connecticut -- Statewide","Private","NAICS 4441 Building material and supplies dealers","State, NAICS 4-digit -- by ownership sector","All establishment sizes",623,12998,676224026,303602501,4872358,1000,52024,"",0.92,1.00,0.99,1.07,1.27,0.99,0.99,"",-6,-1.0,-174,-1.3,10671632,1.6,93354526,44.4,732806,17.7,28,2.9,1498,3.0
"09000","5","44411","57","0","2024","A","","Connecticut -- Statewide","Private","NAICS 44411 Home centers","State, NAICS 5-digit -- by ownership sector","All establishment sizes",97,8027,313441184,174509581,2778263,751,39049,"",0.83,1.01,0.92,1.05,1.32,0.91,0.91,"",1,1.0,-129,-1.6,4441305,1.4,50532588,40.8,384374,16.1,22,3.0,1163,3.1
"09000","5","444110","58","0","2024","A","","Connecticut -- Statewide","Private","NAICS 444110 Home centers","State, NAICS 6-digit -- by ownership sector","All establishment sizes",97,8027,313441184,174509581,2778263,751,39049,"",0.83,1.01,0.92,1.05,1.32,0.91,0.91,"",1,1.0,-129,-1.6,4441305,1.4,50532588,40.8,384374,16.1,22,3.0,1163,3.1
"09000","5","44412","57","0","2024","A","","Connecticut -- Statewide","Private","NAICS 44412 Paint and wallpaper retailers","State, NAICS 5-digit -- by ownership sector","All establishment sizes",81,481,33656792,12269733,168411,1346,70009,"",0.97,1.07,1.11,1.19,1.34,1.04,1.04,"",-2,-2.4,-6,-1.2,-3354583,-9.1,4115640,50.5,26082,18.3,-115,-7.9,-5964,-7.9
"09000","5","444120","58","0","2024","A","","Connecticut -- Statewide","Private","NAICS 444120 Paint and wallpaper retailers","State, NAICS 6-digit -- by ownership sector","All establishment sizes",81,481,33656792,12269733,168411,1346,70009,"",0.97,1.07,1.11,1.19,1.34,1.04,1.04,"",-2,-2.4,-6,-1.2,-3354583,-9.1,4115640,50.5,26082,18.3,-115,-7.9,-5964,-7.9
"09000","5","44414","57","0","2024","A","","Connecticut -- Statewide","Private","NAICS 44414 Hardware retailers","State, NAICS 5-digit -- by ownership sector","All establishment sizes",139,1282,51165366,27403516,383888,767,39908,"",0.72,0.67,0.59,0.68,0.76,0.88,0.88,"",2,1.5,-25,-1.9,810108,1.6,7579731,38.2,8252,2.2,26,3.5,1386,3.6
"09000","5","444140","58","0","2024","A","","Connecticut -- Statewide","Private","NAICS 444140 Hardware retailers","State, NAICS 6-digit -- by ownership sector","All establishment sizes",139,1282,51165366,27403516,383888,767,39908,"",0.72,0.67,0.59,0.68,0.76,0.88,0.88,"",2,1.5,-25,-1.9,810108,1.6,7579731,38.2,8252,2.2,26,3.5,1386,3.6
"09000","5","44418","57","0","2024","A","","Connecticut -- Statewide","Private","NAICS 44418 Other building material dealers","State, NAICS 5-digit -- by ownership sector","All establishment sizes",306,3209,277960684,89419671,1541796,1666,86630,"",1.07,1.18,1.23,1.31,1.39,1.05,1.05,"",-7,-2.2,-13,-0.4,8774802,3.3,31126567,53.4,314098,25.6,59,3.7,3086,3.7
"09000","5","444180","58","0","2024","A","","Connecticut -- Statewide","Private","NAICS 444180 Other building material dealers","State, NAICS 6-digit -- by ownership sector","All establishment sizes",306,3209,277960684,89419671,1541796,1666,86630,"",1.07,1.18,1.23,1.31,1.39,1.05,1.05,"",-7,-2.2,-13,-0.4,8774802,3.3,31126567,53.4,314098,25.6,59,3.7,3086,3.7
"09000","5","4442","56","0","2024","A","","Connecticut -- Statewide","Private","NAICS 4442 Lawn and garden equipment and supplies retailers","State, NAICS 4-digit -- by ownership sector","All establishment sizes",233,2496,112574922,60310935,1866311,867,45098,"",1.07,1.23,1.19,1.42,2.08,0.97,0.97,"",-1,-0.4,-20,-0.8,4743820,4.4,18481008,44.2,537258,40.4,43,5.2,2247,5.2
"09000","5","44423","57","0","2024","A","","Connecticut -- Statewide","Private","NAICS 44423 Outdoor power equipment retailers","State, NAICS 5-digit -- by ownership sector","All establishment sizes",67,533,30739999,14203056,296621,1109,57683,"",1.44,1.57,1.40,1.79,2.42,0.89,0.89,"",-1,-1.5,24,4.7,2446392,8.6,5147728,56.8,88870,42.8,40,3.7,2115,3.8
"09000","5","444230","58","0","2024","A","","Connecticut -- Statewide","Private","NAICS 444230 Outdoor power equipment retailers","State, NAICS 6-digit -- by ownership sector","All establishment sizes",67,533,30739999,14203056,296621,1109,57683,"",1.44,1.57,1.40,1.79,2.42,0.89,0.89,"",-1,-1.5,24,4.7,2446392,8.6,5147728,56.8,88870,42.8,40,3.7,2115,3.8
"09000","5","44424","57","0","2024","A","","Connecticut -- Statewide","Private","NAICS 44424 Nursery, garden center, and farm supply retailers","State, NAICS 5-digit -- by ownership sector","All establishment sizes",166,1963,81834923,46107879,1569690,802,41682,"",0.97,1.17,1.13,1.33,2.02,0.97,0.97,"",0,0.0,-44,-2.2,2297428,2.9,13333280,40.7,448388,40.0,40,5.2,2057,5.2
"09000","5","444240","58","0","2024","A","","Connecticut -- Statewide","Private","NAICS 444240 Nursery, garden center, and farm supply retailers","State, NAICS 6-digit -- by ownership sector","All establishment sizes",166,1963,81834923,46107879,1569690,802,41682,"",0.97,1.17,1.13,1.33,2.02,0.97,0.97,"",0,0.0,-44,-2.2,2297428,2.9,13333280,40.7,448388,40.0,40,5.2,2057,5.2
"09000","5","445","55","0","2024","A","","Connecticut -- Statewide","Private","NAICS 445 Food and beverage retailers","State, NAICS 3-digit -- by ownership sector","All establishment sizes",2562,40838,1453664387,892143249,11832592,685,35596,"",1.30,1.17,1.08,1.31,1.36,0.92,0.92,"",-3,-0.1,-185,-0.5,29620808,2.1,254632109,39.9,341876,3.0,17,2.5,882,2.5
"09000","5","4451","56","0","2024","A","","Connecticut -- Statewide","Private","NAICS 4451 Grocery and convenience retailers","State, NAICS 4-digit -- by ownership sector","All establishment sizes",1302,35322,1267258632,775488433,10072143,690,35877,"",1.08,1.16,1.08,1.31,1.42,0.93,0.93,"",1,0.1,-67,-0.2,26285678,2.1,225917681,41.1,362736,3.7,16,2.4,811,2.3
"09000","5","44511","57","0","2024","A","","Connecticut -- Statewide","Private","NAICS 44511 Supermarkets and other grocery retailers (except convenience retailers)","State, NAICS 5-digit -- by ownership sector","All establishment sizes",769,33950,1224789271,745187975,9601572,694,36076,"",1.06,1.20,1.12,1.36,1.54,0.94,0.94,"",-8,-1.0,-36,-0.1,24663664,2.1,217994505,41.4,378010,4.1,15,2.2,764,2.2
"09000","5","445110","58","0","2024","A","","Connecticut -- Statewide","Private","NAICS 445110 Supermarkets and other grocery retailers (except convenience retailers)","State, NAICS 6-digit -- by ownership sector","All establishment sizes",769,33950,1224789271,745187975,9601572,694,36076,"",1.06,1.20,1.12,1.36,1.54,0.94,0.94,"",-8,-1.0,-36,-0.1,24663664,2.1,217994505,41.4,378010,4.1,15,2.2,764,2.2
"09000","5","44513","57","0","2024","A","","Connecticut -- Statewide","Private","NAICS 44513 Convenience retailers and vending machine operators","State, NAICS 5-digit -- by ownership sector","All establishment sizes",533,1372,42469361,30300458,470571,595,30947,"",1.12,0.62,0.50,0.67,0.56,0.81,0.81,"",8,1.5,-31,-2.2,1622014,4.0,7923176,35.4,-15274,-3.1,35,6.2,1838,6.3
"09000","5","445131","58","0","2024","A","","Connecticut -- Statewide","Private","NAICS 445131 Convenience retailers","State, NAICS 6-digit -- by ownership sector","All establishment sizes",514,1103,28673524,23037106,362214,500,26002,"",1.18,0.61,0.47,0.64,0.56,0.76,0.76,"",11,2.2,-28,-2.5,843304,3.0,5536278,31.6,-32908,-8.3,27,5.7,1386,5.6
"09000","5","445132","58","0","2024","A","","Connecticut -- Statewide","Private","NAICS 445132 Vending machine operators","State, NAICS 6-digit -- by ownership sector","All establishment sizes",19,270,13795837,7263352,108357,984,51175,"",0.45,0.67,0.61,0.79,0.55,0.90,0.90,"",-3,-13.6,-3,-1.1,778710,6.0,2386898,48.9,17634,19.4,66,7.2,3435,7.2
"09000","5","4452","56","0","2024","A","","Connecticut -- Statewide","Private","NAICS 4452 Specialty food retailers","State, NAICS 4-digit -- by ownership sector","All establishment sizes",322,2208,80146295,48260043,751481,698,36290,"",0.91,0.85,0.74,0.90,0.76,0.88,0.88,"",1,0.3,33,1.5,3328253,4.3,12656786,35.5,-22139,-2.9,19,2.8,966,2.7
"09000","5","44523","57","0","2024","A","","Connecticut -- Statewide","Private","NAICS 44523 Fruit and vegetable retailers","State, NAICS 5-digit -- by ownership sector","All establishment sizes",40,323,11543026,7277540,110880,687,35700,"",0.95,0.82,0.67,0.92,0.68,0.82,0.82,"",2,5.3,1,0.3,581249,5.3,1884095,34.9,-3170,-2.8,32,4.9,1622,4.8
"09000","5","445230","58","0","2024","A","","Connecticut -- Statewide","Private","NAICS 445230 Fruit and vegetable retailers","State, NAICS 6-digit -- by ownership sector","All establishment sizes",40,323,11543026,7277540,110880,687,35700,"",0.95,0.82,0.67,0.92,0.68,0.82,0.82,"",2,5.3,1,0.3,581249,5.3,1884095,34.9,-3170,-2.8,32,4.9,1622,4.8
"09000","5","44524","57","0","2024","A","","Connecticut -- Statewide","Private","NAICS 44524 Meat retailers","State, NAICS 5-digit -- by ownership sector","All establishment sizes",60,463,18449639,10419748,156149,767,39877,"",0.71,0.67,0.62,0.73,0.70,0.93,0.93,"",0,0.0,-31,-6.3,-137102,-0.7,1802823,20.9,-33215,-17.5,43,5.9,2220,5.9
"09000","5","445240","58","0","2024","A","","Connecticut -- Statewide","Private","NAICS 445240 Meat retailers","State, NAICS 6-digit -- by ownership sector","All establishment sizes",60,463,18449639,10419748,156149,767,39877,"",0.71,0.67,0.62,0.73,0.70,0.93,0.93,"",0,0.0,-31,-6.3,-137102,-0.7,1802823,20.9,-33215,-17.5,43,5.9,2220,5.9
"09000","5","44525","57","0","2024","A","","Connecticut -- Statewide","Private","NAICS 44525 Fish and seafood retailers","State, NAICS 5-digit -- by ownership sector","All establishment sizes",43,259,9640562,6154304,92869,716,37246,"",1.54,1.63,1.35,1.79,1.33,0.83,0.83,"",0,0.0,0,0.0,534259,5.9,1719288,38.8,-11505,-11.0,40,5.9,2098,6.0
"09000","5","445250","58","0","2024","A","","Connecticut -- Statewide","Private","NAICS 445250 Fish and seafood retailers","State, NAICS 6-digit -- by ownership sector","All establishment sizes",43,259,9640562,6154304,92869,716,37246,"",1.54,1.63,1.35,1.79,1.33,0.83,0.83,"",0,0.0,0,0.0,534259,5.9,1719288,38.8,-11505,-11.0,40,5.9,2098,6.0
"09000","5","44529","57","0","2024","A","","Connecticut -- Statewide","Private","NAICS 44529 Other specialty food retailers","State, NAICS 5-digit -- by ownership sector","All establishment sizes",178,1164,40513068,24408451,391583,670,34815,"",0.88,0.86,0.76,0.88,0.73,0.88,0.88,"",-3,-1.7,64,5.8,2349847,6.2,7250580,42.3,25751,7.0,3,0.4,132,0.4
"09000","5","445291","58","0","2024","A","","Connecticut -- Statewide","Private","NAICS 445291 Baked goods retailers","State, NAICS 6-digit -- by ownership sector","All establishment sizes",21,90,3655892,2032230,41811,780,40546,"",0.65,0.39,0.41,0.45,0.51,1.05,1.05,"",3,16.7,20,28.6,590251,19.3,888448,77.7,14214,51.5,-61,-7.3,-3197,-7.3
"09000","5","445292","58","0","2024","A","","Connecticut -- Statewide","Private","NAICS 445292 Confectionery and nut retailers","State, NAICS 6-digit -- by ownership sector","All establishment sizes",28,157,6076194,3327078,70246,742,38599,"",0.72,0.69,0.80,0.80,0.70,1.17,1.16,"",1,3.7,-7,-4.3,-679692,-10.1,618058,22.8,-949,-1.3,-50,-6.3,-2595,-6.3
"09000","5","445298","58","0","2024","A","","Connecticut -- Statewide","Private","NAICS 445298 All other specialty food retailers","State, NAICS 6-digit -- by ownership sector","All establishment sizes",130,916,30780982,19049143,279526,646,33601,"",1.00,1.03,0.83,1.00,0.79,0.81,0.81,"",-6,-4.4,50,5.8,2439288,8.6,5744074,43.2,12486,4.7,17,2.7,883,2.7
"09000","5","4453","56","0","2024","A","","Connecticut -- Statewide","Private","NAICS 4453 Beer, wine, and liquor retailers","State, NAICS 4-digit -- by ownership sector","All establishment sizes",938,3307,106259460,68394773,1008968,618,32131,"",2.23,1.77,1.57,1.85,1.65,0.89,0.89,"",-5,-0.5,-152,-4.4,6877,0.0,16057642,30.7,1279,0.1,27,4.6,1410,4.6
"09000","5","44532","57","0","2024","A","","Connecticut -- Statewide","Private","NAICS 44532 Beer, wine, and liquor retailers","State, NAICS 5-digit -- by ownership sector","All establishment sizes",938,3307,106259460,68394773,1008968,618,32131,"",2.23,1.77,1.57,1.85,1.65,0.89,0.89,"",-5,-0.5,-152,-4.4,6877,0.0,16057642,30.7,1279,0.1,27,4.6,1410,4.6
"09000","5","445320","58","0","2024","A","","Connecticut -- Statewide","Private","NAICS 445320 Beer, wine, and liquor retailers","State, NAICS 6-digit -- by ownership sector","All establishment sizes",938,3307,106259460,68394773,1008968,618,32131,"",2.23,1.77,1.57,1.85,1.65,0.89,0.89,"",-5,-0.5,-152,-4.4,6877,0.0,16057642,30.7,1279,0.1,27,4.6,1410,4.6
"09000","5","449","55","0","2024","A","","Connecticut -- Statewide","Private","NAICS 449 Furniture, home furnishings, electronics, and appliance retailers","State, NAICS 3-digit -- by ownership sector","All establishment sizes",1020,9307,598765778,232497168,4666703,1237,64337,"",0.93,1.07,0.99,1.19,1.37,0.92,0.92,"",-39,-3.7,-239,-2.5,-4461851,-0.7,69672194,42.8,1083150,30.2,22,1.8,1146,1.8
"09000","5","4491","56","0","2024","A","","Connecticut -- Statewide","Private","NAICS 4491 Furniture and home furnishings retailers","State, NAICS 4-digit -- by ownership sector","All establishment sizes",519,5150,329740864,125219336,2354100,1231,64022,"",0.90,1.16,1.19,1.25,1.40,1.02,1.02,"",-14,-2.6,-33,-0.6,5053200,1.6,39279961,45.7,554513,30.8,26,2.2,1379,2.2
"09000","5","44911","57","0","2024","A","","Connecticut -- Statewide","Private","NAICS 44911 Furniture retailers","State, NAICS 5-digit -- by ownership sector","All establishment sizes",226,2423,215939510,69213252,1456643,1714,89105,"",0.80,1.12,1.49,1.32,1.67,1.33,1.33,"",-7,-3.0,-158,-6.1,-1936680,-0.9,22392951,47.8,428011,41.6,91,5.6,4690,5.6
"09000","5","449110","58","0","2024","A","","Connecticut -- Statewide","Private","NAICS 449110 Furniture retailers","State, NAICS 6-digit -- by ownership sector","All establishment sizes",226,2423,215939510,69213252,1456643,1714,89105,"",0.80,1.12,1.49,1.32,1.67,1.33,1.33,"",-7,-3.0,-158,-6.1,-1936680,-0.9,22392951,47.8,428011,41.6,91,5.6,4690,5.6
"09000","5","44912","57","0","2024","A","","Connecticut -- Statewide","Private","NAICS 44912 Home furnishings retailers","State, NAICS 5-digit -- by ownership sector","All establishment sizes",293,2727,113801354,56006084,897457,803,41731,"",1.00,1.21,0.86,1.17,1.10,0.71,0.71,"",-8,-2.7,125,4.8,6989880,6.5,16887010,43.2,126502,16.4,14,1.8,684,1.7
"09000","5","449121","58","0","2024","A","","Connecticut -- Statewide","Private","NAICS 449121 Floor covering retailers","State, NAICS 6-digit -- by ownership sector","All establishment sizes",104,654,44727615,17490756,294927,1315,68365,"",0.93,0.88,0.76,0.91,0.91,0.86,0.86,"",-6,-5.5,-12,-1.8,1635333,3.8,6193395,54.8,65960,28.8,70,5.6,3638,5.6
"09000","5","449122","58","0","2024","A","","Connecticut -- Statewide","Private","NAICS 449122 Window treatment retailers","State, NAICS 6-digit -- by ownership sector","All establishment sizes",27,69,3767261,1701568,26502,1051,54664,"",0.75,0.48,0.36,0.48,0.39,0.75,0.75,"",1,3.8,2,3.0,83782,2.3,557868,48.8,6095,29.9,-2,-0.2,-109,-0.2
"09000","5","449129","58","0","2024","A","","Connecticut -- Statewide","Private","NAICS 449129 All other home furnishings retailers","State, NAICS 6-digit -- by ownership sector","All establishment sizes",162,2004,65306478,36813760,576028,627,32591,"",1.12,1.47,1.04,1.46,1.37,0.71,0.71,"",-3,-1.8,135,7.2,5270765,8.8,10135747,38.0,54447,10.4,9,1.5,472,1.5
"09000","5","4492","56","0","2024","A","","Connecticut -- Statewide","Private","NAICS 4492 Electronics and appliance retailers","State, NAICS 4-digit -- by ownership sector","All establishment sizes",500,4156,269024914,107277832,2312603,1245,64728,"",0.96,0.98,0.82,1.13,1.35,0.84,0.84,"",-26,-4.9,-207,-4.7,-9515051,-3.4,30392233,39.5,528637,29.6,17,1.4,887,1.4
"09000","5","44921","57","0","2024","A","","Connecticut -- Statewide","Private","NAICS 44921 Electronics and appliance retailers","State, NAICS 5-digit -- by ownership sector","All establishment sizes",500,4156,269024914,107277832,2312603,1245,64728,"",0.96,0.98,0.82,1.13,1.35,0.84,0.84,"",-26,-4.9,-207,-4.7,-9515051,-3.4,30392233,39.5,528637,29.6,17,1.4,887,1.4
"09000","5","449210","58","0","2024","A","","Connecticut -- Statewide","Private","NAICS 449210 Electronics and appliance retailers","State, NAICS 6-digit -- by ownership sector","All establishment sizes",500,4156,269024914,107277832,2312603,1245,64728,"",0.96,0.98,0.82,1.13,1.35,0.84,0.84,"",-26,-4.9,-207,-4.7,-9515051,-3.4,30392233,39.5,528637,29.6,17,1.4,887,1.4
"09000","5","455","55","0","2024","A","","Connecticut -- Statewide","Private","NAICS 455 General merchandise retailers","State, NAICS 3-digit -- by ownership sector","All establishment sizes",727,29365,965211564,607858448,8755508,632,32870,"",0.71,0.83,0.71,0.90,1.02,0.85,0.85,"",5,0.7,89,0.3,42898989,4.7,169419084,38.6,1089397,14.2,26,4.3,1366,4.3
"09000","5","4551","56","0","2024","A","","Connecticut -- Statewide","Private","NAICS 4551 Department stores","State, NAICS 4-digit -- by ownership sector","All establishment sizes",156,18514,560939041,374510755,5429782,583,30298,"",1.02,1.67,1.48,1.89,1.88,0.89,0.89,"",-2,-1.3,-41,-0.2,17619769,3.2,100935365,36.9,721811,15.3,20,3.6,1016,3.5
"09000","5","45511","57","0","2024","A","","Connecticut -- Statewide","Private","NAICS 45511 Department stores","State, NAICS 5-digit -- by ownership sector","All establishment sizes",156,18514,560939041,374510755,5429782,583,30298,"",1.02,1.67,1.48,1.89,1.88,0.89,0.89,"",-2,-1.3,-41,-0.2,17619769,3.2,100935365,36.9,721811,15.3,20,3.6,1016,3.5
"09000","5","455110","58","0","2024","A","","Connecticut -- Statewide","Private","NAICS 455110 Department stores","State, NAICS 6-digit -- by ownership sector","All establishment sizes",156,18514,560939041,374510755,5429782,583,30298,"",1.02,1.67,1.48,1.89,1.88,0.89,0.89,"",-2,-1.3,-41,-0.2,17619769,3.2,100935365,36.9,721811,15.3,20,3.6,1016,3.5
"09000","5","4552","56","0","2024","A","","Connecticut -- Statewide","Private","NAICS 4552 Warehouse clubs, supercenters, and other general merchandise retailers","State, NAICS 4-digit -- by ownership sector","All establishment sizes",570,10851,404272523,233347693,3325726,716,37258,"",0.65,0.45,0.41,0.49,0.59,0.92,0.92,"",5,0.9,130,1.2,25279220,6.7,68483719,41.5,367586,12.4,36,5.3,1907,5.4
"09000","5","45521","57","0","2024","A","","Connecticut -- Statewide","Private","NAICS 45521 Warehouse clubs, supercenters, and other general merchandise retailers","State, NAICS 5-digit -- by ownership sector","All establishment sizes",570,10851,404272523,233347693,3325726,716,37258,"",0.65,0.45,0.41,0.49,0.59,0.92,0.92,"",5,0.9,130,1.2,25279220,6.7,68483719,41.5,367586,12.4,36,5.3,1907,5.4
"09000","5","455211","58","0","2024","A","","Connecticut -- Statewide","Private","NAICS 455211 Warehouse clubs and supercenters","State, NAICS 6-digit -- by ownership sector","All establishment sizes",36,5952,258547187,140359072,1939712,835,43442,"",0.46,0.33,0.34,0.39,0.51,1.04,1.04,"",3,9.1,19,0.3,12964141,5.3,46004081,48.8,309447,19.0,39,4.9,2049,5.0
"09000","5","455219","58","0","2024","A","","Connecticut -- Statewide","Private","NAICS 455219 All other general merchandise retailers","State, NAICS 6-digit -- by ownership sector","All establishment sizes",534,4899,145725336,92988621,1386014,572,29744,"",0.67,0.78,0.64,0.79,0.76,0.82,0.82,"",2,0.4,111,2.3,12315079,9.2,22479638,31.9,58139,4.4,36,6.7,1880,6.7
"09000","5","456","55","0","2024","A","","Connecticut -- Statewide","Private","NAICS 456 Health and personal care retailers","State, NAICS 3-digit -- by ownership sector","All establishment sizes",1384,12437,618172510,278718703,4215009,956,49704,"",0.97,1.06,0.91,1.16,1.17,0.86,0.86,"",-13,-0.9,-278,-2.2,-2163557,-0.3,80631739,40.7,391036,10.2,18,1.9,914,1.9
"09000","5","4561","56","0","2024","A","","Connecticut -- Statewide","Private","NAICS 4561 Health and personal care retailers","State, NAICS 4-digit -- by ownership sector","All establishment sizes",1384,12437,618172510,278718703,4215009,956,49704,"",0.97,1.06,0.91,1.16,1.17,0.86,0.86,"",-13,-0.9,-278,-2.2,-2163557,-0.3,80631739,40.7,391036,10.2,18,1.9,914,1.9
"09000","5","45611","57","0","2024","A","","Connecticut -- Statewide","Private","NAICS 45611 Pharmacies and drug retailers","State, NAICS 5-digit -- by ownership sector","All establishment sizes",774,8818,438117412,196261264,2778947,956,49686,"",1.00,1.16,0.94,1.23,1.27,0.82,0.82,"",-14,-1.8,-288,-3.2,-12086640,-2.7,54244318,38.2,177301,6.8,5,0.5,244,0.5
"09000","5","456110","58","0","2024","A","","Connecticut -- Statewide","Private","NAICS 456110 Pharmacies and drug retailers","State, NAICS 6-digit -- by ownership sector","All establishment sizes",774,8818,438117412,196261264,2778947,956,49686,"",1.00,1.16,0.94,1.23,1.27,0.82,0.82,"",-14,-1.8,-288,-3.2,-12086640,-2.7,54244318,38.2,177301,6.8,5,0.5,244,0.5
"09000","5","45612","57","0","2024","A","","Connecticut -- Statewide","Private","NAICS 45612 Cosmetics, beauty supplies, and perfume retailers","State, NAICS 5-digit -- by ownership sector","All establishment sizes",205,1686,55787360,33038815,478708,636,33079,"",0.83,0.83,0.68,0.94,0.80,0.82,0.82,"",5,2.5,63,3.9,4251697,8.3,9532681,40.6,7907,1.7,26,4.3,1334,4.2
"09000","5","456120","58","0","2024","A","","Connecticut -- Statewide","Private","NAICS 456120 Cosmetics, beauty supplies, and perfume retailers","State, NAICS 6-digit -- by ownership sector","All establishment sizes",205,1686,55787360,33038815,478708,636,33079,"",0.83,0.83,0.68,0.94,0.80,0.82,0.82,"",5,2.5,63,3.9,4251697,8.3,9532681,40.6,7907,1.7,26,4.3,1334,4.2
"09000","5","45613","57","0","2024","A","","Connecticut -- Statewide","Private","NAICS 45613 Optical goods retailers","State, NAICS 5-digit -- by ownership sector","All establishment sizes",149,756,44838389,18487983,262114,1141,59323,"",1.14,0.97,0.98,1.08,0.97,1.02,1.02,"",-6,-3.9,-41,-5.1,-1439792,-3.1,6039851,48.5,34125,15.0,24,2.1,1221,2.1
"09000","5","456130","58","0","2024","A","","Connecticut -- Statewide","Private","NAICS 456130 Optical goods retailers","State, NAICS 6-digit -- by ownership sector","All establishment sizes",149,756,44838389,18487983,262114,1141,59323,"",1.14,0.97,0.98,1.08,0.97,1.02,1.02,"",-6,-3.9,-41,-5.1,-1439792,-3.1,6039851,48.5,34125,15.0,24,2.1,1221,2.1
"09000","5","45619","57","0","2024","A","","Connecticut -- Statewide","Private","NAICS 45619 Other health and personal care retailers","State, NAICS 5-digit -- by ownership sector","All establishment sizes",255,1177,79429349,30930641,695240,1298,67485,"",0.93,0.91,0.89,1.05,1.31,0.98,0.98,"",0,0.0,-12,-1.0,7111178,9.8,10814889,53.8,171703,32.8,128,10.9,6658,10.9
"09000","5","456191","58","0","2024","A","","Connecticut -- Statewide","Private","NAICS 456191 Food (health) supplement retailers","State, NAICS 6-digit -- by ownership sector","All establishment sizes",90,253,11616531,5760575,102238,883,45930,"",0.70,0.49,0.39,0.55,0.55,0.80,0.80,"",1,1.1,-29,-10.3,-386121,-3.2,1362773,31.0,-5725,-5.3,64,7.8,3367,7.9
"09000","5","456199","58","0","2024","A","","Connecticut -- Statewide","Private","NAICS 456199 All other health and personal care retailers","State, NAICS 6-digit -- by ownership sector","All establishment sizes",165,924,67812818,25170066,593002,1411,73384,"",1.14,1.19,1.14,1.33,1.71,0.96,0.96,"",-2,-1.2,17,1.9,7497299,12.4,9452116,60.1,177428,42.7,132,10.3,6878,10.3
"09000","5","457","55","0","2024","A","","Connecticut -- Statewide","Private","NAICS 457 Gasoline stations and fuel dealers","State, NAICS 3-digit -- by ownership sector","All establishment sizes",1447,9978,582272712,250219292,5141604,1122,58358,"",0.99,0.88,1.29,1.04,1.53,1.47,1.47,"",2,0.1,-178,-1.8,20780668,3.7,76464420,44.0,1040394,25.4,59,5.6,3071,5.6
"09000","5","4571","56","0","2024","A","","Connecticut -- Statewide","Private","NAICS 4571 Gasoline stations","State, NAICS 4-digit -- by ownership sector","All establishment sizes",1142,5890,206060606,132560629,2007787,673,34984,"",0.84,0.56,0.53,0.60,0.69,0.96,0.96,"",10,0.9,-32,-0.5,7948606,4.0,35442397,36.5,169121,9.2,30,4.7,1528,4.6
"09000","5","45711","57","0","2024","A","","Connecticut -- Statewide","Private","NAICS 45711 Gasoline stations with convenience stores","State, NAICS 5-digit -- by ownership sector","All establishment sizes",987,4739,152589241,104462538,1558037,619,32198,"",0.79,0.49,0.45,0.53,0.60,0.90,0.90,"",19,2.0,35,0.7,8138843,5.6,28417969,37.4,112428,7.8,28,4.7,1489,4.8
"09000","5","457110","58","0","2024","A","","Connecticut -- Statewide","Private","NAICS 457110 Gasoline stations with convenience stores","State, NAICS 6-digit -- by ownership sector","All establishment sizes",987,4739,152589241,104462538,1558037,619,32198,"",0.79,0.49,0.45,0.53,0.60,0.90,0.90,"",19,2.0,35,0.7,8138843,5.6,28417969,37.4,112428,7.8,28,4.7,1489,4.8
"09000","5","45712","57","0","2024","A","","Connecticut -- Statewide","Private","NAICS 45712 Other gasoline stations","State, NAICS 5-digit -- by ownership sector","All establishment sizes",156,1151,53471365,28098091,449750,893,46456,"",1.36,1.14,1.17,1.26,1.39,1.03,1.03,"",-7,-4.3,-67,-5.5,-190237,-0.4,7024428,33.3,56693,14.4,46,5.4,2390,5.4
"09000","5","457120","58","0","2024","A","","Connecticut -- Statewide","Private","NAICS 457120 Other gasoline stations","State, NAICS 6-digit -- by ownership sector","All establishment sizes",156,1151,53471365,28098091,449750,893,46456,"",1.36,1.14,1.17,1.26,1.39,1.03,1.03,"",-7,-4.3,-67,-5.5,-190237,-0.4,7024428,33.3,56693,14.4,46,5.4,2390,5.4
"09000","5","4572","56","0","2024","A","","Connecticut -- Statewide","Private","NAICS 4572 Fuel dealers","State, NAICS 4-digit -- by ownership sector","All establishment sizes",304,4088,376212106,117658663,3133817,1770,92038,"",3.26,5.41,5.87,5.72,6.85,1.09,1.09,"",-9,-2.9,-146,-3.4,12832062,3.5,41022023,53.5,871273,38.5,120,7.3,6220,7.2
"09000","5","45721","57","0","2024","A","","Connecticut -- Statewide","Private","NAICS 45721 Fuel dealers","State, NAICS 5-digit -- by ownership sector","All establishment sizes",304,4088,376212106,117658663,3133817,1770,92038,"",3.26,5.41,5.87,5.72,6.85,1.09,1.09,"",-9,-2.9,-146,-3.4,12832062,3.5,41022023,53.5,871273,38.5,120,7.3,6220,7.2
"09000","5","457210","58","0","2024","A","","Connecticut -- Statewide","Private","NAICS 457210 Fuel dealers","State, NAICS 6-digit -- by ownership sector","All establishment sizes",304,4088,376212106,117658663,3133817,1770,92038,"",3.26,5.41,5.87,5.72,6.85,1.09,1.09,"",-9,-2.9,-146,-3.4,12832062,3.5,41022023,53.5,871273,38.5,120,7.3,6220,7.2
"09000","5","458","55","0","2024","A","","Connecticut -- Statewide","Private","NAICS 458 Clothing, clothing accessories, shoe, and jewelry retailers","State, NAICS 3-digit -- by ownership sector","All establishment sizes",1426,12595,434016379,224210842,3304931,663,34459,"",0.96,1.01,0.88,1.02,0.87,0.86,0.86,"",-24,-1.7,-165,-1.3,22353050,5.4,54898920,32.4,69352,2.1,43,6.9,2197,6.8
"09000","5","4581","56","0","2024","A","","Connecticut -- Statewide","Private","NAICS 4581 Clothing and clothing accessories retailers","State, NAICS 4-digit -- by ownership sector","All establishment sizes",964,9429,308925241,162012092,2431778,630,32763,"",0.94,1.03,0.91,1.02,0.87,0.88,0.88,"",-28,-2.8,-222,-2.3,14233612,4.8,37102782,29.7,4981,0.2,43,7.3,2227,7.3
"09000","5","45811","57","0","2024","A","","Connecticut -- Statewide","Private","NAICS 45811 Clothing and clothing accessories retailers","State, NAICS 5-digit -- by ownership sector","All establishment sizes",964,9429,308925241,162012092,2431778,630,32763,"",0.94,1.03,0.91,1.02,0.87,0.88,0.88,"",-28,-2.8,-222,-2.3,14233612,4.8,37102782,29.7,4981,0.2,43,7.3,2227,7.3
"09000","5","458110","58","0","2024","A","","Connecticut -- Statewide","Private","NAICS 458110 Clothing and clothing accessories retailers","State, NAICS 6-digit -- by ownership sector","All establishment sizes",964,9429,308925241,162012092,2431778,630,32763,"",0.94,1.03,0.91,1.02,0.87,0.88,0.88,"",-28,-2.8,-222,-2.3,14233612,4.8,37102782,29.7,4981,0.2,43,7.3,2227,7.3
"09000","5","4582","56","0","2024","A","","Connecticut -- Statewide","Private","NAICS 4582 Shoe retailers","State, NAICS 4-digit -- by ownership sector","All establishment sizes",222,1932,58362035,34431052,487162,581,30215,"",1.17,1.04,0.88,1.08,0.99,0.85,0.85,"",14,6.7,80,4.3,5578448,10.6,9274975,36.9,31579,6.9,33,6.0,1718,6.0
"09000","5","45821","57","0","2024","A","","Connecticut -- Statewide","Private","NAICS 45821 Shoe retailers","State, NAICS 5-digit -- by ownership sector","All establishment sizes",222,1932,58362035,34431052,487162,581,30215,"",1.17,1.04,0.88,1.08,0.99,0.85,0.85,"",14,6.7,80,4.3,5578448,10.6,9274975,36.9,31579,6.9,33,6.0,1718,6.0
"09000","5","458210","58","0","2024","A","","Connecticut -- Statewide","Private","NAICS 458210 Shoe retailers","State, NAICS 6-digit -- by ownership sector","All establishment sizes",222,1932,58362035,34431052,487162,581,30215,"",1.17,1.04,0.88,1.08,0.99,0.85,0.85,"",14,6.7,80,4.3,5578448,10.6,9274975,36.9,31579,6.9,33,6.0,1718,6.0
"09000","5","4583","56","0","2024","A","","Connecticut -- Statewide","Private","NAICS 4583 Jewelry, luggage, and leather goods retailers","State, NAICS 4-digit -- by ownership sector","All establishment sizes",240,1235,66729103,27767698,385991,1039,54046,"",0.91,0.91,0.76,0.94,0.73,0.83,0.83,"",-10,-4.0,-22,-1.8,2540990,4.0,8521163,44.3,32792,9.3,57,5.8,2981,5.8
"09000","5","45831","57","0","2024","A","","Connecticut -- Statewide","Private","NAICS 45831 Jewelry retailers","State, NAICS 5-digit -- by ownership sector","All establishment sizes",224,1136,63148526,25869253,360384,1069,55597,"",0.90,0.92,0.80,0.97,0.78,0.87,0.87,"",-11,-4.7,-31,-2.7,2038403,3.3,7911517,44.1,30415,9.2,62,6.2,3213,6.1
"09000","5","458310","58","0","2024","A","","Connecticut -- Statewide","Private","NAICS 458310 Jewelry retailers","State, NAICS 6-digit -- by ownership sector","All establishment sizes",224,1136,63148526,25869253,360384,1069,55597,"",0.90,0.92,0.80,0.97,0.78,0.87,0.87,"",-11,-4.7,-31,-2.7,2038403,3.3,7911517,44.1,30415,9.2,62,6.2,3213,6.1
"09000","5","45832","57","0","2024","A","","Connecticut -- Statewide","Private","NAICS 45832 Luggage and leather goods retailers","State, NAICS 5-digit -- by ownership sector","All establishment sizes",16,99,3580577,1898445,25607,697,36228,"",1.07,0.80,0.39,0.66,0.39,0.49,0.49,"",1,6.7,9,10.0,502587,16.3,609646,47.3,2377,10.2,42,6.4,2186,6.4
"09000","5","458320","58","0","2024","A","","Connecticut -- Statewide","Private","NAICS 458320 Luggage and leather goods retailers","State, NAICS 6-digit -- by ownership sector","All establishment sizes",16,99,3580577,1898445,25607,697,36228,"",1.07,0.80,0.39,0.66,0.39,0.49,0.49,"",1,6.7,9,10.0,502587,16.3,609646,47.3,2377,10.2,42,6.4,2186,6.4
"09000","5","459","55","0","2024","A","","Connecticut -- Statewide","Private","NAICS 459 Sporting goods, hobby, musical instrument, book, and miscellaneous retailers","State, NAICS 3-digit -- by ownership sector","All establishment sizes",2042,14062,510641444,264895759,4299950,698,36312,"",0.88,0.86,0.72,0.83,0.80,0.84,0.84,"",48,2.4,-458,-3.2,-3669764,-0.7,66005830,33.2,285871,7.1,17,2.5,892,2.5
"09000","5","4591","56","0","2024","A","","Connecticut -- Statewide","Private","NAICS 4591 Sporting goods, hobby, and musical instrument retailers","State, NAICS 4-digit -- by ownership sector","All establishment sizes",517,4592,150466850,85221211,1318822,630,32770,"",0.92,0.87,0.78,0.85,0.95,0.90,0.90,"",-4,-0.8,-222,-4.6,4483796,3.1,19033457,28.8,29897,2.3,47,8.1,2443,8.1
"09000","5","45911","57","0","2024","A","","Connecticut -- Statewide","Private","NAICS 45911 Sporting goods retailers","State, NAICS 5-digit -- by ownership sector","All establishment sizes",282,2548,102511120,52678233,828066,774,40237,"",0.91,0.79,0.83,0.83,0.93,1.04,1.04,"",1,0.4,-150,-5.6,3689262,3.7,12621003,31.5,26922,3.4,70,9.9,3613,9.9
"09000","5","459110","58","0","2024","A","","Connecticut -- Statewide","Private","NAICS 459110 Sporting goods retailers","State, NAICS 6-digit -- by ownership sector","All establishment sizes",282,2548,102511120,52678233,828066,774,40237,"",0.91,0.79,0.83,0.83,0.93,1.04,1.04,"",1,0.4,-150,-5.6,3689262,3.7,12621003,31.5,26922,3.4,70,9.9,3613,9.9
"09000","5","45912","57","0","2024","A","","Connecticut -- Statewide","Private","NAICS 45912 Hobby, toy, and game retailers","State, NAICS 5-digit -- by ownership sector","All establishment sizes",148,1318,30572400,20950882,325550,446,23193,"",0.94,0.97,0.71,0.85,0.96,0.73,0.73,"",-3,-2.0,-47,-3.4,611504,2.0,3883761,22.8,-39,0.0,24,5.7,1245,5.7
"09000","5","459120","58","0","2024","A","","Connecticut -- Statewide","Private","NAICS 459120 Hobby, toy, and game retailers","State, NAICS 6-digit -- by ownership sector","All establishment sizes",148,1318,30572400,20950882,325550,446,23193,"",0.94,0.97,0.71,0.85,0.96,0.73,0.73,"",-3,-2.0,-47,-3.4,611504,2.0,3883761,22.8,-39,0.0,24,5.7,1245,5.7
"09000","5","45913","57","0","2024","A","","Connecticut -- Statewide","Private","NAICS 45913 Sewing, needlework, and piece goods retailers","State, NAICS 5-digit -- by ownership sector","All establishment sizes",43,357,7689321,5572452,81254,414,21554,"",0.85,1.06,0.86,1.04,1.23,0.81,0.81,"",-4,-8.5,-3,-0.8,240034,3.2,1168191,26.5,-66,-0.1,16,4.0,842,4.1
"09000","5","459130","58","0","2024","A","","Connecticut -- Statewide","Private","NAICS 459130 Sewing, needlework, and piece goods retailers","State, NAICS 6-digit -- by ownership sector","All establishment sizes",43,357,7689321,5572452,81254,414,21554,"",0.85,1.06,0.86,1.04,1.23,0.81,0.81,"",-4,-8.5,-3,-0.8,240034,3.2,1168191,26.5,-66,-0.1,16,4.0,842,4.1
"09000","5","45914","57","0","2024","A","","Connecticut -- Statewide","Private","NAICS 45914 Musical instrument and supplies retailers","State, NAICS 5-digit -- by ownership sector","All establishment sizes",44,369,9694009,6019644,83952,505,26265,"",0.97,1.01,0.61,0.90,0.95,0.60,0.60,"",1,2.3,-22,-5.6,-57004,-0.6,1360502,29.2,3080,3.8,25,5.2,1305,5.2
"09000","5","459140","58","0","2024","A","","Connecticut -- Statewide","Private","NAICS 459140 Musical instrument and supplies retailers","State, NAICS 6-digit -- by ownership sector","All establishment sizes",44,369,9694009,6019644,83952,505,26265,"",0.97,1.01,0.61,0.90,0.95,0.60,0.60,"",1,2.3,-22,-5.6,-57004,-0.6,1360502,29.2,3080,3.8,25,5.2,1305,5.2
"09000","5","4592","56","0","2024","A","","Connecticut -- Statewide","Private","NAICS 4592 Book retailers and news dealers","State, NAICS 4-digit -- by ownership sector","All establishment sizes",103,966,32633411,19607672,264910,650,33791,"",1.06,1.34,1.26,1.46,1.20,0.93,0.93,"",1,1.0,-105,-9.8,-1667114,-4.9,4591607,30.6,-26389,-9.1,34,5.5,1772,5.5
"09000","5","45921","57","0","2024","A","","Connecticut -- Statewide","Private","NAICS 45921 Book retailers and news dealers","State, NAICS 5-digit -- by ownership sector","All establishment sizes",103,966,32633411,19607672,264910,650,33791,"",1.06,1.34,1.26,1.46,1.20,0.93,0.93,"",1,1.0,-105,-9.8,-1667114,-4.9,4591607,30.6,-26389,-9.1,34,5.5,1772,5.5
"09000","5","459210","58","0","2024","A","","Connecticut -- Statewide","Private","NAICS 459210 Book retailers and news dealers","State, NAICS 6-digit -- by ownership sector","All establishment sizes",103,966,32633411,19607672,264910,650,33791,"",1.06,1.34,1.26,1.46,1.20,0.93,0.93,"",1,1.0,-105,-9.8,-1667114,-4.9,4591607,30.6,-26389,-9.1,34,5.5,1772,5.5
"09000","5","4593","56","0","2024","A","","Connecticut -- Statewide","Private","NAICS 4593 Florists","State, NAICS 4-digit -- by ownership sector","All establishment sizes",147,670,20300730,13152650,176253,583,30296,"",0.98,1.06,0.94,1.07,0.79,0.89,0.89,"",2,1.4,-69,-9.3,-13971711,-40.8,2305799,21.3,-21835,-11.0,-309,-34.6,-16070,-34.7
"09000","5","45931","57","0","2024","A","","Connecticut -- Statewide","Private","NAICS 45931 Florists","State, NAICS 5-digit -- by ownership sector","All establishment sizes",147,670,20300730,13152650,176253,583,30296,"",0.98,1.06,0.94,1.07,0.79,0.89,0.89,"",2,1.4,-69,-9.3,-13971711,-40.8,2305799,21.3,-21835,-11.0,-309,-34.6,-16070,-34.7
"09000","5","459310","58","0","2024","A","","Connecticut -- Statewide","Private","NAICS 459310 Florists","State, NAICS 6-digit -- by ownership sector","All establishment sizes",147,670,20300730,13152650,176253,583,30296,"",0.98,1.06,0.94,1.07,0.79,0.89,0.89,"",2,1.4,-69,-9.3,-13971711,-40.8,2305799,21.3,-21835,-11.0,-309,-34.6,-16070,-34.7
"09000","5","4594","56","0","2024","A","","Connecticut -- Statewide","Private","NAICS 4594 Office supplies, stationery, and gift retailers","State, NAICS 4-digit -- by ownership sector","All establishment sizes",276,1917,57475227,34309126,488529,577,29988,"",0.88,0.90,0.65,0.84,0.74,0.72,0.72,"",-28,-9.2,-263,-12.1,-3143465,-5.2,5565576,19.4,-61641,-11.2,42,7.9,2177,7.8
"09000","5","45941","57","0","2024","A","","Connecticut -- Statewide","Private","NAICS 45941 Office supplies and stationery retailers","State, NAICS 5-digit -- by ownership sector","All establishment sizes",54,632,27104926,13316432,191175,824,42859,"",0.71,0.90,0.66,0.88,0.85,0.73,0.73,"",1,1.9,-49,-7.2,97853,0.4,3415249,34.5,18363,10.6,61,8.0,3206,8.1
"09000","5","459410","58","0","2024","A","","Connecticut -- Statewide","Private","NAICS 459410 Office supplies and stationery retailers","State, NAICS 6-digit -- by ownership sector","All establishment sizes",54,632,27104926,13316432,191175,824,42859,"",0.71,0.90,0.66,0.88,0.85,0.73,0.73,"",1,1.9,-49,-7.2,97853,0.4,3415249,34.5,18363,10.6,61,8.0,3206,8.1
"09000","5","45942","57","0","2024","A","","Connecticut -- Statewide","Private","NAICS 45942 Gift, novelty, and souvenir retailers","State, NAICS 5-digit -- by ownership sector","All establishment sizes",222,1284,30370301,20992694,297354,455,23650,"",0.93,0.90,0.64,0.82,0.69,0.71,0.71,"",-29,-11.6,-215,-14.3,-3241318,-9.6,2150327,11.4,-80004,-21.2,24,5.6,1221,5.4
"09000","5","459420","58","0","2024","A","","Connecticut -- Statewide","Private","NAICS 459420 Gift, novelty, and souvenir retailers","State, NAICS 6-digit -- by ownership sector","All establishment sizes",222,1284,30370301,20992694,297354,455,23650,"",0.93,0.90,0.64,0.82,0.69,0.71,0.71,"",-29,-11.6,-215,-14.3,-3241318,-9.6,2150327,11.4,-80004,-21.2,24,5.6,1221,5.4
"09000","5","4595","56","0","2024","A","","Connecticut -- Statewide","Private","NAICS 4595 Used merchandise retailers","State, NAICS 4-digit -- by ownership sector","All establishment sizes",211,2290,76787750,26235798,401184,645,33527,"",0.90,1.00,0.97,0.92,0.85,0.96,0.96,"",8,3.9,122,5.6,6951605,10.0,8015804,44.0,50739,14.5,26,4.2,1320,4.1
"09000","5","45951","57","0","2024","A","","Connecticut -- Statewide","Private","NAICS 45951 Used merchandise retailers","State, NAICS 5-digit -- by ownership sector","All establishment sizes",211,2290,76787750,26235798,401184,645,33527,"",0.90,1.00,0.97,0.92,0.85,0.96,0.96,"",8,3.9,122,5.6,6951605,10.0,8015804,44.0,50739,14.5,26,4.2,1320,4.1
"09000","5","459510","58","0","2024","A","","Connecticut -- Statewide","Private","NAICS 459510 Used merchandise retailers","State, NAICS 6-digit -- by ownership sector","All establishment sizes",211,2290,76787750,26235798,401184,645,33527,"",0.90,1.00,0.97,0.92,0.85,0.96,0.96,"",8,3.9,122,5.6,6951605,10.0,8015804,44.0,50739,14.5,26,4.2,1320,4.1
"09000","5","4599","56","0","2024","A","","Connecticut -- Statewide","Private","NAICS 4599 Other miscellaneous retailers","State, NAICS 4-digit -- by ownership sector","All establishment sizes",788,3628,172977476,86369302,1650252,917,47678,"",0.81,0.69,0.58,0.71,0.68,0.84,0.84,"",68,9.4,80,2.3,3677125,2.2,26493587,44.2,315100,23.6,-1,-0.1,-36,-0.1
"09000","5","45991","57","0","2024","A","","Connecticut -- Statewide","Private","NAICS 45991 Pet and pet supplies retailers","State, NAICS 5-digit -- by ownership sector","All establishment sizes",155,1490,56088482,32737982,525837,724,37631,"",1.12,1.01,0.84,1.05,1.29,0.83,0.83,"",1,0.6,-52,-3.4,501837,0.9,8181937,33.3,56009,11.9,31,4.5,1579,4.4
"09000","5","459910","58","0","2024","A","","Connecticut -- Statewide","Private","NAICS 459910 Pet and pet supplies retailers","State, NAICS 6-digit -- by ownership sector","All establishment sizes",155,1490,56088482,32737982,525837,724,37631,"",1.12,1.01,0.84,1.05,1.29,0.83,0.83,"",1,0.6,-52,-3.4,501837,0.9,8181937,33.3,56009,11.9,31,4.5,1579,4.4
"09000","5","45992","57","0","2024","A","N","Connecticut -- Statewide","Private","NAICS 45992 Art dealers","State, NAICS 5-digit -- by ownership sector","All establishment sizes",62,0,0,0,0,0,0,"N",0.96,0,0,0,0,0,0,"N",1,1.6,0,0,0,0,0,0,0,0,0,0,0,0
"09000","5","459920","58","0","2024","A","N","Connecticut -- Statewide","Private","NAICS 459920 Art dealers","State, NAICS 6-digit -- by ownership sector","All establishment sizes",62,0,0,0,0,0,0,"N",0.96,0,0,0,0,0,0,"N",1,1.6,0,0,0,0,0,0,0,0,0,0,0,0
"09000","5","45993","57","0","2024","A","N","Connecticut -- Statewide","Private","NAICS 45993 Manufactured (mobile) home dealers","State, NAICS 5-digit -- by ownership sector","All establishment sizes",2,0,0,0,0,0,0,"N",0.08,0,0,0,0,0,0,"N",0,0.0,0,0,0,0,0,0,0,0,0,0,0,0
"09000","5","459930","58","0","2024","A","N","Connecticut -- Statewide","Private","NAICS 459930 Manufactured (mobile) home dealers","State, NAICS 6-digit -- by ownership sector","All establishment sizes",2,0,0,0,0,0,0,"N",0.08,0,0,0,0,0,0,"N",0,0.0,0,0,0,0,0,0,0,0,0,0,0,0
"09000","5","45999","57","0","2024","A","","Connecticut -- Statewide","Private","NAICS 45999 All other miscellaneous retailers","State, NAICS 5-digit -- by ownership sector","All establishment sizes",568,1996,104777999,49956518,1050300,1009,52487,"",0.76,0.58,0.52,0.60,0.56,0.90,0.90,"",65,12.9,180,9.9,5583063,5.6,18091757,56.8,263854,33.6,-42,-4.0,-2148,-3.9
"09000","5","459991","58","0","2024","A","","Connecticut -- Statewide","Private","NAICS 459991 Tobacco, electronic cigarette, and other smoking supplies retailers","State, NAICS 6-digit -- by ownership sector","All establishment sizes",317,779,28190384,18932364,355562,696,36176,"",0.95,0.52,0.47,0.52,0.43,0.91,0.91,"",83,35.5,178,29.6,6692783,31.1,8415403,80.0,145452,69.2,8,1.2,391,1.1
"09000","5","459999","58","0","2024","A","","Connecticut -- Statewide","Private","NAICS 459999 All other miscellaneous retailers","State, NAICS 6-digit -- by ownership sector","All establishment sizes",251,1217,76587615,31024154,694738,1210,62931,"",0.61,0.62,0.54,0.66,0.65,0.86,0.86,"",-18,-6.7,2,0.2,-1109720,-1.4,9676354,45.3,118402,20.5,-20,-1.6,-1026,-1.6
"09000","5","48-49","54","0","2024","A","","Connecticut -- Statewide","Private","NAICS 48-49 Transportation and warehousing","State, NAICS Sector -- by ownership sector","All establishment sizes",2560,65665,4108122119,1749650187,41264822,1203,62561,"",0.65,0.92,0.74,0.98,1.16,0.80,0.80,"",65,2.6,1009,1.6,318013785,8.4,523442009,42.7,12388655,42.9,76,6.7,3941,6.7
"09000","5","481","55","0","2024","A","","Connecticut -- Statewide","Private","NAICS 481 Air transportation","State, NAICS 3-digit -- by ownership sector","All establishment sizes",75,1252,153919128,34253551,567783,2363,122898,"",0.79,0.20,0.18,0.22,0.25,0.89,0.89,"",5,7.1,13,1.0,478317,0.3,11220712,48.7,79861,16.4,-18,-0.8,-903,-0.7
"09000","5","4811","56","0","2024","A","","Connecticut -- Statewide","Private","NAICS 4811 Scheduled air transportation","State, NAICS 4-digit -- by ownership sector","All establishment sizes",14,656,40579274,16543985,256482,1190,61898,"",0.41,0.12,0.05,0.12,0.13,0.46,0.46,"",-1,-6.7,39,6.3,7196094,21.6,6152785,59.2,42728,20.0,149,14.3,7785,14.4
"09000","5","48111","57","0","2024","A","","Connecticut -- Statewide","Private","NAICS 48111 Scheduled air transportation","State, NAICS 5-digit -- by ownership sector","All establishment sizes",14,656,40579274,16543985,256482,1190,61898,"",0.41,0.12,0.05,0.12,0.13,0.46,0.46,"",-1,-6.7,39,6.3,7196094,21.6,6152785,59.2,42728,20.0,149,14.3,7785,14.4
"09000","5","481111","58","0","2024","A","N","Connecticut -- Statewide","Private","NAICS 481111 Scheduled passenger air transportation","State, NAICS 6-digit -- by ownership sector","All establishment sizes",13,0,0,0,0,0,0,"N",0.51,0,0,0,0,0,0,"N",1,8.3,0,0,0,0,0,0,0,0,0,0,0,0
"09000","5","481112","58","0","2024","A","N","Connecticut -- Statewide","Private","NAICS 481112 Scheduled freight air transportation","State, NAICS 6-digit -- by ownership sector","All establishment sizes",1,0,0,0,0,0,0,"N",0.11,0,0,0,0,0,0,"N",-2,-66.7,0,0,0,0,0,0,0,0,0,0,0,0
"09000","5","4812","56","0","2024","A","","Connecticut -- Statewide","Private","NAICS 4812 Nonscheduled air transportation","State, NAICS 4-digit -- by ownership sector","All establishment sizes",60,597,113339854,17709566,311301,3652,189902,"",0.98,0.94,1.14,1.07,1.02,1.21,1.21,"",4,7.1,-26,-4.2,-6717777,-5.6,5067927,40.1,37133,13.5,-57,-1.5,-2962,-1.5
"09000","5","48121","57","0","2024","A","","Connecticut -- Statewide","Private","NAICS 48121 Nonscheduled air transportation","State, NAICS 5-digit -- by ownership sector","All establishment sizes",60,597,113339854,17709566,311301,3652,189902,"",0.98,0.94,1.14,1.07,1.02,1.21,1.21,"",4,7.1,-26,-4.2,-6717777,-5.6,5067927,40.1,37133,13.5,-57,-1.5,-2962,-1.5
"09000","5","481211","58","0","2024","A","","Connecticut -- Statewide","Private","NAICS 481211 Nonscheduled chartered passenger air transportation","State, NAICS 6-digit -- by ownership sector","All establishment sizes",50,512,97565755,15061934,264800,3662,190403,"",1.24,1.16,1.39,1.35,1.31,1.19,1.19,"",3,6.4,-26,-4.8,-8865582,-8.3,4051752,36.8,19756,8.1,-139,-3.7,-7272,-3.7
"09000","5","481219","58","0","2024","A","","Connecticut -- Statewide","Private","NAICS 481219 Other nonscheduled air transportation","State, NAICS 6-digit -- by ownership sector","All establishment sizes",11,84,15774099,2647632,46501,3593,186860,"",0.84,1.10,1.25,1.17,1.18,1.14,1.14,"",2,22.2,0,0.0,2147805,15.8,1016175,62.3,17377,59.7,477,15.3,24803,15.3
"09000","5","482","55","0","2024","A","N","Connecticut -- Statewide","Private","NAICS 482 Rail transportation","State, NAICS 3-digit -- by ownership sector","All establishment sizes",2,0,0,0,0,0,0,"N",0.95,0,0,0,0,0,0,"N",-2,-50.0,0,0,0,0,0,0,0,0,0,0,0,0
"09000","5","4821","56","0","2024","A","N","Connecticut -- Statewide","Private","NAICS 4821 Rail transportation","State, NAICS 4-digit -- by ownership sector","All establishment sizes",2,0,0,0,0,0,0,"N",0.95,0,0,0,0,0,0,"N",-2,-50.0,0,0,0,0,0,0,0,0,0,0,0,0
"09000","5","48211","57","0","2024","A","N","Connecticut -- Statewide","Private","NAICS 48211 Rail transportation","State, NAICS 5-digit -- by ownership sector","All establishment sizes",2,0,0,0,0,0,0,"N",0.95,0,0,0,0,0,0,"N",-2,-50.0,0,0,0,0,0,0,0,0,0,0,0,0
"09000","5","482111","58","0","2024","A","N","Connecticut -- Statewide","Private","NAICS 482111 Line-haul railroads","State, NAICS 6-digit -- by ownership sector","All establishment sizes",2,0,0,0,0,0,0,"N",1.42,0,0,0,0,0,0,"N",-2,-50.0,0,0,0,0,0,0,0,0,0,0,0,0
"09000","5","483","55","0","2024","A","","Connecticut -- Statewide","Private","NAICS 483 Water transportation","State, NAICS 3-digit -- by ownership sector","All establishment sizes",30,1260,104451449,49266660,1065875,1594,82871,"",0.96,1.71,1.08,2.58,2.27,0.63,0.63,"",1,3.4,100,8.6,10329761,11.0,18602003,60.7,415953,64.0,34,2.2,1743,2.1
"09000","5","4831","56","0","2024","A","N","Connecticut -- Statewide","Private","NAICS 4831 Deep sea, coastal, and great lakes water transportation","State, NAICS 4-digit -- by ownership sector","All establishment sizes",19,0,0,0,0,0,0,"N",0.98,0,0,0,0,0,0,"N",1,5.6,0,0,0,0,0,0,0,0,0,0,0,0
"09000","5","48311","57","0","2024","A","N","Connecticut -- Statewide","Private","NAICS 48311 Deep sea, coastal, and great lakes water transportation","State, NAICS 5-digit -- by ownership sector","All establishment sizes",19,0,0,0,0,0,0,"N",0.98,0,0,0,0,0,0,"N",1,5.6,0,0,0,0,0,0,0,0,0,0,0,0
"09000","5","483111","58","0","2024","A","N","Connecticut -- Statewide","Private","NAICS 483111 Deep sea freight transportation","State, NAICS 6-digit -- by ownership sector","All establishment sizes",14,0,0,0,0,0,0,"N",1.90,0,0,0,0,0,0,"N",1,7.7,0,0,0,0,0,0,0,0,0,0,0,0
"09000","5","483114","58","0","2024","A","N","Connecticut -- Statewide","Private","NAICS 483114 Coastal and great lakes passenger transportation","State, NAICS 6-digit -- by ownership sector","All establishment sizes",5,0,0,0,0,0,0,"N",2.07,0,0,0,0,0,0,"N",-1,-16.7,0,0,0,0,0,0,0,0,0,0,0,0
"09000","5","4832","56","0","2024","A","N","Connecticut -- Statewide","Private","NAICS 4832 Inland water transportation","State, NAICS 4-digit -- by ownership sector","All establishment sizes",11,0,0,0,0,0,0,"N",0.93,0,0,0,0,0,0,"N",0,0.0,0,0,0,0,0,0,0,0,0,0,0,0
"09000","5","48321","57","0","2024","A","N","Connecticut -- Statewide","Private","NAICS 48321 Inland water transportation","State, NAICS 5-digit -- by ownership sector","All establishment sizes",11,0,0,0,0,0,0,"N",0.93,0,0,0,0,0,0,"N",0,0.0,0,0,0,0,0,0,0,0,0,0,0,0
"09000","5","483211","58","0","2024","A","N","Connecticut -- Statewide","Private","NAICS 483211 Inland water freight transportation","State, NAICS 6-digit -- by ownership sector","All establishment sizes",5,0,0,0,0,0,0,"N",0.60,0,0,0,0,0,0,"N",-1,-16.7,0,0,0,0,0,0,0,0,0,0,0,0
"09000","5","483212","58","0","2024","A","N","Connecticut -- Statewide","Private","NAICS 483212 Inland water passenger transportation","State, NAICS 6-digit -- by ownership sector","All establishment sizes",6,0,0,0,0,0,0,"N",1.71,0,0,0,0,0,0,"N",1,20.0,0,0,0,0,0,0,0,0,0,0,0,0
"09000","5","484","55","0","2024","A","","Connecticut -- Statewide","Private","NAICS 484 Truck transportation","State, NAICS 3-digit -- by ownership sector","All establishment sizes",1128,7842,787979419,230182286,5080765,1932,100486,"",0.52,0.48,0.62,0.53,0.65,1.29,1.29,"",8,0.7,-529,-6.3,137731920,21.2,66314117,40.5,1142302,29.0,438,29.3,22811,29.4
"09000","5","4841","56","0","2024","A","","Connecticut -- Statewide","Private","NAICS 4841 General freight trucking","State, NAICS 4-digit -- by ownership sector","All establishment sizes",792,5634,633333444,169170115,3624375,2162,112414,"",0.52,0.49,0.71,0.56,0.71,1.44,1.44,"",6,0.8,-383,-6.4,139738536,28.3,49268738,41.1,866574,31.4,584,37.0,30383,37.0
"09000","5","48411","57","0","2024","A","","Connecticut -- Statewide","Private","NAICS 48411 General freight trucking, local","State, NAICS 5-digit -- by ownership sector","All establishment sizes",334,1793,119172696,52992481,1159411,1278,66450,"",0.56,0.57,0.53,0.63,0.63,0.93,0.93,"",16,5.0,-152,-7.8,-4792209,-3.9,13858088,35.4,190641,19.7,52,4.2,2723,4.3
"09000","5","484110","58","0","2024","A","","Connecticut -- Statewide","Private","NAICS 484110 General freight trucking, local","State, NAICS 6-digit -- by ownership sector","All establishment sizes",334,1793,119172696,52992481,1159411,1278,66450,"",0.56,0.57,0.53,0.63,0.63,0.93,0.93,"",16,5.0,-152,-7.8,-4792209,-3.9,13858088,35.4,190641,19.7,52,4.2,2723,4.3
"09000","5","48412","57","0","2024","A","","Connecticut -- Statewide","Private","NAICS 48412 General freight trucking, long-distance","State, NAICS 5-digit -- by ownership sector","All establishment sizes",458,3840,514160748,116177634,2464964,2575,133879,"",0.49,0.46,0.77,0.53,0.75,1.67,1.67,"",-10,-2.1,-232,-5.7,144530745,39.1,35410650,43.8,675933,37.8,829,47.5,43104,47.5
"09000","5","484121","58","0","2024","A","","Connecticut -- Statewide","Private","NAICS 484121 General freight trucking, long-distance, truckload","State, NAICS 6-digit -- by ownership sector","All establishment sizes",384,2767,212625898,85507912,1761418,1478,76832,"",0.50,0.49,0.50,0.56,0.82,1.01,1.01,"",-10,-2.5,-87,-3.0,-942279,-0.4,27162053,46.6,465171,35.9,39,2.7,1992,2.7
"09000","5","484122","58","0","2024","A","","Connecticut -- Statewide","Private","NAICS 484122 General freight trucking, long-distance, less than truckload","State, NAICS 6-digit -- by ownership sector","All establishment sizes",74,1073,301534850,30669722,703546,5404,280999,"",0.46,0.40,1.26,0.46,0.63,3.18,3.18,"",0,0.0,-145,-11.9,145473024,93.2,8248597,36.8,210762,42.8,2940,119.3,152896,119.4
"09000","5","4842","56","0","2024","A","","Connecticut -- Statewide","Private","NAICS 4842 Specialized freight trucking","State, NAICS 4-digit -- by ownership sector","All establishment sizes",336,2208,154645975,61012171,1456390,1347,70047,"",0.51,0.45,0.40,0.46,0.54,0.89,0.89,"",1,0.3,-146,-6.2,-2006616,-1.3,17045379,38.8,275728,23.4,67,5.2,3507,5.3
"09000","5","48421","57","0","2024","A","","Connecticut -- Statewide","Private","NAICS 48421 Used household and office goods moving","State, NAICS 5-digit -- by ownership sector","All establishment sizes",126,1035,60297265,26695926,550483,1120,58249,"",1.03,1.02,1.03,1.07,1.14,1.02,1.02,"",-8,-6.0,-93,-8.2,-5123157,-7.8,6384797,31.4,39692,7.8,5,0.4,265,0.5
"09000","5","484210","58","0","2024","A","","Connecticut -- Statewide","Private","NAICS 484210 Used household and office goods moving","State, NAICS 6-digit -- by ownership sector","All establishment sizes",126,1035,60297265,26695926,550483,1120,58249,"",1.03,1.02,1.03,1.07,1.14,1.02,1.02,"",-8,-6.0,-93,-8.2,-5123157,-7.8,6384797,31.4,39692,7.8,5,0.4,265,0.5
"09000","5","48422","57","0","2024","A","","Connecticut -- Statewide","Private","NAICS 48422 Specialized freight (except used goods) trucking, local","State, NAICS 5-digit -- by ownership sector","All establishment sizes",146,802,62814958,23596358,637681,1507,78364,"",0.39,0.33,0.32,0.34,0.39,0.99,0.99,"",7,5.0,-58,-6.7,-2054025,-3.2,6974147,42.0,127761,25.1,57,3.9,2957,3.9
"09000","5","484220","58","0","2024","A","","Connecticut -- Statewide","Private","NAICS 484220 Specialized freight (except used goods) trucking, local","State, NAICS 6-digit -- by ownership sector","All establishment sizes",146,802,62814958,23596358,637681,1507,78364,"",0.39,0.33,0.32,0.34,0.39,0.99,0.99,"",7,5.0,-58,-6.7,-2054025,-3.2,6974147,42.0,127761,25.1,57,3.9,2957,3.9
"09000","5","48423","57","0","2024","A","","Connecticut -- Statewide","Private","NAICS 48423 Specialized freight (except used goods) trucking, long-distance","State, NAICS 5-digit -- by ownership sector","All establishment sizes",64,371,31533752,10719887,268226,1635,84997,"",0.41,0.26,0.24,0.27,0.47,0.92,0.92,"",3,4.9,5,1.4,5170566,19.6,3686435,52.4,108275,67.7,249,18.0,12917,17.9
"09000","5","484230","58","0","2024","A","","Connecticut -- Statewide","Private","NAICS 484230 Specialized freight (except used goods) trucking, long-distance","State, NAICS 6-digit -- by ownership sector","All establishment sizes",64,371,31533752,10719887,268226,1635,84997,"",0.41,0.26,0.24,0.27,0.47,0.92,0.92,"",3,4.9,5,1.4,5170566,19.6,3686435,52.4,108275,67.7,249,18.0,12917,17.9
"09000","5","485","55","0","2024","A","","Connecticut -- Statewide","Private","NAICS 485 Transit and ground passenger transportation","State, NAICS 3-digit -- by ownership sector","All establishment sizes",402,13464,660587843,348167630,15774374,944,49063,"",1.47,2.28,1.87,2.14,2.61,0.82,0.82,"",22,5.8,576,4.5,46189337,7.5,122625525,54.4,6867899,77.1,27,2.9,1390,2.9
"09000","5","4851","56","0","2024","A","","Connecticut -- Statewide","Private","NAICS 4851 Urban transit systems","State, NAICS 4-digit -- by ownership sector","All establishment sizes",11,1627,133381380,44464637,658962,1577,82001,"",1.06,3.29,3.73,3.67,2.87,1.13,1.13,"",-1,-8.3,7,0.4,5794903,4.5,17031491,62.1,137713,26.4,62,4.1,3240,4.1
"09000","5","48511","57","0","2024","A","","Connecticut -- Statewide","Private","NAICS 48511 Urban transit systems","State, NAICS 5-digit -- by ownership sector","All establishment sizes",11,1627,133381380,44464637,658962,1577,82001,"",1.06,3.29,3.73,3.67,2.87,1.13,1.13,"",-1,-8.3,7,0.4,5794903,4.5,17031491,62.1,137713,26.4,62,4.1,3240,4.1
"09000","5","485111","58","0","2024","A","N","Connecticut -- Statewide","Private","NAICS 485111 Mixed mode transit systems","State, NAICS 6-digit -- by ownership sector","All establishment sizes",4,0,0,0,0,0,0,"N",3.37,0,0,0,0,0,0,"N",0,0.0,0,0,0,0,0,0,0,0,0,0,0,0
"09000","5","485113","58","0","2024","A","N","Connecticut -- Statewide","Private","NAICS 485113 Bus and other motor vehicle transit systems","State, NAICS 6-digit -- by ownership sector","All establishment sizes",7,0,0,0,0,0,0,"N",0.89,0,0,0,0,0,0,"N",-1,-12.5,0,0,0,0,0,0,0,0,0,0,0,0
"09000","5","4852","56","0","2024","A","","Connecticut -- Statewide","Private","NAICS 4852 Interurban and rural bus transportation","State, NAICS 4-digit -- by ownership sector","All establishment sizes",3,4,341697,104778,1853,1546,80399,"",0.50,0.02,0.03,0.02,0.02,1.21,1.21,"",-1,-25.0,1,33.3,74953,28.1,27755,36.0,214,13.1,-118,-7.1,-6113,-7.1
"09000","5","48521","57","0","2024","A","","Connecticut -- Statewide","Private","NAICS 48521 Interurban and rural bus transportation","State, NAICS 5-digit -- by ownership sector","All establishment sizes",3,4,341697,104778,1853,1546,80399,"",0.50,0.02,0.03,0.02,0.02,1.21,1.21,"",-1,-25.0,1,33.3,74953,28.1,27755,36.0,214,13.1,-118,-7.1,-6113,-7.1
"09000","5","485210","58","0","2024","A","","Connecticut -- Statewide","Private","NAICS 485210 Interurban and rural bus transportation","State, NAICS 6-digit -- by ownership sector","All establishment sizes",3,4,341697,104778,1853,1546,80399,"",0.50,0.02,0.03,0.02,0.02,1.21,1.21,"",-1,-25.0,1,33.3,74953,28.1,27755,36.0,214,13.1,-118,-7.1,-6113,-7.1
"09000","5","4853","56","0","2024","A","","Connecticut -- Statewide","Private","NAICS 4853 Taxi and limousine service","State, NAICS 4-digit -- by ownership sector","All establishment sizes",115,1482,69155083,37110166,613044,897,46661,"",1.23,0.89,0.52,0.63,0.44,0.59,0.59,"",-3,-2.5,20,1.4,1508741,2.2,11378440,44.2,131940,27.4,7,0.8,389,0.8
"09000","5","48531","57","0","2024","A","","Connecticut -- Statewide","Private","NAICS 48531 Taxi and ridesharing services","State, NAICS 5-digit -- by ownership sector","All establishment sizes",26,434,15522913,10401927,218047,688,35774,"",0.65,0.32,0.13,0.20,0.18,0.41,0.41,"",2,8.3,12,2.8,209993,1.4,3144242,43.3,64798,42.3,-10,-1.4,-534,-1.5
"09000","5","485310","58","0","2024","A","","Connecticut -- Statewide","Private","NAICS 485310 Taxi and ridesharing services","State, NAICS 6-digit -- by ownership sector","All establishment sizes",26,434,15522913,10401927,218047,688,35774,"",0.65,0.32,0.13,0.20,0.18,0.41,0.41,"",2,8.3,12,2.8,209993,1.4,3144242,43.3,64798,42.3,-10,-1.4,-534,-1.5
"09000","5","48532","57","0","2024","A","","Connecticut -- Statewide","Private","NAICS 48532 Limousine service","State, NAICS 5-digit -- by ownership sector","All establishment sizes",89,1048,53632170,26708239,394997,984,51168,"",1.68,3.35,3.46,3.70,2.35,1.03,1.03,"",-5,-5.3,8,0.8,1298748,2.5,8234198,44.6,67142,20.5,16,1.7,855,1.7
"09000","5","485320","58","0","2024","A","","Connecticut -- Statewide","Private","NAICS 485320 Limousine service","State, NAICS 6-digit -- by ownership sector","All establishment sizes",89,1048,53632170,26708239,394997,984,51168,"",1.68,3.35,3.46,3.70,2.35,1.03,1.03,"",-5,-5.3,8,0.8,1298748,2.5,8234198,44.6,67142,20.5,16,1.7,855,1.7
"09000","5","4854","56","0","2024","A","","Connecticut -- Statewide","Private","NAICS 4854 School and employee bus transportation","State, NAICS 4-digit -- by ownership sector","All establishment sizes",184,8302,355672462,218699177,13142129,824,42844,"",3.51,3.91,3.85,4.12,3.77,0.99,0.99,"",20,12.2,437,5.6,29587215,9.1,77411939,54.8,6074702,86.0,27,3.4,1385,3.3
"09000","5","48541","57","0","2024","A","","Connecticut -- Statewide","Private","NAICS 48541 School and employee bus transportation","State, NAICS 5-digit -- by ownership sector","All establishment sizes",184,8302,355672462,218699177,13142129,824,42844,"",3.51,3.91,3.85,4.12,3.77,0.99,0.99,"",20,12.2,437,5.6,29587215,9.1,77411939,54.8,6074702,86.0,27,3.4,1385,3.3
"09000","5","485410","58","0","2024","A","","Connecticut -- Statewide","Private","NAICS 485410 School and employee bus transportation","State, NAICS 6-digit -- by ownership sector","All establishment sizes",184,8302,355672462,218699177,13142129,824,42844,"",3.51,3.91,3.85,4.12,3.77,0.99,0.99,"",20,12.2,437,5.6,29587215,9.1,77411939,54.8,6074702,86.0,27,3.4,1385,3.3
"09000","5","4855","56","0","2024","A","","Connecticut -- Statewide","Private","NAICS 4855 Charter bus industry","State, NAICS 4-digit -- by ownership sector","All establishment sizes",6,286,20432018,10174571,397231,1373,71378,"",0.35,1.16,1.33,1.52,2.73,1.15,1.15,"",-4,-40.0,12,4.4,1805016,9.7,3787267,59.3,173635,77.7,66,5.0,3438,5.1
"09000","5","48551","57","0","2024","A","","Connecticut -- Statewide","Private","NAICS 48551 Charter bus industry","State, NAICS 5-digit -- by ownership sector","All establishment sizes",6,286,20432018,10174571,397231,1373,71378,"",0.35,1.16,1.33,1.52,2.73,1.15,1.15,"",-4,-40.0,12,4.4,1805016,9.7,3787267,59.3,173635,77.7,66,5.0,3438,5.1
"09000","5","485510","58","0","2024","A","","Connecticut -- Statewide","Private","NAICS 485510 Charter bus industry","State, NAICS 6-digit -- by ownership sector","All establishment sizes",6,286,20432018,10174571,397231,1373,71378,"",0.35,1.16,1.33,1.52,2.73,1.15,1.15,"",-4,-40.0,12,4.4,1805016,9.7,3787267,59.3,173635,77.7,66,5.0,3438,5.1
"09000","5","4859","56","0","2024","A","","Connecticut -- Statewide","Private","NAICS 4859 Other transit and ground passenger transportation","State, NAICS 4-digit -- by ownership sector","All establishment sizes",82,1763,81605203,37614301,961155,890,46277,"",0.87,1.47,1.23,1.36,1.38,0.84,0.84,"",8,10.8,100,6.0,7418509,10.0,12988633,52.7,349695,57.2,32,3.7,1674,3.8
"09000","5","48599","57","0","2024","A","","Connecticut -- Statewide","Private","NAICS 48599 Other transit and ground passenger transportation","State, NAICS 5-digit -- by ownership sector","All establishment sizes",82,1763,81605203,37614301,961155,890,46277,"",0.87,1.47,1.23,1.36,1.38,0.84,0.84,"",8,10.8,100,6.0,7418509,10.0,12988633,52.7,349695,57.2,32,3.7,1674,3.8
"09000","5","485991","58","0","2024","A","","Connecticut -- Statewide","Private","NAICS 485991 Special needs transportation","State, NAICS 6-digit -- by ownership sector","All establishment sizes",55,1227,55515100,31692905,809082,870,45251,"",1.03,1.55,1.38,1.76,1.72,0.89,0.89,"",3,5.8,71,6.1,5538898,11.1,11428663,56.4,305727,60.7,39,4.7,2028,4.7
"09000","5","485999","58","0","2024","A","","Connecticut -- Statewide","Private","NAICS 485999 All other transit and ground passenger transportation","State, NAICS 6-digit -- by ownership sector","All establishment sizes",27,537,26090103,5921396,152073,935,48623,"",0.66,1.31,1.01,0.61,0.67,0.77,0.77,"",5,22.7,30,5.9,1879611,7.8,1559970,35.8,43968,40.7,17,1.9,871,1.8
"09000","5","486","55","0","2024","A","","Connecticut -- Statewide","Private","NAICS 486 Pipeline transportation","State, NAICS 3-digit -- by ownership sector","All establishment sizes",6,169,33177150,4751791,59733,3766,195832,"",0.14,0.28,0.30,0.33,0.32,1.05,1.05,"",0,0.0,2,1.2,5118543,18.2,2025186,74.3,9428,18.7,528,16.3,27480,16.3
"09000","5","4862","56","0","2024","A","N","Connecticut -- Statewide","Private","NAICS 4862 Pipeline transportation of natural gas","State, NAICS 4-digit -- by ownership sector","All establishment sizes",6,0,0,0,0,0,0,"N",0.21,0,0,0,0,0,0,"N",1,20.0,0,0,0,0,0,0,0,0,0,0,0,0
"09000","5","48621","57","0","2024","A","N","Connecticut -- Statewide","Private","NAICS 48621 Pipeline transportation of natural gas","State, NAICS 5-digit -- by ownership sector","All establishment sizes",6,0,0,0,0,0,0,"N",0.21,0,0,0,0,0,0,"N",1,20.0,0,0,0,0,0,0,0,0,0,0,0,0
"09000","5","486210","58","0","2024","A","N","Connecticut -- Statewide","Private","NAICS 486210 Pipeline transportation of natural gas","State, NAICS 6-digit -- by ownership sector","All establishment sizes",6,0,0,0,0,0,0,"N",0.21,0,0,0,0,0,0,"N",1,20.0,0,0,0,0,0,0,0,0,0,0,0,0
"09000","5","4869","56","0","2024","A","N","Connecticut -- Statewide","Private","NAICS 4869 Other pipeline transportation","State, NAICS 4-digit -- by ownership sector","All establishment sizes",1,0,0,0,0,0,0,"N",0.13,0,0,0,0,0,0,"N",0,0.0,0,0,0,0,0,0,0,0,0,0,0,0
"09000","5","48691","57","0","2024","A","N","Connecticut -- Statewide","Private","NAICS 48691 Pipeline transportation of refined petroleum products","State, NAICS 5-digit -- by ownership sector","All establishment sizes",1,0,0,0,0,0,0,"N",0.15,0,0,0,0,0,0,"N",0,0.0,0,0,0,0,0,0,0,0,0,0,0,0
"09000","5","486910","58","0","2024","A","N","Connecticut -- Statewide","Private","NAICS 486910 Pipeline transportation of refined petroleum products","State, NAICS 6-digit -- by ownership sector","All establishment sizes",1,0,0,0,0,0,0,"N",0.15,0,0,0,0,0,0,"N",0,0.0,0,0,0,0,0,0,0,0,0,0,0,0
"09000","5","487","55","0","2024","A","N","Connecticut -- Statewide","Private","NAICS 487 Scenic and sightseeing transportation","State, NAICS 3-digit -- by ownership sector","All establishment sizes",19,0,0,0,0,0,0,"N",0.43,0,0,0,0,0,0,"N",-4,-17.4,0,0,0,0,0,0,0,0,0,0,0,0
"09000","5","4871","56","0","2024","A","N","Connecticut -- Statewide","Private","NAICS 4871 Scenic and sightseeing transportation, land","State, NAICS 4-digit -- by ownership sector","All establishment sizes",2,0,0,0,0,0,0,"N",0.19,0,0,0,0,0,0,"N",0,0.0,0,0,0,0,0,0,0,0,0,0,0,0
"09000","5","48711","57","0","2024","A","N","Connecticut -- Statewide","Private","NAICS 48711 Scenic and sightseeing transportation, land","State, NAICS 5-digit -- by ownership sector","All establishment sizes",2,0,0,0,0,0,0,"N",0.19,0,0,0,0,0,0,"N",0,0.0,0,0,0,0,0,0,0,0,0,0,0,0
"09000","5","487110","58","0","2024","A","N","Connecticut -- Statewide","Private","NAICS 487110 Scenic and sightseeing transportation, land","State, NAICS 6-digit -- by ownership sector","All establishment sizes",2,0,0,0,0,0,0,"N",0.19,0,0,0,0,0,0,"N",0,0.0,0,0,0,0,0,0,0,0,0,0,0,0
"09000","5","4872","56","0","2024","A","","Connecticut -- Statewide","Private","NAICS 4872 Scenic and sightseeing transportation, water","State, NAICS 4-digit -- by ownership sector","All establishment sizes",16,42,1445940,968821,34029,662,34427,"",0.53,0.22,0.16,0.19,0.21,0.70,0.70,"",-3,-15.8,-3,-6.7,10380,0.7,190564,24.5,-421,-1.2,47,7.6,2466,7.7
"09000","5","48721","57","0","2024","A","","Connecticut -- Statewide","Private","NAICS 48721 Scenic and sightseeing transportation, water","State, NAICS 5-digit -- by ownership sector","All establishment sizes",16,42,1445940,968821,34029,662,34427,"",0.53,0.22,0.16,0.19,0.21,0.70,0.70,"",-3,-15.8,-3,-6.7,10380,0.7,190564,24.5,-421,-1.2,47,7.6,2466,7.7
"09000","5","487210","58","0","2024","A","","Connecticut -- Statewide","Private","NAICS 487210 Scenic and sightseeing transportation, water","State, NAICS 6-digit -- by ownership sector","All establishment sizes",16,42,1445940,968821,34029,662,34427,"",0.53,0.22,0.16,0.19,0.21,0.70,0.70,"",-3,-15.8,-3,-6.7,10380,0.7,190564,24.5,-421,-1.2,47,7.6,2466,7.7
"09000","5","4879","56","0","2024","A","N","Connecticut -- Statewide","Private","NAICS 4879 Scenic and sightseeing transportation, other","State, NAICS 4-digit -- by ownership sector","All establishment sizes",1,0,0,0,0,0,0,"N",0.27,0,0,0,0,0,0,"N",-1,-50.0,0,0,0,0,0,0,0,0,0,0,0,0
"09000","5","48799","57","0","2024","A","N","Connecticut -- Statewide","Private","NAICS 48799 Scenic and sightseeing transportation, other","State, NAICS 5-digit -- by ownership sector","All establishment sizes",1,0,0,0,0,0,0,"N",0.27,0,0,0,0,0,0,"N",-1,-50.0,0,0,0,0,0,0,0,0,0,0,0,0
"09000","5","487990","58","0","2024","A","N","Connecticut -- Statewide","Private","NAICS 487990 Scenic and sightseeing transportation, other","State, NAICS 6-digit -- by ownership sector","All establishment sizes",1,0,0,0,0,0,0,"N",0.27,0,0,0,0,0,0,"N",-1,-50.0,0,0,0,0,0,0,0,0,0,0,0,0
"09000","5","488","55","0","2024","A","","Connecticut -- Statewide","Private","NAICS 488 Support activities for transportation","State, NAICS 3-digit -- by ownership sector","All establishment sizes",416,3890,480619493,108172143,1999377,2376,123553,"",0.58,0.44,0.64,0.49,0.47,1.46,1.46,"",38,10.1,95,2.5,17369044,3.7,40264640,59.3,529699,36.0,28,1.2,1482,1.2
"09000","5","4881","56","0","2024","A","","Connecticut -- Statewide","Private","NAICS 4881 Support activities for air transportation","State, NAICS 4-digit -- by ownership sector","All establishment sizes",86,1263,98726703,33315006,475091,1503,78158,"",0.75,0.43,0.47,0.47,0.37,1.08,1.08,"",7,8.9,55,4.6,6071313,6.6,12493104,60.0,52195,12.3,27,1.8,1425,1.9
"09000","5","48811","57","0","2024","A","","Connecticut -- Statewide","Private","NAICS 48811 Airport operations","State, NAICS 5-digit -- by ownership sector","All establishment sizes",26,528,24772852,12961025,193391,902,46918,"",0.88,0.38,0.36,0.39,0.29,0.93,0.93,"",-1,-3.7,51,10.7,2443760,10.9,4881562,60.4,22738,13.3,1,0.1,66,0.1
"09000","5","488111","58","0","2024","A","N","Connecticut -- Statewide","Private","NAICS 488111 Air traffic control","State, NAICS 6-digit -- by ownership sector","All establishment sizes",6,0,0,0,0,0,0,"N",1.93,0,0,0,0,0,0,"N",0,0.0,0,0,0,0,0,0,0,0,0,0,0,0
"09000","5","488119","58","0","2024","A","N","Connecticut -- Statewide","Private","NAICS 488119 Other airport operations","State, NAICS 6-digit -- by ownership sector","All establishment sizes",20,0,0,0,0,0,0,"N",0.76,0,0,0,0,0,0,"N",-1,-4.8,0,0,0,0,0,0,0,0,0,0,0,0
"09000","5","48819","57","0","2024","A","","Connecticut -- Statewide","Private","NAICS 48819 Other support activities for air transportation","State, NAICS 5-digit -- by ownership sector","All establishment sizes",59,735,73953851,20353981,281700,1935,100595,"",0.69,0.48,0.52,0.55,0.46,1.09,1.09,"",6,11.3,4,0.5,3627553,5.2,7611542,59.7,29457,11.7,85,4.6,4378,4.6
"09000","5","488190","58","0","2024","A","","Connecticut -- Statewide","Private","NAICS 488190 Other support activities for air transportation","State, NAICS 6-digit -- by ownership sector","All establishment sizes",59,735,73953851,20353981,281700,1935,100595,"",0.69,0.48,0.52,0.55,0.46,1.09,1.09,"",6,11.3,4,0.5,3627553,5.2,7611542,59.7,29457,11.7,85,4.6,4378,4.6
"09000","5","4882","56","0","2024","A","","Connecticut -- Statewide","Private","NAICS 4882 Support activities for rail transportation","State, NAICS 4-digit -- by ownership sector","All establishment sizes",8,64,4705990,1711388,28844,1407,73150,"",0.33,0.15,0.14,0.16,0.12,0.88,0.88,"",0,0.0,0,0.0,29387,0.6,521710,43.9,6664,30.0,5,0.4,268,0.4
"09000","5","48821","57","0","2024","A","","Connecticut -- Statewide","Private","NAICS 48821 Support activities for rail transportation","State, NAICS 5-digit -- by ownership sector","All establishment sizes",8,64,4705990,1711388,28844,1407,73150,"",0.33,0.15,0.14,0.16,0.12,0.88,0.88,"",0,0.0,0,0.0,29387,0.6,521710,43.9,6664,30.0,5,0.4,268,0.4
"09000","5","488210","58","0","2024","A","","Connecticut -- Statewide","Private","NAICS 488210 Support activities for rail transportation","State, NAICS 6-digit -- by ownership sector","All establishment sizes",8,64,4705990,1711388,28844,1407,73150,"",0.33,0.15,0.14,0.16,0.12,0.88,0.88,"",0,0.0,0,0.0,29387,0.6,521710,43.9,6664,30.0,5,0.4,268,0.4
"09000","5","4883","56","0","2024","A","","Connecticut -- Statewide","Private","NAICS 4883 Support activities for water transportation","State, NAICS 4-digit -- by ownership sector","All establishment sizes",29,254,53811032,7853295,278318,4069,211577,"",0.78,0.24,0.43,0.28,0.54,1.78,1.78,"",4,16.0,32,14.4,-6743988,-11.1,3269295,71.3,123803,80.1,-1173,-22.4,-60989,-22.4
"09000","5","48831","57","0","2024","A","N","Connecticut -- Statewide","Private","NAICS 48831 Port and harbor operations","State, NAICS 5-digit -- by ownership sector","All establishment sizes",3,0,0,0,0,0,0,"N",0.74,0,0,0,0,0,0,"N",0,0.0,0,0,0,0,0,0,0,0,0,0,0,0
"09000","5","488310","58","0","2024","A","N","Connecticut -- Statewide","Private","NAICS 488310 Port and harbor operations","State, NAICS 6-digit -- by ownership sector","All establishment sizes",3,0,0,0,0,0,0,"N",0.74,0,0,0,0,0,0,"N",0,0.0,0,0,0,0,0,0,0,0,0,0,0,0
"09000","5","48832","57","0","2024","A","N","Connecticut -- Statewide","Private","NAICS 48832 Marine cargo handling","State, NAICS 5-digit -- by ownership sector","All establishment sizes",5,0,0,0,0,0,0,"N",0.49,0,0,0,0,0,0,"N",2,66.7,0,0,0,0,0,0,0,0,0,0,0,0
"09000","5","488320","58","0","2024","A","N","Connecticut -- Statewide","Private","NAICS 488320 Marine cargo handling","State, NAICS 6-digit -- by ownership sector","All establishment sizes",5,0,0,0,0,0,0,"N",0.49,0,0,0,0,0,0,"N",2,66.7,0,0,0,0,0,0,0,0,0,0,0,0
"09000","5","48833","57","0","2024","A","N","Connecticut -- Statewide","Private","NAICS 48833 Navigational services to shipping","State, NAICS 5-digit -- by ownership sector","All establishment sizes",8,0,0,0,0,0,0,"N",0.69,0,0,0,0,0,0,"N",1,14.3,0,0,0,0,0,0,0,0,0,0,0,0
"09000","5","488330","58","0","2024","A","N","Connecticut -- Statewide","Private","NAICS 488330 Navigational services to shipping","State, NAICS 6-digit -- by ownership sector","All establishment sizes",8,0,0,0,0,0,0,"N",0.69,0,0,0,0,0,0,"N",1,14.3,0,0,0,0,0,0,0,0,0,0,0,0
"09000","5","48839","57","0","2024","A","","Connecticut -- Statewide","Private","NAICS 48839 Other support activities for water transportation","State, NAICS 5-digit -- by ownership sector","All establishment sizes",13,70,39683580,2398144,95876,10928,568261,"",1.17,0.79,4.20,1.19,2.30,5.35,5.35,"",1,8.3,5,7.7,-8462892,-17.6,827887,52.7,28824,43.0,-3280,-23.1,-170560,-23.1
"09000","5","488390","58","0","2024","A","","Connecticut -- Statewide","Private","NAICS 488390 Other support activities for water transportation","State, NAICS 6-digit -- by ownership sector","All establishment sizes",13,70,39683580,2398144,95876,10928,568261,"",1.17,0.79,4.20,1.19,2.30,5.35,5.35,"",1,8.3,5,7.7,-8462892,-17.6,827887,52.7,28824,43.0,-3280,-23.1,-170560,-23.1
"09000","5","4884","56","0","2024","A","","Connecticut -- Statewide","Private","NAICS 4884 Support activities for road transportation","State, NAICS 4-digit -- by ownership sector","All establishment sizes",82,703,38635426,19373873,344171,1057,54938,"",0.44,0.57,0.47,0.61,0.56,0.83,0.83,"",5,6.5,14,2.0,1027899,2.7,6840333,54.6,61654,21.8,7,0.7,362,0.7
"09000","5","48841","57","0","2024","A","","Connecticut -- Statewide","Private","NAICS 48841 Motor vehicle towing","State, NAICS 5-digit -- by ownership sector","All establishment sizes",58,547,30441870,14847981,241292,1071,55686,"",0.44,0.69,0.59,0.75,0.69,0.86,0.86,"",3,5.5,12,2.2,1189302,4.1,5307495,55.6,34327,16.6,20,1.9,1042,1.9
"09000","5","488410","58","0","2024","A","","Connecticut -- Statewide","Private","NAICS 488410 Motor vehicle towing","State, NAICS 6-digit -- by ownership sector","All establishment sizes",58,547,30441870,14847981,241292,1071,55686,"",0.44,0.69,0.59,0.75,0.69,0.86,0.86,"",3,5.5,12,2.2,1189302,4.1,5307495,55.6,34327,16.6,20,1.9,1042,1.9
"09000","5","48849","57","0","2024","A","","Connecticut -- Statewide","Private","NAICS 48849 Other support activities for road transportation","State, NAICS 5-digit -- by ownership sector","All establishment sizes",24,157,8193556,4525892,102879,1006,52327,"",0.46,0.35,0.27,0.39,0.38,0.76,0.76,"",2,9.1,3,1.9,-161403,-1.9,1532838,51.2,27327,36.2,-39,-3.7,-2014,-3.7
"09000","5","488490","58","0","2024","A","","Connecticut -- Statewide","Private","NAICS 488490 Other support activities for road transportation","State, NAICS 6-digit -- by ownership sector","All establishment sizes",24,157,8193556,4525892,102879,1006,52327,"",0.46,0.35,0.27,0.39,0.38,0.76,0.76,"",2,9.1,3,1.9,-161403,-1.9,1532838,51.2,27327,36.2,-39,-3.7,-2014,-3.7
"09000","5","4885","56","0","2024","A","","Connecticut -- Statewide","Private","NAICS 4885 Freight transportation arrangement","State, NAICS 4-digit -- by ownership sector","All establishment sizes",190,1506,279096725,43129844,814283,3565,185374,"",0.62,0.53,1.03,0.61,0.58,1.96,1.96,"",20,11.8,-15,-1.0,15992684,6.1,16113756,59.6,276298,51.4,238,7.2,12393,7.2
"09000","5","48851","57","0","2024","A","","Connecticut -- Statewide","Private","NAICS 48851 Freight transportation arrangement","State, NAICS 5-digit -- by ownership sector","All establishment sizes",190,1506,279096725,43129844,814283,3565,185374,"",0.62,0.53,1.03,0.61,0.58,1.96,1.96,"",20,11.8,-15,-1.0,15992684,6.1,16113756,59.6,276298,51.4,238,7.2,12393,7.2
"09000","5","488510","58","0","2024","A","","Connecticut -- Statewide","Private","NAICS 488510 Freight transportation arrangement","State, NAICS 6-digit -- by ownership sector","All establishment sizes",190,1506,279096725,43129844,814283,3565,185374,"",0.62,0.53,1.03,0.61,0.58,1.96,1.96,"",20,11.8,-15,-1.0,15992684,6.1,16113756,59.6,276298,51.4,238,7.2,12393,7.2
"09000","5","4889","56","0","2024","A","","Connecticut -- Statewide","Private","NAICS 4889 Other support activities for transportation","State, NAICS 4-digit -- by ownership sector","All establishment sizes",22,99,5643617,2788737,58670,1093,56815,"",0.49,0.25,0.19,0.30,0.30,0.77,0.77,"",1,4.8,8,8.8,991749,21.3,1026442,58.2,9085,18.3,110,11.2,5696,11.1
"09000","5","48899","57","0","2024","A","","Connecticut -- Statewide","Private","NAICS 48899 Other support activities for transportation","State, NAICS 5-digit -- by ownership sector","All establishment sizes",22,99,5643617,2788737,58670,1093,56815,"",0.49,0.25,0.19,0.30,0.30,0.77,0.77,"",1,4.8,8,8.8,991749,21.3,1026442,58.2,9085,18.3,110,11.2,5696,11.1
"09000","5","488991","58","0","2024","A","N","Connecticut -- Statewide","Private","NAICS 488991 Packing and crating","State, NAICS 6-digit -- by ownership sector","All establishment sizes",14,0,0,0,0,0,0,"N",0.81,0,0,0,0,0,0,"N",2,16.7,0,0,0,0,0,0,0,0,0,0,0,0
"09000","5","488999","58","0","2024","A","N","Connecticut -- Statewide","Private","NAICS 488999 All other support activities for transportation","State, NAICS 6-digit -- by ownership sector","All establishment sizes",8,0,0,0,0,0,0,"N",0.29,0,0,0,0,0,0,"N",-1,-11.1,0,0,0,0,0,0,0,0,0,0,0,0
"09000","5","491","55","0","2024","A","N","Connecticut -- Statewide","Private","NAICS 491 Postal service","State, NAICS 3-digit -- by ownership sector","All establishment sizes",6,0,0,0,0,0,0,"N",0.47,0,0,0,0,0,0,"N",-1,-14.3,0,0,0,0,0,0,0,0,0,0,0,0
"09000","5","4911","56","0","2024","A","N","Connecticut -- Statewide","Private","NAICS 4911 Postal service","State, NAICS 4-digit -- by ownership sector","All establishment sizes",6,0,0,0,0,0,0,"N",0.47,0,0,0,0,0,0,"N",-1,-14.3,0,0,0,0,0,0,0,0,0,0,0,0
"09000","5","49111","57","0","2024","A","N","Connecticut -- Statewide","Private","NAICS 49111 Postal service","State, NAICS 5-digit -- by ownership sector","All establishment sizes",6,0,0,0,0,0,0,"N",0.47,0,0,0,0,0,0,"N",-1,-14.3,0,0,0,0,0,0,0,0,0,0,0,0
"09000","5","491110","58","0","2024","A","N","Connecticut -- Statewide","Private","NAICS 491110 Postal service","State, NAICS 6-digit -- by ownership sector","All establishment sizes",6,0,0,0,0,0,0,"N",0.47,0,0,0,0,0,0,"N",-1,-14.3,0,0,0,0,0,0,0,0,0,0,0,0
"09000","5","492","55","0","2024","A","","Connecticut -- Statewide","Private","NAICS 492 Couriers and messengers","State, NAICS 3-digit -- by ownership sector","All establishment sizes",288,12608,603079185,286480157,5269694,920,47832,"",1.02,1.08,0.80,1.06,1.11,0.74,0.74,"",-4,-1.4,119,1.0,33410951,5.9,71486221,33.3,726164,16.0,43,4.9,2217,4.9
"09000","5","4921","56","0","2024","A","","Connecticut -- Statewide","Private","NAICS 4921 Couriers and express delivery services","State, NAICS 4-digit -- by ownership sector","All establishment sizes",176,11056,524574705,244255805,4268419,912,47446,"",1.01,1.14,0.86,1.14,1.28,0.75,0.75,"",-5,-2.8,46,0.4,27150544,5.5,59922069,32.5,496107,13.2,43,4.9,2268,5.0
"09000","5","49211","57","0","2024","A","","Connecticut -- Statewide","Private","NAICS 49211 Couriers and express delivery services","State, NAICS 5-digit -- by ownership sector","All establishment sizes",176,11056,524574705,244255805,4268419,912,47446,"",1.01,1.14,0.86,1.14,1.28,0.75,0.75,"",-5,-2.8,46,0.4,27150544,5.5,59922069,32.5,496107,13.2,43,4.9,2268,5.0
"09000","5","492110","58","0","2024","A","","Connecticut -- Statewide","Private","NAICS 492110 Couriers and express delivery services","State, NAICS 6-digit -- by ownership sector","All establishment sizes",176,11056,524574705,244255805,4268419,912,47446,"",1.01,1.14,0.86,1.14,1.28,0.75,0.75,"",-5,-2.8,46,0.4,27150544,5.5,59922069,32.5,496107,13.2,43,4.9,2268,5.0
"09000","5","4922","56","0","2024","A","","Connecticut -- Statewide","Private","NAICS 4922 Local messengers and local delivery","State, NAICS 4-digit -- by ownership sector","All establishment sizes",112,1552,78504480,42224352,1001275,973,50583,"",1.05,0.79,0.56,0.74,0.72,0.70,0.70,"",1,0.9,74,5.0,6260407,8.7,11564152,37.7,230057,29.8,33,3.5,1709,3.5
"09000","5","49221","57","0","2024","A","","Connecticut -- Statewide","Private","NAICS 49221 Local messengers and local delivery","State, NAICS 5-digit -- by ownership sector","All establishment sizes",112,1552,78504480,42224352,1001275,973,50583,"",1.05,0.79,0.56,0.74,0.72,0.70,0.70,"",1,0.9,74,5.0,6260407,8.7,11564152,37.7,230057,29.8,33,3.5,1709,3.5
"09000","5","492210","58","0","2024","A","","Connecticut -- Statewide","Private","NAICS 492210 Local messengers and local delivery","State, NAICS 6-digit -- by ownership sector","All establishment sizes",112,1552,78504480,42224352,1001275,973,50583,"",1.05,0.79,0.56,0.74,0.72,0.70,0.70,"",1,0.9,74,5.0,6260407,8.7,11564152,37.7,230057,29.8,33,3.5,1709,3.5
"09000","5","493","55","0","2024","A","","Connecticut -- Statewide","Private","NAICS 493 Warehousing and storage","State, NAICS 3-digit -- by ownership sector","All establishment sizes",188,24960,1276455500,683867752,11318714,983,51139,"",0.67,1.21,0.96,1.41,1.20,0.79,0.79,"",1,0.5,645,2.7,67372453,5.6,189937962,38.5,2587845,29.6,27,2.8,1413,2.8
"09000","5","4931","56","0","2024","A","","Connecticut -- Statewide","Private","NAICS 4931 Warehousing and storage","State, NAICS 4-digit -- by ownership sector","All establishment sizes",188,24960,1276455500,683867752,11318714,983,51139,"",0.67,1.21,0.96,1.41,1.20,0.79,0.79,"",1,0.5,645,2.7,67372453,5.6,189937962,38.5,2587845,29.6,27,2.8,1413,2.8
"09000","5","49311","57","0","2024","A","","Connecticut -- Statewide","Private","NAICS 49311 General warehousing and storage","State, NAICS 5-digit -- by ownership sector","All establishment sizes",146,23814,1191805603,648104723,10560383,962,50046,"",0.68,1.25,0.98,1.45,1.23,0.78,0.78,"",0,0.0,513,2.2,56240867,5.0,175483813,37.1,2286054,27.6,25,2.7,1312,2.7
"09000","5","493110","58","0","2024","A","","Connecticut -- Statewide","Private","NAICS 493110 General warehousing and storage","State, NAICS 6-digit -- by ownership sector","All establishment sizes",146,23814,1191805603,648104723,10560383,962,50046,"",0.68,1.25,0.98,1.45,1.23,0.78,0.78,"",0,0.0,513,2.2,56240867,5.0,175483813,37.1,2286054,27.6,25,2.7,1312,2.7
"09000","5","49312","57","0","2024","A","","Connecticut -- Statewide","Private","NAICS 49312 Refrigerated warehousing and storage","State, NAICS 5-digit -- by ownership sector","All establishment sizes",13,645,46770742,21329172,443215,1395,72550,"",0.58,0.81,0.78,0.96,0.91,0.96,0.96,"",0,0.0,123,23.6,8947141,23.7,9278598,77.0,180601,68.8,0,0.0,22,0.0
"09000","5","493120","58","0","2024","A","","Connecticut -- Statewide","Private","NAICS 493120 Refrigerated warehousing and storage","State, NAICS 6-digit -- by ownership sector","All establishment sizes",13,645,46770742,21329172,443215,1395,72550,"",0.58,0.81,0.78,0.96,0.91,0.96,0.96,"",0,0.0,123,23.6,8947141,23.7,9278598,77.0,180601,68.8,0,0.0,22,0.0
"09000","5","49313","57","0","2024","A","N","Connecticut -- Statewide","Private","NAICS 49313 Farm product warehousing and storage","State, NAICS 5-digit -- by ownership sector","All establishment sizes",1,0,0,0,0,0,0,"N",0.09,0,0,0,0,0,0,"N",0,0.0,0,0,0,0,0,0,0,0,0,0,0,0
"09000","5","493130","58","0","2024","A","N","Connecticut -- Statewide","Private","NAICS 493130 Farm product warehousing and storage","State, NAICS 6-digit -- by ownership sector","All establishment sizes",1,0,0,0,0,0,0,"N",0.09,0,0,0,0,0,0,"N",0,0.0,0,0,0,0,0,0,0,0,0,0,0,0
"09000","5","49319","57","0","2024","A","N","Connecticut -- Statewide","Private","NAICS 49319 Other warehousing and storage","State, NAICS 5-digit -- by ownership sector","All establishment sizes",28,0,0,0,0,0,0,"N",0.84,0,0,0,0,0,0,"N",2,7.7,0,0,0,0,0,0,0,0,0,0,0,0
"09000","5","493190","58","0","2024","A","N","Connecticut -- Statewide","Private","NAICS 493190 Other warehousing and storage","State, NAICS 6-digit -- by ownership sector","All establishment sizes",28,0,0,0,0,0,0,"N",0.84,0,0,0,0,0,0,"N",2,7.7,0,0,0,0,0,0,0,0,0,0,0,0
"09000","5","51","54","0","2024","A","N","Connecticut -- Statewide","Private","NAICS 51 Information","State, NAICS Sector -- by ownership sector","All establishment sizes",5115,0,0,0,0,0,0,"N",1.41,0,0,0,0,0,0,"N",520,11.3,0,0,0,0,0,0,0,0,0,0,0,0
"09000","5","512","55","0","2024","A","","Connecticut -- Statewide","Private","NAICS 512 Motion picture and sound recording industries","State, NAICS 3-digit -- by ownership sector","All establishment sizes",510,3683,454459553,99994287,2334802,2373,123394,"",1.02,0.90,1.04,1.04,0.60,1.16,1.16,"",35,7.4,-301,-7.6,-76426631,-14.4,26902849,36.8,469455,25.2,-190,-7.4,-9861,-7.4
"09000","5","5121","56","0","2024","A","","Connecticut -- Statewide","Private","NAICS 5121 Motion picture and video industries","State, NAICS 4-digit -- by ownership sector","All establishment sizes",451,3619,449282576,98298579,2305560,2387,124134,"",1.04,0.93,1.12,1.08,0.61,1.20,1.20,"",28,6.6,-297,-7.6,-75254359,-14.3,26373042,36.7,467062,25.4,-189,-7.3,-9807,-7.3
"09000","5","51211","57","0","2024","A","","Connecticut -- Statewide","Private","NAICS 51211 Motion picture and video production","State, NAICS 5-digit -- by ownership sector","All establishment sizes",341,2650,418031210,80822999,2051083,3033,157718,"",1.09,1.15,1.27,1.22,0.61,1.11,1.11,"",27,8.6,-275,-9.4,-76868614,-15.5,22387895,38.3,459554,28.9,-221,-6.8,-11483,-6.8
"09000","5","512110","58","0","2024","A","","Connecticut -- Statewide","Private","NAICS 512110 Motion picture and video production","State, NAICS 6-digit -- by ownership sector","All establishment sizes",341,2650,418031210,80822999,2051083,3033,157718,"",1.09,1.15,1.27,1.22,0.61,1.11,1.11,"",27,8.6,-275,-9.4,-76868614,-15.5,22387895,38.3,459554,28.9,-221,-6.8,-11483,-6.8
"09000","5","51212","57","0","2024","A","","Connecticut -- Statewide","Private","NAICS 51212 Motion picture and video distribution","State, NAICS 5-digit -- by ownership sector","All establishment sizes",5,7,458457,177347,4959,1230,63971,"",0.49,0.08,0.03,0.12,0.13,0.35,0.35,"",0,0.0,0,0.0,-152878,-25.0,67524,61.5,2544,105.3,-579,-32.0,-30081,-32.0
"09000","5","512120","58","0","2024","A","","Connecticut -- Statewide","Private","NAICS 512120 Motion picture and video distribution","State, NAICS 6-digit -- by ownership sector","All establishment sizes",5,7,458457,177347,4959,1230,63971,"",0.49,0.08,0.03,0.12,0.13,0.35,0.35,"",0,0.0,0,0.0,-152878,-25.0,67524,61.5,2544,105.3,-579,-32.0,-30081,-32.0
"09000","5","51213","57","0","2024","A","","Connecticut -- Statewide","Private","NAICS 51213 Motion picture and video exhibition","State, NAICS 5-digit -- by ownership sector","All establishment sizes",47,849,18613063,14116566,200452,421,21917,"",0.90,0.67,0.61,0.73,0.77,0.91,0.91,"",-2,-4.1,-24,-2.7,902144,5.1,2687357,23.5,-4778,-2.3,31,7.9,1624,8.0
"09000","5","512131","58","0","2024","A","N","Connecticut -- Statewide","Private","NAICS 512131 Motion picture theaters (except drive-ins)","State, NAICS 6-digit -- by ownership sector","All establishment sizes",46,0,0,0,0,0,0,"N",0.93,0,0,0,0,0,0,"N",-1,-2.1,0,0,0,0,0,0,0,0,0,0,0,0
"09000","5","512132","58","0","2024","A","N","Connecticut -- Statewide","Private","NAICS 512132 Drive-in motion picture theaters","State, NAICS 6-digit -- by ownership sector","All establishment sizes",1,0,0,0,0,0,0,"N",0.39,0,0,0,0,0,0,"N",-1,-50.0,0,0,0,0,0,0,0,0,0,0,0,0
"09000","5","51219","57","0","2024","A","","Connecticut -- Statewide","Private","NAICS 51219 Postproduction services and other motion picture and video industries","State, NAICS 5-digit -- by ownership sector","All establishment sizes",58,112,12179846,3181667,49066,2084,108346,"",0.97,0.53,0.46,0.77,0.36,0.86,0.86,"",2,3.6,0,0.0,864989,7.6,1230266,63.0,9742,24.8,141,7.3,7320,7.2
"09000","5","512191","58","0","2024","A","","Connecticut -- Statewide","Private","NAICS 512191 Teleproduction and other postproduction services","State, NAICS 6-digit -- by ownership sector","All establishment sizes",52,68,9298554,2047568,35192,2610,135745,"",1.04,0.39,0.41,0.62,0.30,1.04,1.04,"",4,8.3,-2,-2.9,722733,8.4,762638,59.4,7869,28.8,265,11.3,13814,11.3
"09000","5","512199","58","0","2024","A","","Connecticut -- Statewide","Private","NAICS 512199 Other motion picture and video industries","State, NAICS 6-digit -- by ownership sector","All establishment sizes",6,44,2881292,1134099,13874,1262,65608,"",0.62,1.21,0.78,1.40,0.79,0.64,0.64,"",-2,-25.0,2,4.8,142256,5.2,467628,70.2,1873,15.6,-2,-0.2,-129,-0.2
"09000","5","5122","56","0","2024","A","","Connecticut -- Statewide","Private","NAICS 5122 Sound recording industries","State, NAICS 4-digit -- by ownership sector","All establishment sizes",58,64,5176977,1695708,29242,1564,81314,"",0.87,0.29,0.15,0.38,0.26,0.53,0.53,"",6,11.5,-4,-5.9,-1172272,-18.5,529807,45.4,2393,8.9,-236,-13.1,-12287,-13.1
"09000","5","51223","57","0","2024","A","","Connecticut -- Statewide","Private","NAICS 51223 Music publishers","State, NAICS 5-digit -- by ownership sector","All establishment sizes",14,17,1528191,487184,6765,1737,90336,"",0.93,0.27,0.16,0.41,0.26,0.60,0.59,"",-1,-6.7,1,6.2,350978,29.8,176437,56.8,433,6.8,322,22.8,16760,22.8
"09000","5","512230","58","0","2024","A","","Connecticut -- Statewide","Private","NAICS 512230 Music publishers","State, NAICS 6-digit -- by ownership sector","All establishment sizes",14,17,1528191,487184,6765,1737,90336,"",0.93,0.27,0.16,0.41,0.26,0.60,0.59,"",-1,-6.7,1,6.2,350978,29.8,176437,56.8,433,6.8,322,22.8,16760,22.8
"09000","5","51224","57","0","2024","A","","Connecticut -- Statewide","Private","NAICS 51224 Sound recording studios","State, NAICS 5-digit -- by ownership sector","All establishment sizes",21,29,1929659,721259,15019,1287,66925,"",0.87,0.56,0.41,0.65,0.60,0.74,0.74,"",4,23.5,3,11.5,366111,23.4,314275,77.2,4480,42.5,119,10.2,6205,10.2
"09000","5","512240","58","0","2024","A","","Connecticut -- Statewide","Private","NAICS 512240 Sound recording studios","State, NAICS 6-digit -- by ownership sector","All establishment sizes",21,29,1929659,721259,15019,1287,66925,"",0.87,0.56,0.41,0.65,0.60,0.74,0.74,"",4,23.5,3,11.5,366111,23.4,314275,77.2,4480,42.5,119,10.2,6205,10.2
"09000","5","51225","57","0","2024","A","","Connecticut -- Statewide","Private","NAICS 51225 Record production and distribution","State, NAICS 5-digit -- by ownership sector","All establishment sizes",12,11,1203028,320000,5269,2103,109366,"",0.71,0.14,0.07,0.22,0.14,0.52,0.52,"",4,50.0,3,37.5,512476,74.2,178832,126.7,2491,89.7,509,31.9,26500,32.0
"09000","5","512250","58","0","2024","A","","Connecticut -- Statewide","Private","NAICS 512250 Record production and distribution","State, NAICS 6-digit -- by ownership sector","All establishment sizes",12,11,1203028,320000,5269,2103,109366,"",0.71,0.14,0.07,0.22,0.14,0.52,0.52,"",4,50.0,3,37.5,512476,74.2,178832,126.7,2491,89.7,509,31.9,26500,32.0
"09000","5","51229","57","0","2024","A","","Connecticut -- Statewide","Private","NAICS 51229 Other sound recording industries","State, NAICS 5-digit -- by ownership sector","All establishment sizes",11,7,516099,167265,2189,1435,74617,"",1.04,0.25,0.18,0.24,0.10,0.71,0.71,"",-1,-8.3,-11,-61.1,-2401837,-82.3,-139737,-45.5,-5011,-69.6,-1726,-54.6,-89774,-54.6
"09000","5","512290","58","0","2024","A","","Connecticut -- Statewide","Private","NAICS 512290 Other sound recording industries","State, NAICS 6-digit -- by ownership sector","All establishment sizes",11,7,516099,167265,2189,1435,74617,"",1.04,0.25,0.18,0.24,0.10,0.71,0.71,"",-1,-8.3,-11,-61.1,-2401837,-82.3,-139737,-45.5,-5011,-69.6,-1726,-54.6,-89774,-54.6
"09000","5","513","55","0","2024","A","","Connecticut -- Statewide","Private","NAICS 513 Publishing industries","State, NAICS 3-digit -- by ownership sector","All establishment sizes",1996,8084,1342937802,228557033,4747215,3195,166130,"",1.29,0.83,0.63,0.69,0.77,0.77,0.77,"",82,4.3,-239,-2.9,58324461,4.5,84811212,59.0,1367286,40.5,227,7.6,11791,7.6
"09000","5","5131","56","0","2024","A","","Connecticut -- Statewide","Private","NAICS 5131 Newspaper, periodical, book, and directory publishers","State, NAICS 4-digit -- by ownership sector","All establishment sizes",486,2657,281930651,69699303,1514717,2040,106102,"",1.37,0.93,0.78,0.99,0.96,0.84,0.84,"",-43,-8.1,-305,-10.3,-18956475,-6.3,20784681,42.5,350973,30.2,86,4.4,4505,4.4
"09000","5","51311","57","0","2024","A","","Connecticut -- Statewide","Private","NAICS 51311 Newspaper publishers","State, NAICS 5-digit -- by ownership sector","All establishment sizes",76,801,56391490,19330730,576261,1354,70401,"",0.85,0.83,0.63,0.85,1.23,0.76,0.76,"",2,2.7,-149,-15.7,-8130951,-12.6,3253816,20.2,147609,34.4,47,3.6,2459,3.6
"09000","5","513110","58","0","2024","A","","Connecticut -- Statewide","Private","NAICS 513110 Newspaper publishers","State, NAICS 6-digit -- by ownership sector","All establishment sizes",76,801,56391490,19330730,576261,1354,70401,"",0.85,0.83,0.63,0.85,1.23,0.76,0.76,"",2,2.7,-149,-15.7,-8130951,-12.6,3253816,20.2,147609,34.4,47,3.6,2459,3.6
"09000","5","51312","57","0","2024","A","","Connecticut -- Statewide","Private","NAICS 51312 Periodical publishers","State, NAICS 5-digit -- by ownership sector","All establishment sizes",140,711,75199230,17993325,296681,2035,105815,"",1.42,1.02,0.77,1.11,0.78,0.75,0.75,"",-1,-0.7,-123,-14.7,-7562868,-9.1,4889470,37.3,757,0.3,126,6.6,6540,6.6
"09000","5","513120","58","0","2024","A","","Connecticut -- Statewide","Private","NAICS 513120 Periodical publishers","State, NAICS 6-digit -- by ownership sector","All establishment sizes",140,711,75199230,17993325,296681,2035,105815,"",1.42,1.02,0.77,1.11,0.78,0.75,0.75,"",-1,-0.7,-123,-14.7,-7562868,-9.1,4889470,37.3,757,0.3,126,6.6,6540,6.6
"09000","5","51313","57","0","2024","A","","Connecticut -- Statewide","Private","NAICS 51313 Book publishers","State, NAICS 5-digit -- by ownership sector","All establishment sizes",78,427,41763596,11733175,209074,1879,97712,"",1.16,0.73,0.58,0.78,0.73,0.79,0.79,"",-3,-3.7,6,1.4,-6095220,-12.7,4833069,70.0,49546,31.1,-307,-14.0,-15967,-14.0
"09000","5","513130","58","0","2024","A","","Connecticut -- Statewide","Private","NAICS 513130 Book publishers","State, NAICS 6-digit -- by ownership sector","All establishment sizes",78,427,41763596,11733175,209074,1879,97712,"",1.16,0.73,0.58,0.78,0.73,0.79,0.79,"",-3,-3.7,6,1.4,-6095220,-12.7,4833069,70.0,49546,31.1,-307,-14.0,-15967,-14.0
"09000","5","51314","57","0","2024","A","","Connecticut -- Statewide","Private","NAICS 51314 Directory and mailing list publishers","State, NAICS 5-digit -- by ownership sector","All establishment sizes",25,148,19951565,4341334,110333,2585,134429,"",1.47,0.93,0.83,0.86,0.82,0.89,0.89,"",-2,-7.4,-6,-3.9,348831,1.8,1676670,62.9,32389,41.6,141,5.8,7345,5.8
"09000","5","513140","58","0","2024","A","","Connecticut -- Statewide","Private","NAICS 513140 Directory and mailing list publishers","State, NAICS 6-digit -- by ownership sector","All establishment sizes",25,148,19951565,4341334,110333,2585,134429,"",1.47,0.93,0.83,0.86,0.82,0.89,0.89,"",-2,-7.4,-6,-3.9,348831,1.8,1676670,62.9,32389,41.6,141,5.8,7345,5.8
"09000","5","51319","57","0","2024","A","","Connecticut -- Statewide","Private","NAICS 51319 Other publishers","State, NAICS 5-digit -- by ownership sector","All establishment sizes",167,570,88624770,16300739,322368,2992,155573,"",2.06,1.23,1.12,1.42,1.05,0.91,0.91,"",-40,-19.3,-33,-5.5,2483733,2.9,6131656,60.3,120672,59.8,245,8.9,12719,8.9
"09000","5","513191","58","0","2024","A","N","Connecticut -- Statewide","Private","NAICS 513191 Greeting card publishers","State, NAICS 6-digit -- by ownership sector","All establishment sizes",4,0,0,0,0,0,0,"N",2.70,0,0,0,0,0,0,"N",0,0.0,0,0,0,0,0,0,0,0,0,0,0,0
"09000","5","513199","58","0","2024","A","N","Connecticut -- Statewide","Private","NAICS 513199 All other publishers","State, NAICS 6-digit -- by ownership sector","All establishment sizes",163,0,0,0,0,0,0,"N",2.05,0,0,0,0,0,0,"N",-40,-19.7,0,0,0,0,0,0,0,0,0,0,0,0
"09000","5","5132","56","0","2024","A","","Connecticut -- Statewide","Private","NAICS 5132 Software publishers","State, NAICS 4-digit -- by ownership sector","All establishment sizes",1510,5426,1061007151,158857730,3232498,3760,195523,"",1.26,0.78,0.60,0.61,0.70,0.77,0.77,"",125,9.0,64,1.2,77280936,7.9,64026531,67.5,1016313,45.9,232,6.6,12052,6.6
"09000","5","51321","57","0","2024","A","","Connecticut -- Statewide","Private","NAICS 51321 Software publishers","State, NAICS 5-digit -- by ownership sector","All establishment sizes",1510,5426,1061007151,158857730,3232498,3760,195523,"",1.26,0.78,0.60,0.61,0.70,0.77,0.77,"",125,9.0,64,1.2,77280936,7.9,64026531,67.5,1016313,45.9,232,6.6,12052,6.6
"09000","5","513210","58","0","2024","A","","Connecticut -- Statewide","Private","NAICS 513210 Software publishers","State, NAICS 6-digit -- by ownership sector","All establishment sizes",1510,5426,1061007151,158857730,3232498,3760,195523,"",1.26,0.78,0.60,0.61,0.70,0.77,0.77,"",125,9.0,64,1.2,77280936,7.9,64026531,67.5,1016313,45.9,232,6.6,12052,6.6
"09000","5","516","55","0","2024","A","","Connecticut -- Statewide","Private","NAICS 516 Broadcasting and content providers","State, NAICS 3-digit -- by ownership sector","All establishment sizes",302,6131,1092119881,164361782,2996686,3426,178133,"",1.17,1.64,1.04,1.77,1.52,0.63,0.63,"",17,6.0,168,2.8,144318398,15.2,66861135,68.6,850660,39.6,369,12.1,19190,12.1
"09000","5","5161","56","0","2024","A","","Connecticut -- Statewide","Private","NAICS 5161 Radio and television broadcasting stations","State, NAICS 4-digit -- by ownership sector","All establishment sizes",62,900,78481707,19206613,301312,1677,87210,"",0.84,0.70,0.57,0.71,0.63,0.82,0.82,"",0,0.0,-19,-2.1,1758338,2.3,7363913,62.2,43318,16.8,72,4.5,3747,4.5
"09000","5","51611","57","0","2024","A","","Connecticut -- Statewide","Private","NAICS 51611 Radio broadcasting stations","State, NAICS 5-digit -- by ownership sector","All establishment sizes",36,390,27123414,8172811,146429,1336,69488,"",0.68,0.69,0.56,0.68,0.71,0.80,0.80,"",-5,-12.2,5,1.3,3886893,16.7,3077222,60.4,28114,23.8,174,15.0,9068,15.0
"09000","5","516110","58","0","2024","A","","Connecticut -- Statewide","Private","NAICS 516110 Radio broadcasting stations","State, NAICS 6-digit -- by ownership sector","All establishment sizes",36,390,27123414,8172811,146429,1336,69488,"",0.68,0.69,0.56,0.68,0.71,0.80,0.80,"",-5,-12.2,5,1.3,3886893,16.7,3077222,60.4,28114,23.8,174,15.0,9068,15.0
"09000","5","51612","57","0","2024","A","","Connecticut -- Statewide","Private","NAICS 51612 Television broadcasting stations","State, NAICS 5-digit -- by ownership sector","All establishment sizes",26,510,51358293,11033802,154883,1938,100785,"",1.22,0.70,0.58,0.74,0.56,0.82,0.82,"",5,23.8,-25,-4.7,-2128555,-4.0,4286691,63.5,15204,10.9,14,0.7,747,0.7
"09000","5","516120","58","0","2024","A","","Connecticut -- Statewide","Private","NAICS 516120 Television broadcasting stations","State, NAICS 6-digit -- by ownership sector","All establishment sizes",26,510,51358293,11033802,154883,1938,100785,"",1.22,0.70,0.58,0.74,0.56,0.82,0.82,"",5,23.8,-25,-4.7,-2128555,-4.0,4286691,63.5,15204,10.9,14,0.7,747,0.7
"09000","5","5162","56","0","2024","A","","Connecticut -- Statewide","Private","NAICS 5162 Media streaming distribution services, social networks, and other media networks and content providers","State, NAICS 4-digit -- by ownership sector","All establishment sizes",240,5231,1013638174,145155169,2695374,3726,193775,"",1.31,2.14,1.11,2.20,1.82,0.52,0.52,"",17,7.6,187,3.7,142560060,16.4,59497222,69.5,807342,42.8,405,12.2,21076,12.2
"09000","5","51621","57","0","2024","A","","Connecticut -- Statewide","Private","NAICS 51621 Media streaming distribution services, social networks, and other media networks and content providers","State, NAICS 5-digit -- by ownership sector","All establishment sizes",240,5231,1013638174,145155169,2695374,3726,193775,"",1.31,2.14,1.11,2.20,1.82,0.52,0.52,"",17,7.6,187,3.7,142560060,16.4,59497222,69.5,807342,42.8,405,12.2,21076,12.2
"09000","5","516210","58","0","2024","A","","Connecticut -- Statewide","Private","NAICS 516210 Media streaming distribution services, social networks, and other media networks and content providers","State, NAICS 6-digit -- by ownership sector","All establishment sizes",240,5231,1013638174,145155169,2695374,3726,193775,"",1.31,2.14,1.11,2.20,1.82,0.52,0.52,"",17,7.6,187,3.7,142560060,16.4,59497222,69.5,807342,42.8,405,12.2,21076,12.2
"09000","5","517","55","0","2024","A","","Connecticut -- Statewide","Private","NAICS 517 Telecommunications","State, NAICS 3-digit -- by ownership sector","All establishment sizes",364,5831,933266188,161195413,2888963,3078,160043,"",0.83,0.87,1.04,0.92,0.88,1.20,1.20,"",-10,-2.7,-217,-3.6,-50845111,-5.2,59289132,58.2,691605,31.5,-51,-1.6,-2672,-1.6
"09000","5","5171","56","0","2024","A","","Connecticut -- Statewide","Private","NAICS 5171 Wired and wireless telecommunications (except satellite)","State, NAICS 4-digit -- by ownership sector","All establishment sizes",306,5695,915708185,157158721,2793333,3092,160794,"",0.85,0.93,1.15,0.98,0.92,1.24,1.24,"",-8,-2.5,-222,-3.8,-53899941,-5.6,57893535,58.3,654637,30.6,-60,-1.9,-3088,-1.9
"09000","5","51711","57","0","2024","A","","Connecticut -- Statewide","Private","NAICS 51711 Wired and wireless telecommunications carriers (except satellite)","State, NAICS 5-digit -- by ownership sector","All establishment sizes",258,5558,900144526,153135884,2723855,3114,161940,"",0.84,0.97,1.21,1.02,0.97,1.25,1.25,"",-11,-4.1,-243,-4.2,-55523385,-5.8,56016962,57.7,632015,30.2,-54,-1.7,-2816,-1.7
"09000","5","517111","58","0","2024","A","","Connecticut -- Statewide","Private","NAICS 517111 Wired telecommunications carriers","State, NAICS 6-digit -- by ownership sector","All establishment sizes",208,5143,837888324,143666376,2547733,3133,162908,"",0.92,1.06,1.34,1.17,1.10,1.26,1.26,"",-12,-5.5,-288,-5.3,-65320975,-7.2,52919895,58.3,587075,29.9,-65,-2.0,-3396,-2.0
"09000","5","517112","58","0","2024","A","","Connecticut -- Statewide","Private","NAICS 517112 Wireless telecommunications carriers (except satellite)","State, NAICS 6-digit -- by ownership sector","All establishment sizes",49,415,62256202,9469508,176122,2884,149955,"",0.60,0.48,0.53,0.35,0.36,1.12,1.11,"",1,2.1,46,12.5,9797590,18.7,3097067,48.6,44940,34.3,153,5.6,7951,5.6
"09000","5","51712","57","0","2024","A","","Connecticut -- Statewide","Private","NAICS 51712 Telecommunications resellers and agents for wireless telecommunication services","State, NAICS 5-digit -- by ownership sector","All establishment sizes",48,136,15563659,4022837,69478,2194,114089,"",0.87,0.33,0.30,0.37,0.32,0.91,0.91,"",2,4.3,20,17.2,1623444,11.6,1876573,87.4,22622,48.3,-117,-5.1,-6085,-5.1
"09000","5","517121","58","0","2024","A","","Connecticut -- Statewide","Private","NAICS 517121 Telecommunications resellers","State, NAICS 6-digit -- by ownership sector","All establishment sizes",48,136,15563659,4022837,69478,2194,114089,"",0.87,0.33,0.30,0.37,0.32,0.91,0.91,"",2,4.3,20,17.2,1623444,11.6,1876573,87.4,22622,48.3,-117,-5.1,-6085,-5.1
"09000","5","5174","56","0","2024","A","","Connecticut -- Statewide","Private","NAICS 5174 Satellite telecommunications","State, NAICS 4-digit -- by ownership sector","All establishment sizes",13,33,3724712,944371,19054,2165,112586,"",1.02,0.35,0.25,0.43,0.44,0.71,0.71,"",0,0.0,5,17.9,746553,25.1,275205,41.1,3951,26.2,144,7.1,7475,7.1
"09000","5","51741","57","0","2024","A","","Connecticut -- Statewide","Private","NAICS 51741 Satellite telecommunications","State, NAICS 5-digit -- by ownership sector","All establishment sizes",13,33,3724712,944371,19054,2165,112586,"",1.02,0.35,0.25,0.43,0.44,0.71,0.71,"",0,0.0,5,17.9,746553,25.1,275205,41.1,3951,26.2,144,7.1,7475,7.1
"09000","5","517410","58","0","2024","A","","Connecticut -- Statewide","Private","NAICS 517410 Satellite telecommunications","State, NAICS 6-digit -- by ownership sector","All establishment sizes",13,33,3724712,944371,19054,2165,112586,"",1.02,0.35,0.25,0.43,0.44,0.71,0.71,"",0,0.0,5,17.9,746553,25.1,275205,41.1,3951,26.2,144,7.1,7475,7.1
"09000","5","5178","56","0","2024","A","","Connecticut -- Statewide","Private","NAICS 5178 All other telecommunications","State, NAICS 4-digit -- by ownership sector","All establishment sizes",46,103,13833291,3092321,76576,2574,133871,"",0.72,0.21,0.16,0.26,0.32,0.74,0.74,"",-1,-2.1,0,0.0,2308277,20.0,1120392,56.8,33017,75.8,427,19.9,22249,19.9
"09000","5","51781","57","0","2024","A","","Connecticut -- Statewide","Private","NAICS 51781 All other telecommunications","State, NAICS 5-digit -- by ownership sector","All establishment sizes",46,103,13833291,3092321,76576,2574,133871,"",0.72,0.21,0.16,0.26,0.32,0.74,0.74,"",-1,-2.1,0,0.0,2308277,20.0,1120392,56.8,33017,75.8,427,19.9,22249,19.9
"09000","5","517810","58","0","2024","A","","Connecticut -- Statewide","Private","NAICS 517810 All other telecommunications","State, NAICS 6-digit -- by ownership sector","All establishment sizes",46,103,13833291,3092321,76576,2574,133871,"",0.72,0.21,0.16,0.26,0.32,0.74,0.74,"",-1,-2.1,0,0.0,2308277,20.0,1120392,56.8,33017,75.8,427,19.9,22249,19.9
"09000","5","518","55","0","2024","A","","Connecticut -- Statewide","Private","NAICS 518 Computing infrastructure providers, data processing, web hosting, and related services","State, NAICS 3-digit -- by ownership sector","All establishment sizes",1583,4269,782384890,125958472,2668693,3524,183264,"",2.32,0.81,0.66,0.84,0.86,0.81,0.81,"",367,30.2,499,13.2,147579415,23.2,57096525,82.9,1053409,65.2,286,8.8,14866,8.8
"09000","5","5182","56","0","2024","A","","Connecticut -- Statewide","Private","NAICS 5182 Computing infrastructure providers, data processing, web hosting, and related services","State, NAICS 4-digit -- by ownership sector","All establishment sizes",1583,4269,782384890,125958472,2668693,3524,183264,"",2.32,0.81,0.66,0.84,0.86,0.81,0.81,"",367,30.2,499,13.2,147579415,23.2,57096525,82.9,1053409,65.2,286,8.8,14866,8.8
"09000","5","51821","57","0","2024","A","","Connecticut -- Statewide","Private","NAICS 51821 Computing infrastructure providers, data processing, web hosting, and related services","State, NAICS 5-digit -- by ownership sector","All establishment sizes",1583,4269,782384890,125958472,2668693,3524,183264,"",2.32,0.81,0.66,0.84,0.86,0.81,0.81,"",367,30.2,499,13.2,147579415,23.2,57096525,82.9,1053409,65.2,286,8.8,14866,8.8
"09000","5","518210","58","0","2024","A","","Connecticut -- Statewide","Private","NAICS 518210 Computing infrastructure providers, data processing, web hosting, and related services","State, NAICS 6-digit -- by ownership sector","All establishment sizes",1583,4269,782384890,125958472,2668693,3524,183264,"",2.32,0.81,0.66,0.84,0.86,0.81,0.81,"",367,30.2,499,13.2,147579415,23.2,57096525,82.9,1053409,65.2,286,8.8,14866,8.8
"09000","5","519","55","0","2024","A","N","Connecticut -- Statewide","Private","NAICS 519 Web search portals, libraries, archives, and other information services","State, NAICS 3-digit -- by ownership sector","All establishment sizes",361,0,0,0,0,0,0,"N",1.72,0,0,0,0,0,0,"N",30,9.1,0,0,0,0,0,0,0,0,0,0,0,0
"09000","5","5192","56","0","2024","A","N","Connecticut -- Statewide","Private","NAICS 5192 Web search portals, libraries, archives, and other information services","State, NAICS 4-digit -- by ownership sector","All establishment sizes",361,0,0,0,0,0,0,"N",1.72,0,0,0,0,0,0,"N",30,9.1,0,0,0,0,0,0,0,0,0,0,0,0
"09000","5","51921","57","0","2024","A","","Connecticut -- Statewide","Private","NAICS 51921 Libraries and archives","State, NAICS 5-digit -- by ownership sector","All establishment sizes",81,1525,87767464,8690991,116533,1107,57552,"",2.76,5.00,4.74,3.02,1.99,0.95,0.95,"",4,5.2,29,1.9,5344494,6.5,2476562,39.9,1589,1.4,47,4.4,2447,4.4
"09000","5","519210","58","0","2024","A","","Connecticut -- Statewide","Private","NAICS 519210 Libraries and archives","State, NAICS 6-digit -- by ownership sector","All establishment sizes",81,1525,87767464,8690991,116533,1107,57552,"",2.76,5.00,4.74,3.02,1.99,0.95,0.95,"",4,5.2,29,1.9,5344494,6.5,2476562,39.9,1589,1.4,47,4.4,2447,4.4
"09000","5","51929","57","0","2024","A","N","Connecticut -- Statewide","Private","NAICS 51929 Web search portals and all other information services","State, NAICS 5-digit -- by ownership sector","All establishment sizes",280,0,0,0,0,0,0,"N",1.56,0,0,0,0,0,0,"N",26,10.2,0,0,0,0,0,0,0,0,0,0,0,0
"09000","5","519290","58","0","2024","A","N","Connecticut -- Statewide","Private","NAICS 519290 Web search portals and all other information services","State, NAICS 6-digit -- by ownership sector","All establishment sizes",280,0,0,0,0,0,0,"N",1.56,0,0,0,0,0,0,"N",26,10.2,0,0,0,0,0,0,0,0,0,0,0,0
"09000","5","52","54","0","2024","A","","Connecticut -- Statewide","Private","NAICS 52 Finance and insurance","State, NAICS Sector -- by ownership sector","All establishment sizes",8945,96463,22588150532,2688994949,47428862,4503,234165,"",1.24,1.41,2.00,1.56,1.63,1.41,1.41,"",262,3.0,-193,-0.2,1780526945,8.6,1033858992,62.5,12895971,37.3,363,8.8,18889,8.8
"09000","5","522","55","0","2024","A","N","Connecticut -- Statewide","Private","NAICS 522 Credit intermediation and related activities","State, NAICS 3-digit -- by ownership sector","All establishment sizes",2454,0,0,0,0,0,0,"N",1.03,0,0,0,0,0,0,"N",22,0.9,0,0,0,0,0,0,0,0,0,0,0,0
"09000","5","5221","56","0","2024","A","","Connecticut -- Statewide","Private","NAICS 5221 Depository credit intermediation","State, NAICS 4-digit -- by ownership sector","All establishment sizes",1404,14684,1706571992,386027546,8574713,2235,116221,"",1.06,0.76,0.70,0.80,1.28,0.92,0.92,"",-32,-2.2,-364,-2.4,4311906,0.3,138659077,56.1,3191410,59.3,60,2.8,3100,2.7
"09000","5","52211","57","0","2024","A","","Connecticut -- Statewide","Private","NAICS 52211 Commercial banking","State, NAICS 5-digit -- by ownership sector","All establishment sizes",724,7969,1131667997,215807037,4287478,2731,142001,"",0.74,0.53,0.55,0.59,0.83,1.04,1.04,"",-32,-4.2,-247,-3.0,481445,0.0,80269929,59.2,1135343,36.0,83,3.1,4319,3.1
"09000","5","522110","58","0","2024","A","","Connecticut -- Statewide","Private","NAICS 522110 Commercial banking","State, NAICS 6-digit -- by ownership sector","All establishment sizes",724,7969,1131667997,215807037,4287478,2731,142001,"",0.74,0.53,0.55,0.59,0.83,1.04,1.04,"",-32,-4.2,-247,-3.0,481445,0.0,80269929,59.2,1135343,36.0,83,3.1,4319,3.1
"09000","5","52213","57","0","2024","A","","Connecticut -- Statewide","Private","NAICS 52213 Credit unions","State, NAICS 5-digit -- by ownership sector","All establishment sizes",210,1745,126707548,45365265,769253,1396,72594,"",0.85,0.52,0.44,0.52,0.72,0.85,0.85,"",0,0.0,20,1.2,4682504,3.8,17206709,61.1,144295,23.1,35,2.6,1838,2.6
"09000","5","522130","58","0","2024","A","","Connecticut -- Statewide","Private","NAICS 522130 Credit unions","State, NAICS 6-digit -- by ownership sector","All establishment sizes",210,1745,126707548,45365265,769253,1396,72594,"",0.85,0.52,0.44,0.52,0.72,0.85,0.85,"",0,0.0,20,1.2,4682504,3.8,17206709,61.1,144295,23.1,35,2.6,1838,2.6
"09000","5","52218","57","0","2024","A","","Connecticut -- Statewide","Private","NAICS 52218 Savings institutions and other depository credit intermediation","State, NAICS 5-digit -- by ownership sector","All establishment sizes",470,4969,448196447,124855244,3517982,1735,90199,"",5.04,4.77,3.93,4.37,7.10,0.82,0.82,"",1,0.2,-139,-2.7,-852043,-0.2,41182439,49.2,1911772,119.0,44,2.6,2282,2.6
"09000","5","522180","58","0","2024","A","","Connecticut -- Statewide","Private","NAICS 522180 Savings institutions and other depository credit intermediation","State, NAICS 6-digit -- by ownership sector","All establishment sizes",470,4969,448196447,124855244,3517982,1735,90199,"",5.04,4.77,3.93,4.37,7.10,0.82,0.82,"",1,0.2,-139,-2.7,-852043,-0.2,41182439,49.2,1911772,119.0,44,2.6,2282,2.6
"09000","5","5222","56","0","2024","A","","Connecticut -- Statewide","Private","NAICS 5222 Nondepository credit intermediation","State, NAICS 4-digit -- by ownership sector","All establishment sizes",550,3237,854843368,100896270,2228337,5079,264119,"",0.86,0.59,1.10,0.74,0.75,1.86,1.86,"",15,2.8,25,0.8,133527403,18.5,40165706,66.1,746119,50.3,761,17.6,39567,17.6
"09000","5","52221","57","0","2024","A","","Connecticut -- Statewide","Private","NAICS 52221 Credit card issuing","State, NAICS 5-digit -- by ownership sector","All establishment sizes",9,17,2533476,516212,9165,2894,150504,"",0.70,0.02,0.02,0.04,0.04,0.92,0.92,"",-2,-18.2,-1,-5.6,453927,21.8,184720,55.7,1965,27.3,703,32.1,36556,32.1
"09000","5","522210","58","0","2024","A","","Connecticut -- Statewide","Private","NAICS 522210 Credit card issuing","State, NAICS 6-digit -- by ownership sector","All establishment sizes",9,17,2533476,516212,9165,2894,150504,"",0.70,0.02,0.02,0.04,0.04,0.92,0.92,"",-2,-18.2,-1,-5.6,453927,21.8,184720,55.7,1965,27.3,703,32.1,36556,32.1
"09000","5","52222","57","0","2024","A","","Connecticut -- Statewide","Private","NAICS 52222 Sales financing","State, NAICS 5-digit -- by ownership sector","All establishment sizes",151,1559,573582162,50425550,935781,7076,367956,"",1.90,1.72,4.32,2.30,2.18,2.52,2.51,"",-1,-0.7,11,0.7,94419959,19.7,19370749,62.4,191434,25.7,1124,18.9,58436,18.9
"09000","5","522220","58","0","2024","A","","Connecticut -- Statewide","Private","NAICS 522220 Sales financing","State, NAICS 6-digit -- by ownership sector","All establishment sizes",151,1559,573582162,50425550,935781,7076,367956,"",1.90,1.72,4.32,2.30,2.18,2.52,2.51,"",-1,-0.7,11,0.7,94419959,19.7,19370749,62.4,191434,25.7,1124,18.9,58436,18.9
"09000","5","52229","57","0","2024","A","","Connecticut -- Statewide","Private","NAICS 52229 Other nondepository credit intermediation","State, NAICS 5-digit -- by ownership sector","All establishment sizes",390,1661,278727730,49954508,1283391,3227,167816,"",0.71,0.43,0.53,0.50,0.55,1.22,1.22,"",19,5.1,15,0.9,38653517,16.1,20610237,70.2,552720,75.6,422,15.0,21956,15.1
"09000","5","522291","58","0","2024","A","","Connecticut -- Statewide","Private","NAICS 522291 Consumer lending","State, NAICS 6-digit -- by ownership sector","All establishment sizes",80,338,62824280,9520061,171204,3571,185688,"",0.42,0.35,0.52,0.39,0.37,1.50,1.50,"",11,15.9,41,13.8,18625801,42.1,3852245,68.0,44210,34.8,707,24.7,36746,24.7
"09000","5","522292","58","0","2024","A","","Connecticut -- Statewide","Private","NAICS 522292 Real estate credit","State, NAICS 6-digit -- by ownership sector","All establishment sizes",219,902,156775870,28903061,949830,3342,173809,"",0.95,0.46,0.57,0.55,0.62,1.22,1.22,"",12,5.8,19,2.2,27707148,21.5,12896858,80.6,494692,108.7,530,18.8,27611,18.9
"09000","5","522299","58","0","2024","A","","Connecticut -- Statewide","Private","NAICS 522299 International, secondary market, and all other nondepository credit intermediation","State, NAICS 6-digit -- by ownership sector","All establishment sizes",90,421,59127580,11531386,162357,2704,140585,"",0.71,0.45,0.45,0.51,0.51,1.00,1.00,"",-5,-5.3,-45,-9.7,-7679432,-11.5,3861134,50.3,13818,9.3,-51,-1.9,-2675,-1.9
"09000","5","5223","56","0","2024","A","N","Connecticut -- Statewide","Private","NAICS 5223 Activities related to credit intermediation","State, NAICS 4-digit -- by ownership sector","All establishment sizes",500,0,0,0,0,0,0,"N",1.18,0,0,0,0,0,0,"N",38,8.2,0,0,0,0,0,0,0,0,0,0,0,0
"09000","5","52231","57","0","2024","A","","Connecticut -- Statewide","Private","NAICS 52231 Mortgage and nonmortgage loan brokers","State, NAICS 5-digit -- by ownership sector","All establishment sizes",281,847,115506366,26931146,869878,2621,136318,"",1.31,0.94,0.96,1.09,1.10,1.03,1.03,"",9,3.3,-73,-7.9,5133472,4.7,7618471,39.4,369722,73.9,313,13.6,16293,13.6
"09000","5","522310","58","0","2024","A","","Connecticut -- Statewide","Private","NAICS 522310 Mortgage and nonmortgage loan brokers","State, NAICS 6-digit -- by ownership sector","All establishment sizes",281,847,115506366,26931146,869878,2621,136318,"",1.31,0.94,0.96,1.09,1.10,1.03,1.03,"",9,3.3,-73,-7.9,5133472,4.7,7618471,39.4,369722,73.9,313,13.6,16293,13.6
"09000","5","52232","57","0","2024","A","N","Connecticut -- Statewide","Private","NAICS 52232 Financial transactions processing, reserve, and clearinghouse activities","State, NAICS 5-digit -- by ownership sector","All establishment sizes",123,0,0,0,0,0,0,"N",1.04,0,0,0,0,0,0,"N",17,16.0,0,0,0,0,0,0,0,0,0,0,0,0
"09000","5","522320","58","0","2024","A","N","Connecticut -- Statewide","Private","NAICS 522320 Financial transactions processing, reserve, and clearinghouse activities","State, NAICS 6-digit -- by ownership sector","All establishment sizes",123,0,0,0,0,0,0,"N",1.04,0,0,0,0,0,0,"N",17,16.0,0,0,0,0,0,0,0,0,0,0,0,0
"09000","5","52239","57","0","2024","A","N","Connecticut -- Statewide","Private","NAICS 52239 Other activities related to credit intermediation","State, NAICS 5-digit -- by ownership sector","All establishment sizes",96,0,0,0,0,0,0,"N",1.04,0,0,0,0,0,0,"N",12,14.3,0,0,0,0,0,0,0,0,0,0,0,0
"09000","5","522390","58","0","2024","A","N","Connecticut -- Statewide","Private","NAICS 522390 Other activities related to credit intermediation","State, NAICS 6-digit -- by ownership sector","All establishment sizes",96,0,0,0,0,0,0,"N",1.04,0,0,0,0,0,0,"N",12,14.3,0,0,0,0,0,0,0,0,0,0,0,0
"09000","5","523","55","0","2024","A","","Connecticut -- Statewide","Private","NAICS 523 Securities, commodity contracts, and other financial investments and related activities","State, NAICS 3-digit -- by ownership sector","All establishment sizes",3514,23295,10796477846,675425082,11156085,8913,463473,"",1.87,1.98,2.76,2.12,1.85,1.39,1.39,"",149,4.4,559,2.5,1202057444,12.5,271754242,67.3,2601878,30.4,798,9.8,41487,9.8
"09000","5","5231","56","0","2024","A","","Connecticut -- Statewide","Private","NAICS 5231 Securities and commodity contracts intermediation and brokerage","State, NAICS 4-digit -- by ownership sector","All establishment sizes",700,6634,2774871277,186778877,3129032,8044,418270,"",1.33,1.28,1.54,1.34,1.33,1.20,1.20,"",13,1.9,15,0.2,72714136,2.7,72966526,64.1,721558,30.0,193,2.5,10033,2.5
"09000","5","52315","57","0","2024","A","","Connecticut -- Statewide","Private","NAICS 52315 Investment banking and securities intermediation","State, NAICS 5-digit -- by ownership sector","All establishment sizes",608,5395,2049156150,150559687,2486076,7304,379796,"",1.27,1.10,1.22,1.14,1.15,1.10,1.10,"",4,0.7,-45,-0.8,50917529,2.5,57709414,62.2,605277,32.2,240,3.4,12484,3.4
"09000","5","523150","58","0","2024","A","","Connecticut -- Statewide","Private","NAICS 523150 Investment banking and securities intermediation","State, NAICS 6-digit -- by ownership sector","All establishment sizes",608,5395,2049156150,150559687,2486076,7304,379796,"",1.27,1.10,1.22,1.14,1.15,1.10,1.10,"",4,0.7,-45,-0.8,50917529,2.5,57709414,62.2,605277,32.2,240,3.4,12484,3.4
"09000","5","52316","57","0","2024","A","","Connecticut -- Statewide","Private","NAICS 52316 Commodity contracts intermediation","State, NAICS 5-digit -- by ownership sector","All establishment sizes",92,1239,725715127,36219190,642956,11266,585845,"",2.07,4.40,6.14,4.72,3.46,1.40,1.40,"",8,9.5,60,5.1,21796607,3.1,15257112,72.8,116281,22.1,-216,-1.9,-11244,-1.9
"09000","5","523160","58","0","2024","A","","Connecticut -- Statewide","Private","NAICS 523160 Commodity contracts intermediation","State, NAICS 6-digit -- by ownership sector","All establishment sizes",92,1239,725715127,36219190,642956,11266,585845,"",2.07,4.40,6.14,4.72,3.46,1.40,1.40,"",8,9.5,60,5.1,21796607,3.1,15257112,72.8,116281,22.1,-216,-1.9,-11244,-1.9
"09000","5","5232","56","0","2024","A","","Connecticut -- Statewide","Private","NAICS 5232 Securities and commodity exchanges","State, NAICS 4-digit -- by ownership sector","All establishment sizes",30,95,23647375,2724812,73129,4804,249796,"",2.54,1.20,1.03,1.42,1.31,0.87,0.87,"",0,0.0,-37,-28.0,-8887632,-27.3,403455,17.4,8041,12.4,46,1.0,2381,1.0
"09000","5","52321","57","0","2024","A","","Connecticut -- Statewide","Private","NAICS 52321 Securities and commodity exchanges","State, NAICS 5-digit -- by ownership sector","All establishment sizes",30,95,23647375,2724812,73129,4804,249796,"",2.54,1.20,1.03,1.42,1.31,0.87,0.87,"",0,0.0,-37,-28.0,-8887632,-27.3,403455,17.4,8041,12.4,46,1.0,2381,1.0
"09000","5","523210","58","0","2024","A","","Connecticut -- Statewide","Private","NAICS 523210 Securities and commodity exchanges","State, NAICS 6-digit -- by ownership sector","All establishment sizes",30,95,23647375,2724812,73129,4804,249796,"",2.54,1.20,1.03,1.42,1.31,0.87,0.87,"",0,0.0,-37,-28.0,-8887632,-27.3,403455,17.4,8041,12.4,46,1.0,2381,1.0
"09000","5","5239","56","0","2024","A","","Connecticut -- Statewide","Private","NAICS 5239 Other financial investment activities","State, NAICS 4-digit -- by ownership sector","All establishment sizes",2784,16566,7997959194,485921393,7953924,9285,482796,"",2.07,2.55,3.82,2.75,2.19,1.50,1.50,"",136,5.1,580,3.6,1138230940,16.6,198384261,69.0,1872279,30.8,1033,12.5,53681,12.5
"09000","5","52391","57","0","2024","A","","Connecticut -- Statewide","Private","NAICS 52391 Miscellaneous intermediation","State, NAICS 5-digit -- by ownership sector","All establishment sizes",318,606,285337198,18216147,337126,9052,470724,"",2.63,1.64,2.38,1.94,1.49,1.45,1.45,"",7,2.3,24,4.1,23075363,8.8,5652269,45.0,77141,29.7,392,4.5,20425,4.5
"09000","5","523910","58","0","2024","A","","Connecticut -- Statewide","Private","NAICS 523910 Miscellaneous intermediation","State, NAICS 6-digit -- by ownership sector","All establishment sizes",318,606,285337198,18216147,337126,9052,470724,"",2.63,1.64,2.38,1.94,1.49,1.45,1.45,"",7,2.3,24,4.1,23075363,8.8,5652269,45.0,77141,29.7,392,4.5,20425,4.5
"09000","5","52394","57","0","2024","A","","Connecticut -- Statewide","Private","NAICS 52394 Portfolio management and investment advice","State, NAICS 5-digit -- by ownership sector","All establishment sizes",2323,15646,7608863995,458026513,7417289,9352,486321,"",2.14,2.84,4.14,3.05,2.44,1.45,1.45,"",120,5.4,571,3.8,1114415316,17.2,189272555,70.4,1769780,31.3,1067,12.9,55509,12.9
"09000","5","523940","58","0","2024","A","","Connecticut -- Statewide","Private","NAICS 523940 Portfolio management and investment advice","State, NAICS 6-digit -- by ownership sector","All establishment sizes",2323,15646,7608863995,458026513,7417289,9352,486321,"",2.14,2.84,4.14,3.05,2.44,1.45,1.45,"",120,5.4,571,3.8,1114415316,17.2,189272555,70.4,1769780,31.3,1067,12.9,55509,12.9
"09000","5","52399","57","0","2024","A","","Connecticut -- Statewide","Private","NAICS 52399 All other financial investment activities","State, NAICS 5-digit -- by ownership sector","All establishment sizes",143,314,103758001,9678733,199509,6355,330439,"",1.07,0.49,0.77,0.56,0.56,1.58,1.58,"",10,7.5,-14,-4.3,740261,0.7,3459437,55.6,25358,14.6,323,5.4,16759,5.3
"09000","5","523991","58","0","2024","A","","Connecticut -- Statewide","Private","NAICS 523991 Trust, fiduciary, and custody activities","State, NAICS 6-digit -- by ownership sector","All establishment sizes",31,62,15916392,1830931,30390,4917,255685,"",0.84,0.26,0.43,0.29,0.27,1.65,1.65,"",1,3.3,6,10.7,2065107,14.9,716818,64.3,3939,14.9,174,3.7,9075,3.7
"09000","5","523999","58","0","2024","A","","Connecticut -- Statewide","Private","NAICS 523999 Miscellaneous financial investment activities","State, NAICS 6-digit -- by ownership sector","All establishment sizes",112,252,87841609,7847802,169119,6710,348924,"",1.15,0.63,0.90,0.70,0.69,1.44,1.44,"",9,8.7,-20,-7.4,-1324846,-1.5,2742619,53.7,21419,14.5,412,6.5,21407,6.5
"09000","5","524","55","0","2024","A","","Connecticut -- Statewide","Private","NAICS 524 Insurance carriers and related activities","State, NAICS 3-digit -- by ownership sector","All establishment sizes",2922,53505,8935406002,1471402582,23973394,3212,167002,"",1.05,1.90,2.49,2.11,2.13,1.31,1.31,"",65,2.3,-300,-0.6,428672039,5.0,566256693,62.6,5871686,32.4,172,5.7,8899,5.6
"09000","5","5241","56","0","2024","A","","Connecticut -- Statewide","Private","NAICS 5241 Insurance carriers","State, NAICS 4-digit -- by ownership sector","All establishment sizes",334,35467,6220059255,980154903,15548855,3373,175374,"",0.76,2.69,3.46,3.01,3.00,1.29,1.29,"",-18,-5.1,-1016,-2.8,232281599,3.9,363252034,58.9,3598330,30.1,217,6.9,11251,6.9
"09000","5","52411","57","0","2024","A","","Connecticut -- Statewide","Private","NAICS 52411 Direct life, health, and medical insurance carriers","State, NAICS 5-digit -- by ownership sector","All establishment sizes",162,22234,3599309143,599917798,10179738,3113,161883,"",0.95,3.09,3.76,3.30,3.64,1.22,1.22,"",13,8.7,-1008,-4.3,14840781,0.4,212313119,54.8,2371405,30.4,147,5.0,7661,5.0
"09000","5","524113","58","0","2024","A","","Connecticut -- Statewide","Private","NAICS 524113 Direct life insurance carriers","State, NAICS 6-digit -- by ownership sector","All establishment sizes",64,17624,2964630828,473523972,7670940,3235,168218,"",0.99,7.68,8.39,7.20,8.08,1.09,1.09,"",-10,-13.5,-751,-4.1,36502715,1.2,168050180,55.0,1771437,30.0,171,5.6,8867,5.6
"09000","5","524114","58","0","2024","A","","Connecticut -- Statewide","Private","NAICS 524114 Direct health and medical insurance carriers","State, NAICS 6-digit -- by ownership sector","All establishment sizes",97,4610,634678315,126393826,2508798,2647,137664,"",0.91,0.94,1.05,1.09,1.36,1.12,1.12,"",22,29.3,-257,-5.3,-21661934,-3.3,44262939,53.9,599968,31.4,54,2.1,2809,2.1
"09000","5","52412","57","0","2024","A","","Connecticut -- Statewide","Private","NAICS 52412 Direct insurance (except life, health, and medical) carriers","State, NAICS 5-digit -- by ownership sector","All establishment sizes",135,11617,2151530470,332080545,4724155,3562,185204,"",0.54,2.05,2.78,2.46,2.12,1.36,1.35,"",-26,-16.1,32,0.3,182574745,9.3,132009931,66.0,1114110,30.9,293,9.0,15239,9.0
"09000","5","524126","58","0","2024","A","","Connecticut -- Statewide","Private","NAICS 524126 Direct property and casualty insurance carriers","State, NAICS 6-digit -- by ownership sector","All establishment sizes",106,11120,2068676568,317978582,4382279,3578,186038,"",0.69,2.29,3.08,2.81,2.58,1.35,1.34,"",-22,-17.2,39,0.4,185377784,9.8,126499582,66.1,975060,28.6,310,9.5,16086,9.5
"09000","5","524127","58","0","2024","A","N","Connecticut -- Statewide","Private","NAICS 524127 Direct title insurance carriers","State, NAICS 6-digit -- by ownership sector","All establishment sizes",15,0,0,0,0,0,0,"N",0.21,0,0,0,0,0,0,"N",-2,-11.8,0,0,0,0,0,0,0,0,0,0,0,0
"09000","5","524128","58","0","2024","A","N","Connecticut -- Statewide","Private","NAICS 524128 Other direct insurance (except life, health, and medical) carriers","State, NAICS 6-digit -- by ownership sector","All establishment sizes",14,0,0,0,0,0,0,"N",0.52,0,0,0,0,0,0,"N",-3,-17.6,0,0,0,0,0,0,0,0,0,0,0,0
"09000","5","52413","57","0","2024","A","","Connecticut -- Statewide","Private","NAICS 52413 Reinsurance carriers","State, NAICS 5-digit -- by ownership sector","All establishment sizes",37,1616,469219642,48156560,644962,5583,290329,"",2.51,4.82,7.04,5.26,4.40,1.46,1.46,"",-5,-11.9,-41,-2.5,34866073,8.0,18928984,64.8,112815,21.2,541,10.7,28131,10.7
"09000","5","524130","58","0","2024","A","","Connecticut -- Statewide","Private","NAICS 524130 Reinsurance carriers","State, NAICS 6-digit -- by ownership sector","All establishment sizes",37,1616,469219642,48156560,644962,5583,290329,"",2.51,4.82,7.04,5.26,4.40,1.46,1.46,"",-5,-11.9,-41,-2.5,34866073,8.0,18928984,64.8,112815,21.2,541,10.7,28131,10.7
"09000","5","5242","56","0","2024","A","","Connecticut -- Statewide","Private","NAICS 5242 Agencies, brokerages, and other insurance related activities","State, NAICS 4-digit -- by ownership sector","All establishment sizes",2588,18037,2715346747,491247679,8424539,2895,150540,"",1.10,1.20,1.52,1.33,1.39,1.26,1.26,"",83,3.3,715,4.1,196390440,7.8,203004659,70.4,2273356,37.0,98,3.5,5118,3.5
"09000","5","52421","57","0","2024","A","","Connecticut -- Statewide","Private","NAICS 52421 Insurance agencies and brokerages","State, NAICS 5-digit -- by ownership sector","All establishment sizes",2006,12609,1915380813,342586148,5747181,2921,151910,"",1.01,1.17,1.47,1.29,1.39,1.26,1.26,"",43,2.2,657,5.5,205715921,12.0,145849026,74.1,1606436,38.8,170,6.2,8861,6.2
"09000","5","524210","58","0","2024","A","","Connecticut -- Statewide","Private","NAICS 524210 Insurance agencies and brokerages","State, NAICS 6-digit -- by ownership sector","All establishment sizes",2006,12609,1915380813,342586148,5747181,2921,151910,"",1.01,1.17,1.47,1.29,1.39,1.26,1.26,"",43,2.2,657,5.5,205715921,12.0,145849026,74.1,1606436,38.8,170,6.2,8861,6.2
"09000","5","52429","57","0","2024","A","","Connecticut -- Statewide","Private","NAICS 52429 Other insurance related activities","State, NAICS 5-digit -- by ownership sector","All establishment sizes",583,5429,799965934,148661531,2677358,2834,147360,"",1.60,1.30,1.65,1.42,1.40,1.27,1.27,"",40,7.4,59,1.1,-9325481,-1.2,57155633,62.5,666920,33.2,-64,-2.2,-3341,-2.2
"09000","5","524291","58","0","2024","A","","Connecticut -- Statewide","Private","NAICS 524291 Claims adjusting","State, NAICS 6-digit -- by ownership sector","All establishment sizes",142,637,77675975,17318484,281100,2344,121877,"",1.35,0.95,1.00,0.98,0.77,1.06,1.06,"",22,18.3,-2,-0.3,4792195,6.6,6672225,62.7,64075,29.5,150,6.8,7803,6.8
"09000","5","524292","58","0","2024","A","","Connecticut -- Statewide","Private","NAICS 524292 Pharmacy benefit management and other third party administration of insurance and pension funds","State, NAICS 6-digit -- by ownership sector","All establishment sizes",233,3411,461018470,95090141,1795133,2599,135170,"",1.95,1.42,1.75,1.60,1.72,1.23,1.23,"",5,2.2,-5,-0.1,-6421528,-1.4,34372667,56.6,448877,33.3,-33,-1.3,-1672,-1.2
"09000","5","524298","58","0","2024","A","","Connecticut -- Statewide","Private","NAICS 524298 All other insurance related activities","State, NAICS 6-digit -- by ownership sector","All establishment sizes",208,1381,261271489,36252906,601125,3639,189236,"",1.49,1.26,1.82,1.33,1.21,1.44,1.44,"",13,6.7,66,5.0,-7696148,-2.9,16110741,80.0,153968,34.4,-293,-7.5,-15250,-7.5
"09000","5","525","55","0","2024","A","N","Connecticut -- Statewide","Private","NAICS 525 Funds, trusts, and other financial vehicles","State, NAICS 3-digit -- by ownership sector","All establishment sizes",55,0,0,0,0,0,0,"N",0.44,0,0,0,0,0,0,"N",26,89.7,0,0,0,0,0,0,0,0,0,0,0,0
"09000","5","5259","56","0","2024","A","N","Connecticut -- Statewide","Private","NAICS 5259 Other investment pools and funds","State, NAICS 4-digit -- by ownership sector","All establishment sizes",55,0,0,0,0,0,0,"N",0.55,0,0,0,0,0,0,"N",26,89.7,0,0,0,0,0,0,0,0,0,0,0,0
"09000","5","52592","57","0","2024","A","N","Connecticut -- Statewide","Private","NAICS 52592 Trusts, estates, and agency accounts","State, NAICS 5-digit -- by ownership sector","All establishment sizes",55,0,0,0,0,0,0,"N",1.38,0,0,0,0,0,0,"N",28,103.7,0,0,0,0,0,0,0,0,0,0,0,0
"09000","5","525920","58","0","2024","A","N","Connecticut -- Statewide","Private","NAICS 525920 Trusts, estates, and agency accounts","State, NAICS 6-digit -- by ownership sector","All establishment sizes",55,0,0,0,0,0,0,"N",1.38,0,0,0,0,0,0,"N",28,103.7,0,0,0,0,0,0,0,0,0,0,0,0
"09000","5","53","54","0","2024","A","","Connecticut -- Statewide","Private","NAICS 53 Real estate and rental and leasing","State, NAICS Sector -- by ownership sector","All establishment sizes",4186,19550,1767363486,523963942,10879718,1739,90403,"",0.69,0.75,0.76,0.83,0.87,1.01,1.01,"",39,0.9,95,0.5,37693201,2.2,182512621,53.5,2264635,26.3,29,1.7,1498,1.7
"09000","5","531","55","0","2024","A","","Connecticut -- Statewide","Private","NAICS 531 Real estate","State, NAICS 3-digit -- by ownership sector","All establishment sizes",3572,14832,1296757586,396381920,7924636,1681,87429,"",0.67,0.75,0.73,0.84,0.83,0.97,0.97,"",35,1.0,269,1.8,31433265,2.5,146203969,58.4,1876030,31.0,10,0.6,541,0.6
"09000","5","5311","56","0","2024","A","","Connecticut -- Statewide","Private","NAICS 5311 Lessors of real estate","State, NAICS 4-digit -- by ownership sector","All establishment sizes",1124,4759,388351925,122246258,2286401,1569,81597,"",0.74,0.69,0.66,0.78,0.71,0.96,0.96,"",-31,-2.7,103,2.2,-20622085,-5.0,42540912,53.4,365776,19.0,-120,-7.1,-6243,-7.1
"09000","5","53111","57","0","2024","A","","Connecticut -- Statewide","Private","NAICS 53111 Lessors of residential buildings and dwellings","State, NAICS 5-digit -- by ownership sector","All establishment sizes",524,2741,187533026,70027344,1375469,1316,68414,"",0.64,0.68,0.63,0.75,0.72,0.92,0.92,"",-23,-4.2,49,1.8,9665902,5.4,25089272,55.8,236097,20.7,45,3.5,2344,3.5
"09000","5","531110","58","0","2024","A","","Connecticut -- Statewide","Private","NAICS 531110 Lessors of residential buildings and dwellings","State, NAICS 6-digit -- by ownership sector","All establishment sizes",524,2741,187533026,70027344,1375469,1316,68414,"",0.64,0.68,0.63,0.75,0.72,0.92,0.92,"",-23,-4.2,49,1.8,9665902,5.4,25089272,55.8,236097,20.7,45,3.5,2344,3.5
"09000","5","53112","57","0","2024","A","","Connecticut -- Statewide","Private","NAICS 53112 Lessors of nonresidential buildings (except miniwarehouses)","State, NAICS 5-digit -- by ownership sector","All establishment sizes",391,1464,167909999,37798625,606930,2206,114712,"",1.16,0.85,0.80,0.98,0.75,0.94,0.94,"",-19,-4.6,16,1.1,-33899502,-16.8,12502192,49.4,81410,15.5,-475,-17.7,-24699,-17.7
"09000","5","531120","58","0","2024","A","","Connecticut -- Statewide","Private","NAICS 531120 Lessors of nonresidential buildings (except miniwarehouses)","State, NAICS 6-digit -- by ownership sector","All establishment sizes",391,1464,167909999,37798625,606930,2206,114712,"",1.16,0.85,0.80,0.98,0.75,0.94,0.94,"",-19,-4.6,16,1.1,-33899502,-16.8,12502192,49.4,81410,15.5,-475,-17.7,-24699,-17.7
"09000","5","53113","57","0","2024","A","","Connecticut -- Statewide","Private","NAICS 53113 Lessors of miniwarehouses and self-storage units","State, NAICS 5-digit -- by ownership sector","All establishment sizes",160,428,22341483,11025394,231955,1004,52190,"",0.69,0.65,0.54,0.76,0.82,0.83,0.83,"",8,5.3,26,6.5,2678479,13.6,3669467,49.9,17132,8.0,63,6.7,3236,6.6
"09000","5","531130","58","0","2024","A","","Connecticut -- Statewide","Private","NAICS 531130 Lessors of miniwarehouses and self-storage units","State, NAICS 6-digit -- by ownership sector","All establishment sizes",160,428,22341483,11025394,231955,1004,52190,"",0.69,0.65,0.54,0.76,0.82,0.83,0.83,"",8,5.3,26,6.5,2678479,13.6,3669467,49.9,17132,8.0,63,6.7,3236,6.6
"09000","5","53119","57","0","2024","A","","Connecticut -- Statewide","Private","NAICS 53119 Lessors of other real estate property","State, NAICS 5-digit -- by ownership sector","All establishment sizes",48,126,10567417,3394895,72047,1608,83592,"",0.37,0.27,0.29,0.33,0.34,1.07,1.07,"",2,4.3,11,9.6,933036,9.7,1279981,60.5,31137,76.1,-9,-0.6,-490,-0.6
"09000","5","531190","58","0","2024","A","","Connecticut -- Statewide","Private","NAICS 531190 Lessors of other real estate property","State, NAICS 6-digit -- by ownership sector","All establishment sizes",48,126,10567417,3394895,72047,1608,83592,"",0.37,0.27,0.29,0.33,0.34,1.07,1.07,"",2,4.3,11,9.6,933036,9.7,1279981,60.5,31137,76.1,-9,-0.6,-490,-0.6
"09000","5","5312","56","0","2024","A","","Connecticut -- Statewide","Private","NAICS 5312 Offices of real estate agents and brokers","State, NAICS 4-digit -- by ownership sector","All establishment sizes",948,2279,251028639,61810110,1210116,2118,110153,"",0.48,0.60,0.65,0.66,0.67,1.07,1.07,"",2,0.2,-1,0.0,10980951,4.6,22605216,57.7,339350,39.0,93,4.6,4850,4.6
"09000","5","53121","57","0","2024","A","","Connecticut -- Statewide","Private","NAICS 53121 Offices of real estate agents and brokers","State, NAICS 5-digit -- by ownership sector","All establishment sizes",948,2279,251028639,61810110,1210116,2118,110153,"",0.48,0.60,0.65,0.66,0.67,1.07,1.07,"",2,0.2,-1,0.0,10980951,4.6,22605216,57.7,339350,39.0,93,4.6,4850,4.6
"09000","5","531210","58","0","2024","A","","Connecticut -- Statewide","Private","NAICS 531210 Offices of real estate agents and brokers","State, NAICS 6-digit -- by ownership sector","All establishment sizes",948,2279,251028639,61810110,1210116,2118,110153,"",0.48,0.60,0.65,0.66,0.67,1.07,1.07,"",2,0.2,-1,0.0,10980951,4.6,22605216,57.7,339350,39.0,93,4.6,4850,4.6
"09000","5","5313","56","0","2024","A","","Connecticut -- Statewide","Private","NAICS 5313 Activities related to real estate","State, NAICS 4-digit -- by ownership sector","All establishment sizes",1500,7794,657377022,212325552,4428119,1622,84347,"",0.83,0.87,0.82,0.95,0.98,0.94,0.94,"",63,4.4,167,2.2,41074399,6.7,81057841,61.8,1170904,35.9,68,4.4,3544,4.4
"09000","5","53131","57","0","2024","A","","Connecticut -- Statewide","Private","NAICS 53131 Real estate property managers","State, NAICS 5-digit -- by ownership sector","All establishment sizes",1173,6981,532237280,188311381,3978050,1466,76244,"",0.94,0.91,0.82,0.98,1.04,0.91,0.91,"",23,2.0,167,2.5,27605699,5.5,70978781,60.5,1016853,34.3,42,2.9,2187,3.0
"09000","5","531311","58","0","2024","A","","Connecticut -- Statewide","Private","NAICS 531311 Residential property managers","State, NAICS 6-digit -- by ownership sector","All establishment sizes",789,4456,295309306,119176407,2611978,1275,66276,"",0.83,0.76,0.68,0.82,0.89,0.90,0.90,"",51,6.9,235,5.6,28174939,10.5,46110140,63.1,682802,35.4,58,4.8,2989,4.7
"09000","5","531312","58","0","2024","A","","Connecticut -- Statewide","Private","NAICS 531312 Nonresidential property managers","State, NAICS 6-digit -- by ownership sector","All establishment sizes",384,2525,236927974,69134974,1366072,1804,93833,"",1.33,1.35,1.11,1.49,1.55,0.82,0.82,"",-28,-6.8,-68,-2.6,-569240,-0.2,24868641,56.2,334051,32.4,43,2.4,2244,2.5
"09000","5","53132","57","0","2024","A","","Connecticut -- Statewide","Private","NAICS 53132 Offices of real estate appraisers","State, NAICS 5-digit -- by ownership sector","All establishment sizes",97,163,11985623,4338420,74131,1414,73531,"",0.60,0.53,0.45,0.59,0.57,0.84,0.84,"",2,2.1,-30,-15.5,-321962,-2.6,991664,29.6,4618,6.6,184,15.0,9595,15.0
"09000","5","531320","58","0","2024","A","","Connecticut -- Statewide","Private","NAICS 531320 Offices of real estate appraisers","State, NAICS 6-digit -- by ownership sector","All establishment sizes",97,163,11985623,4338420,74131,1414,73531,"",0.60,0.53,0.45,0.59,0.57,0.84,0.84,"",2,2.1,-30,-15.5,-321962,-2.6,991664,29.6,4618,6.6,184,15.0,9595,15.0
"09000","5","53139","57","0","2024","A","","Connecticut -- Statewide","Private","NAICS 53139 Other activities related to real estate","State, NAICS 5-digit -- by ownership sector","All establishment sizes",230,650,113154119,19675751,375938,3348,174083,"",0.58,0.65,0.85,0.81,0.67,1.30,1.30,"",39,20.4,29,4.7,13790662,13.9,9087396,85.8,149433,66.0,269,8.7,13992,8.7
"09000","5","531390","58","0","2024","A","","Connecticut -- Statewide","Private","NAICS 531390 Other activities related to real estate","State, NAICS 6-digit -- by ownership sector","All establishment sizes",230,650,113154119,19675751,375938,3348,174083,"",0.58,0.65,0.85,0.81,0.67,1.30,1.30,"",39,20.4,29,4.7,13790662,13.9,9087396,85.8,149433,66.0,269,8.7,13992,8.7
"09000","5","532","55","0","2024","A","","Connecticut -- Statewide","Private","NAICS 532 Rental and leasing services","State, NAICS 3-digit -- by ownership sector","All establishment sizes",560,4207,342234711,113061259,2396359,1565,81355,"",0.77,0.68,0.67,0.76,0.83,0.99,0.99,"",10,1.8,-153,-3.5,1285786,0.4,35771336,46.3,563387,30.7,61,4.1,3151,4.0
"09000","5","5321","56","0","2024","A","","Connecticut -- Statewide","Private","NAICS 5321 Automotive equipment rental and leasing","State, NAICS 4-digit -- by ownership sector","All establishment sizes",228,2047,133936006,52226705,877945,1258,65420,"",1.00,0.88,0.81,0.97,1.03,0.93,0.93,"",8,3.6,-131,-6.0,-5515952,-4.0,15553446,42.4,195956,28.7,27,2.2,1390,2.2
"09000","5","53211","57","0","2024","A","","Connecticut -- Statewide","Private","NAICS 53211 Passenger car rental and leasing","State, NAICS 5-digit -- by ownership sector","All establishment sizes",136,845,47937001,19674508,315322,1091,56741,"",1.02,0.65,0.55,0.65,0.67,0.85,0.85,"",3,2.3,-57,-6.3,-378822,-0.8,5751509,41.3,43709,16.1,61,5.9,3191,6.0
"09000","5","532111","58","0","2024","A","","Connecticut -- Statewide","Private","NAICS 532111 Passenger car rental","State, NAICS 6-digit -- by ownership sector","All establishment sizes",124,736,38285982,16660232,262820,1000,51995,"",1.01,0.63,0.53,0.62,0.63,0.85,0.85,"",4,3.3,-53,-6.7,366653,1.0,4766495,40.1,49781,23.4,76,8.2,3925,8.2
"09000","5","532112","58","0","2024","A","","Connecticut -- Statewide","Private","NAICS 532112 Passenger car leasing","State, NAICS 6-digit -- by ownership sector","All establishment sizes",13,108,9651019,3014276,52502,1711,88949,"",1.22,0.84,0.63,0.91,1.00,0.74,0.74,"",0,0.0,-5,-4.4,-745475,-7.2,985014,48.5,-6072,-10.4,-52,-2.9,-2717,-3.0
"09000","5","53212","57","0","2024","A","","Connecticut -- Statewide","Private","NAICS 53212 Truck, utility trailer, and rv (recreational vehicle) rental and leasing","State, NAICS 5-digit -- by ownership sector","All establishment sizes",91,1202,85999005,32552197,562623,1375,71517,"",0.97,1.18,1.11,1.38,1.48,0.95,0.95,"",4,4.6,-74,-5.8,-5137130,-5.6,9801937,43.1,152247,37.1,1,0.1,75,0.1
"09000","5","532120","58","0","2024","A","","Connecticut -- Statewide","Private","NAICS 532120 Truck, utility trailer, and rv (recreational vehicle) rental and leasing","State, NAICS 6-digit -- by ownership sector","All establishment sizes",91,1202,85999005,32552197,562623,1375,71517,"",0.97,1.18,1.11,1.38,1.48,0.95,0.95,"",4,4.6,-74,-5.8,-5137130,-5.6,9801937,43.1,152247,37.1,1,0.1,75,0.1
"09000","5","5322","56","0","2024","A","","Connecticut -- Statewide","Private","NAICS 5322 Consumer goods rental","State, NAICS 4-digit -- by ownership sector","All establishment sizes",160,884,51904460,24187441,763464,1129,58721,"",0.72,0.62,0.57,0.72,1.01,0.92,0.92,"",-5,-3.0,-77,-8.0,-2956221,-5.4,6383970,35.9,200047,35.5,31,2.8,1629,2.9
"09000","5","53221","57","0","2024","A","N","Connecticut -- Statewide","Private","NAICS 53221 Consumer electronics and appliances rental","State, NAICS 5-digit -- by ownership sector","All establishment sizes",4,0,0,0,0,0,0,"N",0.22,0,0,0,0,0,0,"N",1,33.3,0,0,0,0,0,0,0,0,0,0,0,0
"09000","5","532210","58","0","2024","A","N","Connecticut -- Statewide","Private","NAICS 532210 Consumer electronics and appliances rental","State, NAICS 6-digit -- by ownership sector","All establishment sizes",4,0,0,0,0,0,0,"N",0.22,0,0,0,0,0,0,"N",1,33.3,0,0,0,0,0,0,0,0,0,0,0,0
"09000","5","53228","57","0","2024","A","N","Connecticut -- Statewide","Private","NAICS 53228 Other consumer goods rental","State, NAICS 5-digit -- by ownership sector","All establishment sizes",156,0,0,0,0,0,0,"N",0.77,0,0,0,0,0,0,"N",-6,-3.7,0,0,0,0,0,0,0,0,0,0,0,0
"09000","5","532281","58","0","2024","A","N","Connecticut -- Statewide","Private","NAICS 532281 Formal wear and costume rental","State, NAICS 6-digit -- by ownership sector","All establishment sizes",7,0,0,0,0,0,0,"N",0.78,0,0,0,0,0,0,"N",-1,-12.5,0,0,0,0,0,0,0,0,0,0,0,0
"09000","5","532282","58","0","2024","A","","Connecticut -- Statewide","Private","NAICS 532282 Video tape and disc rental","State, NAICS 6-digit -- by ownership sector","All establishment sizes",10,51,3188309,1208288,18610,1192,62009,"",1.69,1.74,0.54,1.15,1.22,0.31,0.31,"",-3,-23.1,-13,-20.3,-1039481,-24.6,158863,15.1,-9371,-33.5,-75,-5.9,-3879,-5.9
"09000","5","532283","58","0","2024","A","","Connecticut -- Statewide","Private","NAICS 532283 Home health equipment rental","State, NAICS 6-digit -- by ownership sector","All establishment sizes",15,222,14564621,6126348,124577,1261,65557,"",0.45,0.62,0.60,0.71,0.92,0.96,0.96,"",0,0.0,-6,-2.6,-293340,-2.0,2135957,53.5,41909,50.7,6,0.5,319,0.5
"09000","5","532284","58","0","2024","A","N","Connecticut -- Statewide","Private","NAICS 532284 Recreational goods rental","State, NAICS 6-digit -- by ownership sector","All establishment sizes",13,0,0,0,0,0,0,"N",0.31,0,0,0,0,0,0,"N",-1,-7.1,0,0,0,0,0,0,0,0,0,0,0,0
"09000","5","532289","58","0","2024","A","","Connecticut -- Statewide","Private","NAICS 532289 All other consumer goods rental","State, NAICS 6-digit -- by ownership sector","All establishment sizes",110,503,29931938,14614490,577665,1143,59458,"",0.97,0.75,0.74,0.93,1.46,0.98,0.98,"",-3,-2.7,-61,-10.8,-1518765,-4.8,3489373,31.4,167864,41.0,71,6.6,3719,6.7
"09000","5","5323","56","0","2024","A","","Connecticut -- Statewide","Private","NAICS 5323 General rental centers","State, NAICS 4-digit -- by ownership sector","All establishment sizes",23,132,6429771,3648670,85938,934,48588,"",0.53,0.40,0.25,0.45,0.53,0.63,0.63,"",-3,-11.5,-16,-10.8,-413333,-6.0,775097,27.0,22975,36.5,46,5.2,2403,5.2
"09000","5","53231","57","0","2024","A","","Connecticut -- Statewide","Private","NAICS 53231 General rental centers","State, NAICS 5-digit -- by ownership sector","All establishment sizes",23,132,6429771,3648670,85938,934,48588,"",0.53,0.40,0.25,0.45,0.53,0.63,0.63,"",-3,-11.5,-16,-10.8,-413333,-6.0,775097,27.0,22975,36.5,46,5.2,2403,5.2
"09000","5","532310","58","0","2024","A","","Connecticut -- Statewide","Private","NAICS 532310 General rental centers","State, NAICS 6-digit -- by ownership sector","All establishment sizes",23,132,6429771,3648670,85938,934,48588,"",0.53,0.40,0.25,0.45,0.53,0.63,0.63,"",-3,-11.5,-16,-10.8,-413333,-6.0,775097,27.0,22975,36.5,46,5.2,2403,5.2
"09000","5","5324","56","0","2024","A","","Connecticut -- Statewide","Private","NAICS 5324 Commercial and industrial machinery and equipment rental and leasing","State, NAICS 4-digit -- by ownership sector","All establishment sizes",150,1143,149964474,32998443,669012,2523,131193,"",0.64,0.53,0.66,0.61,0.60,1.23,1.23,"",11,7.9,70,6.5,10171292,7.3,13058823,65.5,144409,27.5,17,0.7,880,0.7
"09000","5","53241","57","0","2024","A","","Connecticut -- Statewide","Private","NAICS 53241 Construction, transportation, mining, and forestry machinery and equipment rental and leasing","State, NAICS 5-digit -- by ownership sector","All establishment sizes",52,636,100714232,18619677,325688,3044,158273,"",0.50,0.57,0.78,0.66,0.65,1.38,1.38,"",4,8.3,53,9.1,8318762,9.0,7626041,69.4,60497,22.8,-4,-0.1,-210,-0.1
"09000","5","532411","58","0","2024","A","","Connecticut -- Statewide","Private","NAICS 532411 Commercial air, rail, and water transportation equipment rental and leasing","State, NAICS 6-digit -- by ownership sector","All establishment sizes",8,126,47089011,3531955,60482,7159,372245,"",0.77,2.25,5.05,2.79,2.28,2.24,2.24,"",-2,-20.0,-4,-3.1,3681752,8.5,1358251,62.5,3497,6.1,758,11.8,39410,11.8
"09000","5","532412","58","0","2024","A","","Connecticut -- Statewide","Private","NAICS 532412 Construction, mining, and forestry machinery and equipment rental and leasing","State, NAICS 6-digit -- by ownership sector","All establishment sizes",44,510,53625221,15087722,265206,2023,105182,"",0.47,0.48,0.45,0.56,0.55,0.94,0.94,"",6,15.8,57,12.6,4637010,9.5,6267790,71.1,57000,27.4,-59,-2.8,-3059,-2.8
"09000","5","53242","57","0","2024","A","","Connecticut -- Statewide","Private","NAICS 53242 Office machinery and equipment rental and leasing","State, NAICS 5-digit -- by ownership sector","All establishment sizes",12,159,19897000,4393537,76531,2409,125270,"",0.83,1.35,1.46,1.61,1.31,1.08,1.08,"",-2,-14.3,-6,-3.6,-646794,-3.1,1720631,64.4,8036,11.7,7,0.3,384,0.3
"09000","5","532420","58","0","2024","A","","Connecticut -- Statewide","Private","NAICS 532420 Office machinery and equipment rental and leasing","State, NAICS 6-digit -- by ownership sector","All establishment sizes",12,159,19897000,4393537,76531,2409,125270,"",0.83,1.35,1.46,1.61,1.31,1.08,1.08,"",-2,-14.3,-6,-3.6,-646794,-3.1,1720631,64.4,8036,11.7,7,0.3,384,0.3
"09000","5","53249","57","0","2024","A","","Connecticut -- Statewide","Private","NAICS 53249 Other commercial and industrial machinery and equipment rental and leasing","State, NAICS 5-digit -- by ownership sector","All establishment sizes",86,348,29353242,9985229,266793,1622,84369,"",0.74,0.39,0.34,0.44,0.48,0.88,0.88,"",9,11.7,23,7.1,2499324,9.3,3712151,59.2,75876,39.7,34,2.1,1805,2.2
"09000","5","532490","58","0","2024","A","","Connecticut -- Statewide","Private","NAICS 532490 Other commercial and industrial machinery and equipment rental and leasing","State, NAICS 6-digit -- by ownership sector","All establishment sizes",86,348,29353242,9985229,266793,1622,84369,"",0.74,0.39,0.34,0.44,0.48,0.88,0.88,"",9,11.7,23,7.1,2499324,9.3,3712151,59.2,75876,39.7,34,2.1,1805,2.2
"09000","5","533","55","0","2024","A","","Connecticut -- Statewide","Private","NAICS 533 Lessors of nonfinancial intangible assets (except copyrighted works)","State, NAICS 3-digit -- by ownership sector","All establishment sizes",55,511,128371189,14520763,558723,4831,251216,"",1.18,2.12,3.14,2.25,4.13,1.48,1.48,"",-6,-9.8,-22,-4.1,4974150,4.0,537316,3.8,-174782,-23.8,376,8.4,19557,8.4
"09000","5","5331","56","0","2024","A","","Connecticut -- Statewide","Private","NAICS 5331 Lessors of nonfinancial intangible assets (except copyrighted works)","State, NAICS 4-digit -- by ownership sector","All establishment sizes",55,511,128371189,14520763,558723,4831,251216,"",1.18,2.12,3.14,2.25,4.13,1.48,1.48,"",-6,-9.8,-22,-4.1,4974150,4.0,537316,3.8,-174782,-23.8,376,8.4,19557,8.4
"09000","5","53311","57","0","2024","A","","Connecticut -- Statewide","Private","NAICS 53311 Lessors of nonfinancial intangible assets (except copyrighted works)","State, NAICS 5-digit -- by ownership sector","All establishment sizes",55,511,128371189,14520763,558723,4831,251216,"",1.18,2.12,3.14,2.25,4.13,1.48,1.48,"",-6,-9.8,-22,-4.1,4974150,4.0,537316,3.8,-174782,-23.8,376,8.4,19557,8.4
"09000","5","533110","58","0","2024","A","","Connecticut -- Statewide","Private","NAICS 533110 Lessors of nonfinancial intangible assets (except copyrighted works)","State, NAICS 6-digit -- by ownership sector","All establishment sizes",55,511,128371189,14520763,558723,4831,251216,"",1.18,2.12,3.14,2.25,4.13,1.48,1.48,"",-6,-9.8,-22,-4.1,4974150,4.0,537316,3.8,-174782,-23.8,376,8.4,19557,8.4
"09000","5","54","54","0","2024","A","","Connecticut -- Statewide","Private","NAICS 54 Professional, scientific, and technical services","State, NAICS Sector -- by ownership sector","All establishment sizes",22494,101440,13961725287,2886838544,51685147,2647,137636,"",1.05,0.87,0.80,0.97,0.87,0.93,0.93,"",2149,10.6,760,0.8,816245473,6.2,1079677342,59.7,12410907,31.6,136,5.4,7069,5.4
"09000","5","541","55","0","2024","A","","Connecticut -- Statewide","Private","NAICS 541 Professional, scientific, and technical services","State, NAICS 3-digit -- by ownership sector","All establishment sizes",22494,101440,13961725287,2886838544,51685147,2647,137636,"",1.05,0.87,0.80,0.97,0.87,0.93,0.93,"",2149,10.6,760,0.8,816245473,6.2,1079677342,59.7,12410907,31.6,136,5.4,7069,5.4
"09000","5","5411","56","0","2024","A","","Connecticut -- Statewide","Private","NAICS 5411 Legal services","State, NAICS 4-digit -- by ownership sector","All establishment sizes",2518,11790,1424752102,321061122,5104213,2324,120843,"",0.97,0.91,0.72,1.04,0.95,0.79,0.79,"",36,1.5,13,0.1,89903924,6.7,115966563,56.5,854576,20.1,144,6.6,7495,6.6
"09000","5","54111","57","0","2024","A","","Connecticut -- Statewide","Private","NAICS 54111 Offices of lawyers","State, NAICS 5-digit -- by ownership sector","All establishment sizes",2341,11472,1386163554,312474940,4912037,2324,120835,"",1.01,0.96,0.73,1.10,1.03,0.76,0.76,"",2,0.1,-53,-0.5,84269300,6.5,112497169,56.3,782335,18.9,152,7.0,7872,7.0
"09000","5","541110","58","0","2024","A","","Connecticut -- Statewide","Private","NAICS 541110 Offices of lawyers","State, NAICS 6-digit -- by ownership sector","All establishment sizes",2341,11472,1386163554,312474940,4912037,2324,120835,"",1.01,0.96,0.73,1.10,1.03,0.76,0.76,"",2,0.1,-53,-0.5,84269300,6.5,112497169,56.3,782335,18.9,152,7.0,7872,7.0
"09000","5","54119","57","0","2024","A","","Connecticut -- Statewide","Private","NAICS 54119 Other legal services","State, NAICS 5-digit -- by ownership sector","All establishment sizes",177,319,38588548,8586182,192176,2329,121125,"",0.68,0.30,0.38,0.34,0.33,1.26,1.26,"",35,24.6,67,26.6,5634624,17.1,3469394,67.8,72241,60.2,-190,-7.5,-9861,-7.5
"09000","5","541191","58","0","2024","A","","Connecticut -- Statewide","Private","NAICS 541191 Title abstract and settlement offices","State, NAICS 6-digit -- by ownership sector","All establishment sizes",34,44,3749587,1204283,24729,1633,84896,"",0.27,0.07,0.07,0.08,0.07,0.99,0.99,"",-6,-15.0,-14,-24.1,-479173,-11.3,-113121,-8.6,-6682,-21.3,233,16.6,12091,16.6
"09000","5","541199","58","0","2024","A","","Connecticut -- Statewide","Private","NAICS 541199 All other legal services","State, NAICS 6-digit -- by ownership sector","All establishment sizes",143,274,34838961,7381899,167447,2441,126956,"",1.06,0.61,0.70,0.71,0.74,1.15,1.15,"",41,40.2,80,41.2,6113797,21.3,3582515,94.3,78923,89.2,-414,-14.5,-21494,-14.5
"09000","5","5412","56","0","2024","A","","Connecticut -- Statewide","Private","NAICS 5412 Accounting, tax preparation, bookkeeping, and payroll services","State, NAICS 4-digit -- by ownership sector","All establishment sizes",2012,10648,1253894205,300154927,5171331,2265,117754,"",0.88,0.85,0.88,0.96,0.81,1.03,1.03,"",149,8.0,-59,-0.6,23833869,1.9,105056745,53.8,853009,19.8,56,2.5,2867,2.5
"09000","5","54121","57","0","2024","A","","Connecticut -- Statewide","Private","NAICS 54121 Accounting, tax preparation, bookkeeping, and payroll services","State, NAICS 5-digit -- by ownership sector","All establishment sizes",2012,10648,1253894205,300154927,5171331,2265,117754,"",0.88,0.85,0.88,0.96,0.81,1.03,1.03,"",149,8.0,-59,-0.6,23833869,1.9,105056745,53.8,853009,19.8,56,2.5,2867,2.5
"09000","5","541211","58","0","2024","A","","Connecticut -- Statewide","Private","NAICS 541211 Offices of certified public accountants","State, NAICS 6-digit -- by ownership sector","All establishment sizes",722,6381,862830337,183252789,2636739,2600,135215,"",0.93,1.09,1.08,1.22,1.12,0.99,0.99,"",13,1.8,-228,-3.4,-12422545,-1.4,59931592,48.6,181137,7.4,53,2.1,2775,2.1
"09000","5","541213","58","0","2024","A","","Connecticut -- Statewide","Private","NAICS 541213 Tax preparation services","State, NAICS 6-digit -- by ownership sector","All establishment sizes",423,892,55270088,22200022,817864,1192,61979,"",0.91,0.83,0.81,0.89,0.81,0.98,0.98,"",15,3.7,30,3.5,755685,1.4,6424514,40.7,203311,33.1,-25,-2.1,-1281,-2.0
"09000","5","541214","58","0","2024","A","","Connecticut -- Statewide","Private","NAICS 541214 Payroll services","State, NAICS 6-digit -- by ownership sector","All establishment sizes",166,1061,134753932,33016819,689582,2441,126957,"",1.02,0.42,0.48,0.52,0.41,1.14,1.14,"",18,12.2,-84,-7.3,694486,0.5,13055730,65.4,216528,45.8,190,8.4,9883,8.4
"09000","5","541219","58","0","2024","A","","Connecticut -- Statewide","Private","NAICS 541219 Other accounting services","State, NAICS 6-digit -- by ownership sector","All establishment sizes",701,2314,201039848,61685297,1027146,1671,86877,"",0.79,0.74,0.70,0.83,0.77,0.95,0.95,"",103,17.2,223,10.7,34806243,20.9,25644909,71.2,252033,32.5,142,9.3,7384,9.3
"09000","5","5413","56","0","2024","A","","Connecticut -- Statewide","Private","NAICS 5413 Architectural, engineering, and related services","State, NAICS 4-digit -- by ownership sector","All establishment sizes",1898,13950,1564862414,395657000,6899095,2157,112179,"",0.89,0.76,0.64,0.83,0.76,0.84,0.84,"",163,9.4,512,3.8,142225208,10.0,159019355,67.2,1672372,32.0,121,5.9,6310,6.0
"09000","5","54131","57","0","2024","A","","Connecticut -- Statewide","Private","NAICS 54131 Architectural services","State, NAICS 5-digit -- by ownership sector","All establishment sizes",347,1852,206355321,52635586,838634,2143,111433,"",0.94,0.84,0.75,0.91,0.85,0.90,0.90,"",19,5.8,0,0.0,8658333,4.4,20923445,66.0,173989,26.2,90,4.4,4661,4.4
"09000","5","541310","58","0","2024","A","","Connecticut -- Statewide","Private","NAICS 541310 Architectural services","State, NAICS 6-digit -- by ownership sector","All establishment sizes",347,1852,206355321,52635586,838634,2143,111433,"",0.94,0.84,0.75,0.91,0.85,0.90,0.90,"",19,5.8,0,0.0,8658333,4.4,20923445,66.0,173989,26.2,90,4.4,4661,4.4
"09000","5","54132","57","0","2024","A","","Connecticut -- Statewide","Private","NAICS 54132 Landscape architectural services","State, NAICS 5-digit -- by ownership sector","All establishment sizes",98,262,21598296,7556857,201520,1584,82358,"",1.05,0.70,0.65,0.82,0.91,0.93,0.93,"",3,3.2,10,4.0,2367780,12.3,2880551,61.6,49725,32.8,117,8.0,6097,8.0
"09000","5","541320","58","0","2024","A","","Connecticut -- Statewide","Private","NAICS 541320 Landscape architectural services","State, NAICS 6-digit -- by ownership sector","All establishment sizes",98,262,21598296,7556857,201520,1584,82358,"",1.05,0.70,0.65,0.82,0.91,0.93,0.93,"",3,3.2,10,4.0,2367780,12.3,2880551,61.6,49725,32.8,117,8.0,6097,8.0
"09000","5","54133","57","0","2024","A","","Connecticut -- Statewide","Private","NAICS 54133 Engineering services","State, NAICS 5-digit -- by ownership sector","All establishment sizes",1040,9140,1092191006,260306953,4552519,2298,119497,"",0.84,0.72,0.60,0.78,0.73,0.84,0.84,"",128,14.0,442,5.1,108575657,11.0,106770410,69.5,1136199,33.3,123,5.7,6411,5.7
"09000","5","541330","58","0","2024","A","","Connecticut -- Statewide","Private","NAICS 541330 Engineering services","State, NAICS 6-digit -- by ownership sector","All establishment sizes",1040,9140,1092191006,260306953,4552519,2298,119497,"",0.84,0.72,0.60,0.78,0.73,0.84,0.84,"",128,14.0,442,5.1,108575657,11.0,106770410,69.5,1136199,33.3,123,5.7,6411,5.7
"09000","5","54134","57","0","2024","A","","Connecticut -- Statewide","Private","NAICS 54134 Drafting services","State, NAICS 5-digit -- by ownership sector","All establishment sizes",19,98,8780808,2729813,65510,1722,89524,"",0.43,0.95,1.01,1.06,1.46,1.06,1.06,"",4,26.7,-4,-3.9,96821,1.1,881963,47.7,20457,45.4,85,5.2,4387,5.2
"09000","5","541340","58","0","2024","A","","Connecticut -- Statewide","Private","NAICS 541340 Drafting services","State, NAICS 6-digit -- by ownership sector","All establishment sizes",19,98,8780808,2729813,65510,1722,89524,"",0.43,0.95,1.01,1.06,1.46,1.06,1.06,"",4,26.7,-4,-3.9,96821,1.1,881963,47.7,20457,45.4,85,5.2,4387,5.2
"09000","5","54135","57","0","2024","A","","Connecticut -- Statewide","Private","NAICS 54135 Building inspection services","State, NAICS 5-digit -- by ownership sector","All establishment sizes",107,414,28408354,11413707,225954,1319,68564,"",1.01,1.43,1.21,1.67,1.42,0.85,0.85,"",5,4.9,-15,-3.5,-856601,-2.9,3087868,37.1,35848,18.9,7,0.5,334,0.5
"09000","5","541350","58","0","2024","A","","Connecticut -- Statewide","Private","NAICS 541350 Building inspection services","State, NAICS 6-digit -- by ownership sector","All establishment sizes",107,414,28408354,11413707,225954,1319,68564,"",1.01,1.43,1.21,1.67,1.42,0.85,0.85,"",5,4.9,-15,-3.5,-856601,-2.9,3087868,37.1,35848,18.9,7,0.5,334,0.5
"09000","5","54136","57","0","2024","A","","Connecticut -- Statewide","Private","NAICS 54136 Geophysical surveying and mapping services","State, NAICS 5-digit -- by ownership sector","All establishment sizes",23,40,3422797,1031446,22812,1666,86653,"",0.74,0.26,0.19,0.24,0.24,0.73,0.72,"",6,35.3,0,0.0,405552,13.4,278230,36.9,105,0.5,227,15.8,11845,15.8
"09000","5","541360","58","0","2024","A","","Connecticut -- Statewide","Private","NAICS 541360 Geophysical surveying and mapping services","State, NAICS 6-digit -- by ownership sector","All establishment sizes",23,40,3422797,1031446,22812,1666,86653,"",0.74,0.26,0.19,0.24,0.24,0.73,0.72,"",6,35.3,0,0.0,405552,13.4,278230,36.9,105,0.5,227,15.8,11845,15.8
"09000","5","54137","57","0","2024","A","","Connecticut -- Statewide","Private","NAICS 54137 Surveying and mapping (except geophysical) services","State, NAICS 5-digit -- by ownership sector","All establishment sizes",84,381,32962721,10792371,180102,1662,86441,"",0.79,0.63,0.61,0.74,0.69,0.98,0.98,"",-3,-3.4,7,1.9,3315625,11.2,4572414,73.5,60989,51.2,136,8.9,7065,8.9
"09000","5","541370","58","0","2024","A","","Connecticut -- Statewide","Private","NAICS 541370 Surveying and mapping (except geophysical) services","State, NAICS 6-digit -- by ownership sector","All establishment sizes",84,381,32962721,10792371,180102,1662,86441,"",0.79,0.63,0.61,0.74,0.69,0.98,0.98,"",-3,-3.4,7,1.9,3315625,11.2,4572414,73.5,60989,51.2,136,8.9,7065,8.9
"09000","5","54138","57","0","2024","A","","Connecticut -- Statewide","Private","NAICS 54138 Testing laboratories and services","State, NAICS 5-digit -- by ownership sector","All establishment sizes",181,1762,171143111,49190267,812044,1867,97107,"",1.27,0.92,0.80,1.01,0.76,0.86,0.86,"",2,1.1,71,4.2,19662041,13.0,19624474,66.4,195060,31.6,145,8.4,7544,8.4
"09000","5","541380","58","0","2024","A","","Connecticut -- Statewide","Private","NAICS 541380 Testing laboratories and services","State, NAICS 6-digit -- by ownership sector","All establishment sizes",181,1762,171143111,49190267,812044,1867,97107,"",1.27,0.92,0.80,1.01,0.76,0.86,0.86,"",2,1.1,71,4.2,19662041,13.0,19624474,66.4,195060,31.6,145,8.4,7544,8.4
"09000","5","5414","56","0","2024","A","","Connecticut -- Statewide","Private","NAICS 5414 Specialized design services","State, NAICS 4-digit -- by ownership sector","All establishment sizes",546,1293,112441715,37958778,700517,1672,86945,"",0.91,0.79,0.65,0.99,0.82,0.83,0.83,"",37,7.3,47,3.8,7860759,7.5,15473876,68.8,182965,35.4,58,3.6,3006,3.6
"09000","5","54141","57","0","2024","A","","Connecticut -- Statewide","Private","NAICS 54141 Interior design services","State, NAICS 5-digit -- by ownership sector","All establishment sizes",245,489,39011555,14057363,247470,1536,79846,"",1.04,0.81,0.77,1.01,0.85,0.95,0.95,"",13,5.6,25,5.4,2438961,6.7,5530865,64.9,60962,32.7,22,1.5,1096,1.4
"09000","5","541410","58","0","2024","A","","Connecticut -- Statewide","Private","NAICS 541410 Interior design services","State, NAICS 6-digit -- by ownership sector","All establishment sizes",245,489,39011555,14057363,247470,1536,79846,"",1.04,0.81,0.77,1.01,0.85,0.95,0.95,"",13,5.6,25,5.4,2438961,6.7,5530865,64.9,60962,32.7,22,1.5,1096,1.4
"09000","5","54142","57","0","2024","A","","Connecticut -- Statewide","Private","NAICS 54142 Industrial design services","State, NAICS 5-digit -- by ownership sector","All establishment sizes",44,307,27721020,9198133,185350,1736,90296,"",1.24,1.44,0.88,1.98,1.54,0.61,0.61,"",-3,-6.4,0,0.0,413730,1.5,3645438,65.7,33319,21.9,27,1.6,1420,1.6
"09000","5","541420","58","0","2024","A","","Connecticut -- Statewide","Private","NAICS 541420 Industrial design services","State, NAICS 6-digit -- by ownership sector","All establishment sizes",44,307,27721020,9198133,185350,1736,90296,"",1.24,1.44,0.88,1.98,1.54,0.61,0.61,"",-3,-6.4,0,0.0,413730,1.5,3645438,65.7,33319,21.9,27,1.6,1420,1.6
"09000","5","54143","57","0","2024","A","","Connecticut -- Statewide","Private","NAICS 54143 Graphic design services","State, NAICS 5-digit -- by ownership sector","All establishment sizes",193,402,35322649,11517214,190893,1690,87867,"",0.78,0.67,0.54,0.79,0.63,0.82,0.82,"",19,10.9,-4,-1.0,1272852,3.7,4433795,62.6,41169,27.5,78,4.8,4052,4.8
"09000","5","541430","58","0","2024","A","","Connecticut -- Statewide","Private","NAICS 541430 Graphic design services","State, NAICS 6-digit -- by ownership sector","All establishment sizes",193,402,35322649,11517214,190893,1690,87867,"",0.78,0.67,0.54,0.79,0.63,0.82,0.82,"",19,10.9,-4,-1.0,1272852,3.7,4433795,62.6,41169,27.5,78,4.8,4052,4.8
"09000","5","54149","57","0","2024","A","","Connecticut -- Statewide","Private","NAICS 54149 Other specialized design services","State, NAICS 5-digit -- by ownership sector","All establishment sizes",64,96,10386491,3186068,76804,2088,108570,"",0.79,0.43,0.41,0.62,0.56,0.94,0.94,"",8,14.3,28,41.2,3735216,56.2,1863778,141.0,47515,162.2,207,11.0,10757,11.0
"09000","5","541490","58","0","2024","A","","Connecticut -- Statewide","Private","NAICS 541490 Other specialized design services","State, NAICS 6-digit -- by ownership sector","All establishment sizes",64,96,10386491,3186068,76804,2088,108570,"",0.79,0.43,0.41,0.62,0.56,0.94,0.94,"",8,14.3,28,41.2,3735216,56.2,1863778,141.0,47515,162.2,207,11.0,10757,11.0
"09000","5","5415","56","0","2024","A","","Connecticut -- Statewide","Private","NAICS 5415 Computer systems design and related services","State, NAICS 4-digit -- by ownership sector","All establishment sizes",5868,21760,3295386045,648519181,12196845,2912,151443,"",1.14,0.82,0.67,0.92,0.83,0.81,0.81,"",672,12.9,-564,-2.5,71369547,2.2,235138247,56.9,3213695,35.8,135,4.9,7023,4.9
"09000","5","54151","57","0","2024","A","","Connecticut -- Statewide","Private","NAICS 54151 Computer systems design and related services","State, NAICS 5-digit -- by ownership sector","All establishment sizes",5868,21760,3295386045,648519181,12196845,2912,151443,"",1.14,0.82,0.67,0.92,0.83,0.81,0.81,"",672,12.9,-564,-2.5,71369547,2.2,235138247,56.9,3213695,35.8,135,4.9,7023,4.9
"09000","5","541511","58","0","2024","A","","Connecticut -- Statewide","Private","NAICS 541511 Custom computer programming services","State, NAICS 6-digit -- by ownership sector","All establishment sizes",2463,6802,1069468544,203842321,3860572,3024,157229,"",1.00,0.58,0.44,0.65,0.57,0.76,0.76,"",401,19.4,72,1.1,61212981,6.1,78715695,62.9,1171526,43.6,143,5.0,7418,5.0
"09000","5","541512","58","0","2024","A","","Connecticut -- Statewide","Private","NAICS 541512 Computer systems design services","State, NAICS 6-digit -- by ownership sector","All establishment sizes",3076,12558,1926712459,372826129,7053431,2951,153427,"",1.40,1.02,0.91,1.12,1.08,0.90,0.90,"",255,9.0,-366,-2.8,8469930,0.4,135831144,57.3,1798026,34.2,97,3.4,5005,3.4
"09000","5","541513","58","0","2024","A","","Connecticut -- Statewide","Private","NAICS 541513 Computer facilities management services","State, NAICS 6-digit -- by ownership sector","All establishment sizes",106,511,62408064,14491917,377084,2351,122229,"",1.28,0.60,0.43,0.70,0.88,0.72,0.72,"",13,14.0,-52,-9.2,2516817,4.2,4891972,51.0,115099,43.9,306,15.0,15913,15.0
"09000","5","541519","58","0","2024","A","","Connecticut -- Statewide","Private","NAICS 541519 Other computer related services","State, NAICS 6-digit -- by ownership sector","All establishment sizes",223,1890,236796978,57358814,905758,2410,125323,"",0.53,1.29,0.96,1.41,1.08,0.75,0.75,"",2,0.9,-216,-10.3,-830181,-0.3,15699436,37.7,129044,16.6,240,11.1,12494,11.1
"09000","5","5416","56","0","2024","A","","Connecticut -- Statewide","Private","NAICS 5416 Management, scientific, and technical consulting services","State, NAICS 4-digit -- by ownership sector","All establishment sizes",5446,16865,2753959771,490771999,9521011,3140,163291,"",1.06,0.83,0.98,0.93,0.86,1.17,1.17,"",1106,25.5,1056,6.7,312493365,12.8,201824697,69.8,2856855,42.9,170,5.7,8851,5.7
"09000","5","54161","57","0","2024","A","","Connecticut -- Statewide","Private","NAICS 54161 Management consulting services","State, NAICS 5-digit -- by ownership sector","All establishment sizes",4626,14298,2433840284,411728537,7737804,3273,170218,"",1.09,0.85,1.03,0.95,0.85,1.20,1.20,"",1035,28.8,970,7.3,310084625,14.6,172678566,72.2,2518687,48.3,209,6.8,10875,6.8
"09000","5","541611","58","0","2024","A","","Connecticut -- Statewide","Private","NAICS 541611 Administrative management and general management consulting services","State, NAICS 6-digit -- by ownership sector","All establishment sizes",2521,7653,1551770827,223473526,3973926,3899,202760,"",1.17,0.84,1.08,0.94,0.81,1.29,1.29,"",624,32.9,679,9.7,208675405,15.5,99074676,79.6,1430372,56.2,195,5.3,10167,5.3
"09000","5","541612","58","0","2024","A","","Connecticut -- Statewide","Private","NAICS 541612 Human resources consulting services","State, NAICS 6-digit -- by ownership sector","All establishment sizes",246,1392,244376648,37861222,648670,3377,175600,"",1.19,1.38,1.82,1.46,1.13,1.32,1.32,"",15,6.5,-30,-2.1,12758083,5.5,12544107,49.5,115328,21.6,244,7.8,12660,7.8
"09000","5","541613","58","0","2024","A","","Connecticut -- Statewide","Private","NAICS 541613 Marketing consulting services","State, NAICS 6-digit -- by ownership sector","All establishment sizes",1384,3844,466171053,108376493,2284593,2332,121288,"",1.19,1.11,1.09,1.18,1.10,0.99,0.99,"",336,32.1,363,10.4,73839036,18.8,46786333,76.0,882877,63.0,164,7.6,8573,7.6
"09000","5","541614","58","0","2024","A","","Connecticut -- Statewide","Private","NAICS 541614 Process, physical distribution, and logistics consulting services","State, NAICS 6-digit -- by ownership sector","All establishment sizes",205,934,106073167,27450873,526470,2183,113528,"",0.83,0.53,0.57,0.65,0.62,1.08,1.08,"",29,16.5,-52,-5.3,6027831,6.0,8919720,48.1,4717,0.9,232,11.9,12088,11.9
"09000","5","541618","58","0","2024","A","","Connecticut -- Statewide","Private","NAICS 541618 Other management consulting services","State, NAICS 6-digit -- by ownership sector","All establishment sizes",271,476,65448589,14566423,304145,2646,137617,"",0.59,0.34,0.35,0.44,0.43,1.02,1.02,"",31,12.9,10,2.1,8784270,15.5,5353730,58.1,85393,39.0,307,13.1,15998,13.2
"09000","5","54162","57","0","2024","A","","Connecticut -- Statewide","Private","NAICS 54162 Environmental consulting services","State, NAICS 5-digit -- by ownership sector","All establishment sizes",174,856,85370360,23696928,389220,1918,99761,"",0.91,0.77,0.70,0.77,0.68,0.90,0.90,"",11,6.7,51,6.3,3443649,4.2,9377355,65.5,87484,29.0,-39,-2.0,-2001,-2.0
"09000","5","541620","58","0","2024","A","","Connecticut -- Statewide","Private","NAICS 541620 Environmental consulting services","State, NAICS 6-digit -- by ownership sector","All establishment sizes",174,856,85370360,23696928,389220,1918,99761,"",0.91,0.77,0.70,0.77,0.68,0.90,0.90,"",11,6.7,51,6.3,3443649,4.2,9377355,65.5,87484,29.0,-39,-2.0,-2001,-2.0
"09000","5","54169","57","0","2024","A","","Connecticut -- Statewide","Private","NAICS 54169 Other scientific and technical consulting services","State, NAICS 5-digit -- by ownership sector","All establishment sizes",646,1711,234749127,55346534,1393987,2638,137180,"",0.91,0.73,0.72,0.87,1.00,0.98,0.98,"",60,10.2,36,2.1,-1034909,-0.4,19768776,55.6,250684,21.9,-69,-2.5,-3566,-2.5
"09000","5","541690","58","0","2024","A","","Connecticut -- Statewide","Private","NAICS 541690 Other scientific and technical consulting services","State, NAICS 6-digit -- by ownership sector","All establishment sizes",646,1711,234749127,55346534,1393987,2638,137180,"",0.91,0.73,0.72,0.87,1.00,0.98,0.98,"",60,10.2,36,2.1,-1034909,-0.4,19768776,55.6,250684,21.9,-69,-2.5,-3566,-2.5
"09000","5","5417","56","0","2024","A","","Connecticut -- Statewide","Private","NAICS 5417 Scientific research and development services","State, NAICS 4-digit -- by ownership sector","All establishment sizes",1102,10029,2007168177,284904338,4535257,3849,200133,"",1.53,1.00,0.96,1.18,0.97,0.97,0.97,"",122,12.4,58,0.6,74164461,3.8,105550620,58.9,940485,26.2,121,3.2,6272,3.2
"09000","5","54171","57","0","2024","A","","Connecticut -- Statewide","Private","NAICS 54171 Research and development in the physical, engineering, and life sciences","State, NAICS 5-digit -- by ownership sector","All establishment sizes",1024,9739,1984827037,277833533,4399595,3919,203797,"",1.59,1.04,0.99,1.22,1.00,0.95,0.95,"",112,12.3,71,0.7,75920431,4.0,103308493,59.2,942328,27.3,122,3.2,6353,3.2
"09000","5","541713","58","0","2024","A","","Connecticut -- Statewide","Private","NAICS 541713 Research and development in nanotechnology","State, NAICS 6-digit -- by ownership sector","All establishment sizes",40,56,12055675,1769395,35505,4165,216569,"",1.23,0.22,0.27,0.21,0.27,1.24,1.24,"",7,21.2,7,14.3,-59089,-0.5,822663,86.9,11774,49.6,-565,-11.9,-29416,-12.0
"09000","5","541714","58","0","2024","A","","Connecticut -- Statewide","Private","NAICS 541714 Research and development in biotechnology (except nanobiotechnology)","State, NAICS 6-digit -- by ownership sector","All establishment sizes",525,2429,604739807,70900240,1238868,4788,248984,"",1.90,0.78,0.73,0.82,0.67,0.94,0.94,"",62,13.4,-32,-1.3,26002674,4.5,27326757,62.7,308007,33.1,266,5.9,13860,5.9
"09000","5","541715","58","0","2024","A","","Connecticut -- Statewide","Private","NAICS 541715 Research and development in the physical, engineering, and life sciences (except nanotechnology and biotechnology)","State, NAICS 6-digit -- by ownership sector","All establishment sizes",458,7255,1368031555,205163898,3125222,3626,188570,"",1.36,1.22,1.21,1.54,1.28,1.00,1.00,"",42,10.1,98,1.4,49976846,3.8,75159073,57.8,622547,24.9,85,2.4,4418,2.4
"09000","5","54172","57","0","2024","A","","Connecticut -- Statewide","Private","NAICS 54172 Research and development in the social sciences and humanities","State, NAICS 5-digit -- by ownership sector","All establishment sizes",78,290,22341140,7070805,135662,1482,77061,"",1.01,0.39,0.27,0.58,0.57,0.70,0.70,"",10,14.7,-13,-4.3,-1755970,-7.3,2242127,46.4,-1843,-1.3,-47,-3.1,-2467,-3.1
"09000","5","541720","58","0","2024","A","","Connecticut -- Statewide","Private","NAICS 541720 Research and development in the social sciences and humanities","State, NAICS 6-digit -- by ownership sector","All establishment sizes",78,290,22341140,7070805,135662,1482,77061,"",1.01,0.39,0.27,0.58,0.57,0.70,0.70,"",10,14.7,-13,-4.3,-1755970,-7.3,2242127,46.4,-1843,-1.3,-47,-3.1,-2467,-3.1
"09000","5","5418","56","0","2024","A","","Connecticut -- Statewide","Private","NAICS 5418 Advertising, public relations, and related services","State, NAICS 4-digit -- by ownership sector","All establishment sizes",1514,6342,697778872,173371179,3365038,2116,110024,"",1.53,1.19,1.06,1.34,1.13,0.89,0.89,"",34,2.3,-110,-1.7,27009473,4.0,61683594,55.2,903857,36.7,117,5.9,6066,5.8
"09000","5","54181","57","0","2024","A","","Connecticut -- Statewide","Private","NAICS 54181 Advertising agencies","State, NAICS 5-digit -- by ownership sector","All establishment sizes",862,2554,361035487,75344116,1556928,2719,141370,"",1.79,1.10,1.04,1.25,1.02,0.95,0.95,"",22,2.6,-141,-5.2,772692,0.2,26864776,55.4,474069,43.8,148,5.8,7675,5.7
"09000","5","541810","58","0","2024","A","","Connecticut -- Statewide","Private","NAICS 541810 Advertising agencies","State, NAICS 6-digit -- by ownership sector","All establishment sizes",862,2554,361035487,75344116,1556928,2719,141370,"",1.79,1.10,1.04,1.25,1.02,0.95,0.95,"",22,2.6,-141,-5.2,772692,0.2,26864776,55.4,474069,43.8,148,5.8,7675,5.7
"09000","5","54182","57","0","2024","A","","Connecticut -- Statewide","Private","NAICS 54182 Public relations agencies","State, NAICS 5-digit -- by ownership sector","All establishment sizes",254,496,81848147,14136002,249027,3176,165155,"",1.34,0.69,0.72,0.82,0.60,1.04,1.04,"",7,2.8,-3,-0.6,2866638,3.6,5412979,62.1,58517,30.7,134,4.4,6981,4.4
"09000","5","541820","58","0","2024","A","","Connecticut -- Statewide","Private","NAICS 541820 Public relations agencies","State, NAICS 6-digit -- by ownership sector","All establishment sizes",254,496,81848147,14136002,249027,3176,165155,"",1.34,0.69,0.72,0.82,0.60,1.04,1.04,"",7,2.8,-3,-0.6,2866638,3.6,5412979,62.1,58517,30.7,134,4.4,6981,4.4
"09000","5","54183","57","0","2024","A","","Connecticut -- Statewide","Private","NAICS 54183 Media buying agencies","State, NAICS 5-digit -- by ownership sector","All establishment sizes",34,158,26506792,4483095,66247,3216,167235,"",1.72,0.81,0.90,1.03,0.60,1.11,1.11,"",3,9.7,-2,-1.2,4229081,19.0,1668409,59.3,14735,28.6,531,19.8,27636,19.8
"09000","5","541830","58","0","2024","A","","Connecticut -- Statewide","Private","NAICS 541830 Media buying agencies","State, NAICS 6-digit -- by ownership sector","All establishment sizes",34,158,26506792,4483095,66247,3216,167235,"",1.72,0.81,0.90,1.03,0.60,1.11,1.11,"",3,9.7,-2,-1.2,4229081,19.0,1668409,59.3,14735,28.6,531,19.8,27636,19.8
"09000","5","54184","57","0","2024","A","","Connecticut -- Statewide","Private","NAICS 54184 Media representatives","State, NAICS 5-digit -- by ownership sector","All establishment sizes",78,310,40949625,8211836,147508,2539,132025,"",1.63,1.60,1.47,1.58,1.27,0.92,0.92,"",14,21.9,8,2.6,4821809,13.3,3078279,60.0,19824,15.5,240,10.4,12495,10.5
"09000","5","541840","58","0","2024","A","","Connecticut -- Statewide","Private","NAICS 541840 Media representatives","State, NAICS 6-digit -- by ownership sector","All establishment sizes",78,310,40949625,8211836,147508,2539,132025,"",1.63,1.60,1.47,1.58,1.27,0.92,0.92,"",14,21.9,8,2.6,4821809,13.3,3078279,60.0,19824,15.5,240,10.4,12495,10.5
"09000","5","54185","57","0","2024","A","","Connecticut -- Statewide","Private","NAICS 54185 Indoor and outdoor display advertising","State, NAICS 5-digit -- by ownership sector","All establishment sizes",72,510,31960964,10937439,193109,1205,62648,"",1.93,1.55,1.01,1.39,1.29,0.65,0.65,"",-7,-8.9,-5,-1.0,-337099,-1.0,3393920,45.0,6267,3.4,-2,-0.2,-107,-0.2
"09000","5","541850","58","0","2024","A","","Connecticut -- Statewide","Private","NAICS 541850 Indoor and outdoor display advertising","State, NAICS 6-digit -- by ownership sector","All establishment sizes",72,510,31960964,10937439,193109,1205,62648,"",1.93,1.55,1.01,1.39,1.29,0.65,0.65,"",-7,-8.9,-5,-1.0,-337099,-1.0,3393920,45.0,6267,3.4,-2,-0.2,-107,-0.2
"09000","5","54186","57","0","2024","A","","Connecticut -- Statewide","Private","NAICS 54186 Direct mail advertising","State, NAICS 5-digit -- by ownership sector","All establishment sizes",62,1234,86517198,32981087,699526,1348,70121,"",1.94,3.53,2.76,3.80,3.88,0.78,0.78,"",-6,-8.8,35,2.9,8692468,11.2,12784681,63.3,287619,69.8,99,7.9,5195,8.0
"09000","5","541860","58","0","2024","A","","Connecticut -- Statewide","Private","NAICS 541860 Direct mail advertising","State, NAICS 6-digit -- by ownership sector","All establishment sizes",62,1234,86517198,32981087,699526,1348,70121,"",1.94,3.53,2.76,3.80,3.88,0.78,0.78,"",-6,-8.8,35,2.9,8692468,11.2,12784681,63.3,287619,69.8,99,7.9,5195,8.0
"09000","5","54187","57","0","2024","A","","Connecticut -- Statewide","Private","NAICS 54187 Advertising material distribution services","State, NAICS 5-digit -- by ownership sector","All establishment sizes",36,128,15972270,3177565,78947,2400,124783,"",0.68,0.68,0.98,0.74,0.83,1.43,1.43,"",-2,-5.3,11,9.4,3597966,29.1,1265342,66.2,16826,27.1,372,18.3,19320,18.3
"09000","5","541870","58","0","2024","A","","Connecticut -- Statewide","Private","NAICS 541870 Advertising material distribution services","State, NAICS 6-digit -- by ownership sector","All establishment sizes",36,128,15972270,3177565,78947,2400,124783,"",0.68,0.68,0.98,0.74,0.83,1.43,1.43,"",-2,-5.3,11,9.4,3597966,29.1,1265342,66.2,16826,27.1,372,18.3,19320,18.3
"09000","5","54189","57","0","2024","A","","Connecticut -- Statewide","Private","NAICS 54189 Other services related to advertising","State, NAICS 5-digit -- by ownership sector","All establishment sizes",116,952,52988389,24100039,373746,1070,55660,"",0.91,0.94,0.84,1.11,0.97,0.89,0.89,"",3,2.7,-14,-1.4,2365918,4.7,7215208,42.7,26000,7.5,62,6.2,3247,6.2
"09000","5","541890","58","0","2024","A","","Connecticut -- Statewide","Private","NAICS 541890 Other services related to advertising","State, NAICS 6-digit -- by ownership sector","All establishment sizes",116,952,52988389,24100039,373746,1070,55660,"",0.91,0.94,0.84,1.11,0.97,0.89,0.89,"",3,2.7,-14,-1.4,2365918,4.7,7215208,42.7,26000,7.5,62,6.2,3247,6.2
"09000","5","5419","56","0","2024","A","","Connecticut -- Statewide","Private","NAICS 5419 Other professional, scientific, and technical services","State, NAICS 4-digit -- by ownership sector","All establishment sizes",1589,8762,851481986,234440020,4191840,1869,97184,"",0.92,0.92,1.02,1.02,0.98,1.10,1.10,"",-173,-9.8,-195,-2.2,67384867,8.6,79963645,51.8,933093,28.6,186,11.1,9644,11.0
"09000","5","54191","57","0","2024","A","","Connecticut -- Statewide","Private","NAICS 54191 Marketing research and public opinion polling","State, NAICS 5-digit -- by ownership sector","All establishment sizes",289,1291,188999050,35401518,795306,2815,146397,"",2.19,1.68,1.86,1.96,1.81,1.11,1.11,"",-8,-2.7,-134,-9.4,-8675676,-4.4,10821290,44.0,226288,39.8,147,5.5,7662,5.5
"09000","5","541910","58","0","2024","A","","Connecticut -- Statewide","Private","NAICS 541910 Marketing research and public opinion polling","State, NAICS 6-digit -- by ownership sector","All establishment sizes",289,1291,188999050,35401518,795306,2815,146397,"",2.19,1.68,1.86,1.96,1.81,1.11,1.11,"",-8,-2.7,-134,-9.4,-8675676,-4.4,10821290,44.0,226288,39.8,147,5.5,7662,5.5
"09000","5","54192","57","0","2024","A","","Connecticut -- Statewide","Private","NAICS 54192 Photographic services","State, NAICS 5-digit -- by ownership sector","All establishment sizes",154,436,18541728,9907956,258555,817,42478,"",0.74,0.83,0.72,0.87,0.84,0.86,0.86,"",16,11.6,24,5.8,252852,1.4,3024104,43.9,74032,40.1,-38,-4.4,-1957,-4.4
"09000","5","541921","58","0","2024","A","","Connecticut -- Statewide","Private","NAICS 541921 Photography studios, portrait","State, NAICS 6-digit -- by ownership sector","All establishment sizes",114,388,14978278,8591383,230480,742,38571,"",0.76,0.98,0.90,1.01,0.95,0.92,0.92,"",10,9.6,24,6.6,88494,0.6,2554434,42.3,64804,39.1,-44,-5.6,-2326,-5.7
"09000","5","541922","58","0","2024","A","","Connecticut -- Statewide","Private","NAICS 541922 Commercial photography","State, NAICS 6-digit -- by ownership sector","All establishment sizes",40,48,3563450,1316573,28075,1423,73982,"",0.68,0.38,0.39,0.46,0.43,1.03,1.03,"",6,17.6,0,0.0,164358,4.8,469670,55.5,9228,49.0,47,3.4,2422,3.4
"09000","5","54193","57","0","2024","A","","Connecticut -- Statewide","Private","NAICS 54193 Translation and interpretation services","State, NAICS 5-digit -- by ownership sector","All establishment sizes",62,330,30830099,9082999,170104,1794,93307,"",0.97,0.77,1.02,0.96,0.81,1.33,1.33,"",2,3.3,17,5.4,1182416,4.0,3239180,55.4,30827,22.1,-28,-1.5,-1439,-1.5
"09000","5","541930","58","0","2024","A","","Connecticut -- Statewide","Private","NAICS 541930 Translation and interpretation services","State, NAICS 6-digit -- by ownership sector","All establishment sizes",62,330,30830099,9082999,170104,1794,93307,"",0.97,0.77,1.02,0.96,0.81,1.33,1.33,"",2,3.3,17,5.4,1182416,4.0,3239180,55.4,30827,22.1,-28,-1.5,-1439,-1.5
"09000","5","54194","57","0","2024","A","","Connecticut -- Statewide","Private","NAICS 54194 Veterinary services","State, NAICS 5-digit -- by ownership sector","All establishment sizes",406,5528,377523087,142626455,2197840,1313,68292,"",0.92,1.09,1.12,1.20,1.27,1.02,1.03,"",11,2.8,-8,-0.1,21839162,6.1,49414355,53.0,446295,25.5,77,6.2,4046,6.3
"09000","5","541940","58","0","2024","A","","Connecticut -- Statewide","Private","NAICS 541940 Veterinary services","State, NAICS 6-digit -- by ownership sector","All establishment sizes",406,5528,377523087,142626455,2197840,1313,68292,"",0.92,1.09,1.12,1.20,1.27,1.02,1.03,"",11,2.8,-8,-0.1,21839162,6.1,49414355,53.0,446295,25.5,77,6.2,4046,6.3
"09000","5","54199","57","0","2024","A","","Connecticut -- Statewide","Private","NAICS 54199 All other professional, scientific, and technical services","State, NAICS 5-digit -- by ownership sector","All establishment sizes",678,1176,235588022,37421092,770035,3854,200401,"",0.77,0.43,0.69,0.51,0.48,1.60,1.60,"",-194,-22.2,-95,-7.5,52786113,28.9,13464716,56.2,155651,25.3,1089,39.4,56623,39.4
"09000","5","541990","58","0","2024","A","","Connecticut -- Statewide","Private","NAICS 541990 All other professional, scientific, and technical services","State, NAICS 6-digit -- by ownership sector","All establishment sizes",678,1176,235588022,37421092,770035,3854,200401,"",0.77,0.43,0.69,0.51,0.48,1.60,1.60,"",-194,-22.2,-95,-7.5,52786113,28.9,13464716,56.2,155651,25.3,1089,39.4,56623,39.4
"09000","5","55","54","0","2024","A","","Connecticut -- Statewide","Private","NAICS 55 Management of companies and enterprises","State, NAICS Sector -- by ownership sector","All establishment sizes",1954,31137,6137152633,784056879,14110576,3790,197102,"",1.58,1.10,1.16,0.84,0.94,1.06,1.06,"",32,1.7,-110,-0.4,657686163,12.0,294356542,60.1,3390543,31.6,418,12.4,21742,12.4
"09000","5","551","55","0","2024","A","","Connecticut -- Statewide","Private","NAICS 551 Management of companies and enterprises","State, NAICS 3-digit -- by ownership sector","All establishment sizes",1954,31137,6137152633,784056879,14110576,3790,197102,"",1.58,1.10,1.16,0.84,0.94,1.06,1.06,"",32,1.7,-110,-0.4,657686163,12.0,294356542,60.1,3390543,31.6,418,12.4,21742,12.4
"09000","5","5511","56","0","2024","A","","Connecticut -- Statewide","Private","NAICS 5511 Management of companies and enterprises","State, NAICS 4-digit -- by ownership sector","All establishment sizes",1954,31137,6137152633,784056879,14110576,3790,197102,"",1.58,1.10,1.16,0.84,0.94,1.06,1.06,"",32,1.7,-110,-0.4,657686163,12.0,294356542,60.1,3390543,31.6,418,12.4,21742,12.4
"09000","5","55111","57","0","2024","A","","Connecticut -- Statewide","Private","NAICS 55111 Management of companies and enterprises","State, NAICS 5-digit -- by ownership sector","All establishment sizes",1954,31137,6137152633,784056879,14110576,3790,197102,"",1.58,1.10,1.16,0.84,0.94,1.06,1.06,"",32,1.7,-110,-0.4,657686163,12.0,294356542,60.1,3390543,31.6,418,12.4,21742,12.4
"09000","5","551111","58","0","2024","A","N","Connecticut -- Statewide","Private","NAICS 551111 Offices of bank holding companies","State, NAICS 6-digit -- by ownership sector","All establishment sizes",6,0,0,0,0,0,0,"N",0.49,0,0,0,0,0,0,"N",-1,-14.3,0,0,0,0,0,0,0,0,0,0,0,0
"09000","5","551112","58","0","2024","A","N","Connecticut -- Statewide","Private","NAICS 551112 Offices of other holding companies","State, NAICS 6-digit -- by ownership sector","All establishment sizes",127,0,0,0,0,0,0,"N",0.68,0,0,0,0,0,0,"N",9,7.6,0,0,0,0,0,0,0,0,0,0,0,0
"09000","5","551114","58","0","2024","A","","Connecticut -- Statewide","Private","NAICS 551114 Corporate, subsidiary, and regional managing offices","State, NAICS 6-digit -- by ownership sector","All establishment sizes",1821,30358,5844273089,762611803,13702615,3702,192514,"",1.76,1.11,1.15,0.84,0.95,1.04,1.03,"",25,1.4,-42,-0.1,665184621,12.8,288407313,60.8,3307606,31.8,426,13.0,22146,13.0
"09000","5","56","54","0","2024","A","","Connecticut -- Statewide","Private","NAICS 56 Administrative and support and waste management and remediation services","State, NAICS Sector -- by ownership sector","All establishment sizes",10532,88592,5907786588,2339422404,58005585,1282,66686,"",1.24,0.89,0.89,0.92,0.98,0.99,0.99,"",1356,14.8,-604,-0.7,177127301,3.1,675814421,40.6,13083492,29.1,46,3.7,2438,3.8
"09000","5","561","55","0","2024","A","","Connecticut -- Statewide","Private","NAICS 561 Administrative and support services","State, NAICS 3-digit -- by ownership sector","All establishment sizes",9996,82225,5390119434,2155287240,53439666,1261,65553,"",1.24,0.88,0.88,0.90,0.96,1.00,1.00,"",1347,15.6,-750,-0.9,143107819,2.7,607911667,39.3,11641204,27.9,45,3.7,2317,3.7
"09000","5","5611","56","0","2024","A","","Connecticut -- Statewide","Private","NAICS 5611 Office administrative services","State, NAICS 4-digit -- by ownership sector","All establishment sizes",1841,9088,1116442220,152029405,2932276,2363,122850,"",1.77,1.35,1.32,1.00,0.99,0.98,0.98,"",1068,138.2,1155,14.6,144982063,14.9,77577697,104.2,1305724,80.3,8,0.3,393,0.3
"09000","5","56111","57","0","2024","A","","Connecticut -- Statewide","Private","NAICS 56111 Office administrative services","State, NAICS 5-digit -- by ownership sector","All establishment sizes",1841,9088,1116442220,152029405,2932276,2363,122850,"",1.77,1.35,1.32,1.00,0.99,0.98,0.98,"",1068,138.2,1155,14.6,144982063,14.9,77577697,104.2,1305724,80.3,8,0.3,393,0.3
"09000","5","561110","58","0","2024","A","","Connecticut -- Statewide","Private","NAICS 561110 Office administrative services","State, NAICS 6-digit -- by ownership sector","All establishment sizes",1841,9088,1116442220,152029405,2932276,2363,122850,"",1.77,1.35,1.32,1.00,0.99,0.98,0.98,"",1068,138.2,1155,14.6,144982063,14.9,77577697,104.2,1305724,80.3,8,0.3,393,0.3
"09000","5","5612","56","0","2024","A","","Connecticut -- Statewide","Private","NAICS 5612 Facilities support services","State, NAICS 4-digit -- by ownership sector","All establishment sizes",45,219,16966748,5917582,304869,1493,77621,"",0.46,0.11,0.12,0.14,0.34,1.05,1.05,"",5,12.5,18,9.0,1191159,7.6,2266231,62.1,144153,89.7,-19,-1.3,-995,-1.3
"09000","5","56121","57","0","2024","A","","Connecticut -- Statewide","Private","NAICS 56121 Facilities support services","State, NAICS 5-digit -- by ownership sector","All establishment sizes",45,219,16966748,5917582,304869,1493,77621,"",0.46,0.11,0.12,0.14,0.34,1.05,1.05,"",5,12.5,18,9.0,1191159,7.6,2266231,62.1,144153,89.7,-19,-1.3,-995,-1.3
"09000","5","561210","58","0","2024","A","","Connecticut -- Statewide","Private","NAICS 561210 Facilities support services","State, NAICS 6-digit -- by ownership sector","All establishment sizes",45,219,16966748,5917582,304869,1493,77621,"",0.46,0.11,0.12,0.14,0.34,1.05,1.05,"",5,12.5,18,9.0,1191159,7.6,2266231,62.1,144153,89.7,-19,-1.3,-995,-1.3
"09000","5","5613","56","0","2024","A","","Connecticut -- Statewide","Private","NAICS 5613 Employment services","State, NAICS 4-digit -- by ownership sector","All establishment sizes",2461,24904,1552780316,757052576,17759111,1199,62350,"",1.31,0.69,0.68,0.73,0.69,0.98,0.98,"",94,4.0,-2116,-7.8,-123468106,-7.4,138154703,22.3,2169966,13.9,6,0.5,314,0.5
"09000","5","56131","57","0","2024","A","","Connecticut -- Statewide","Private","NAICS 56131 Employment placement agencies and executive search services","State, NAICS 5-digit -- by ownership sector","All establishment sizes",588,1670,315346289,51284880,1195081,3632,188887,"",1.31,0.54,1.17,0.58,0.51,2.18,2.18,"",82,16.2,-86,-4.9,-2947585,-0.9,12837391,33.4,300472,33.6,146,4.2,7600,4.2
"09000","5","561311","58","0","2024","A","","Connecticut -- Statewide","Private","NAICS 561311 Employment placement agencies","State, NAICS 6-digit -- by ownership sector","All establishment sizes",366,1082,102433002,33793017,818008,1821,94707,"",1.09,0.40,0.51,0.44,0.40,1.28,1.28,"",84,29.8,-39,-3.5,4539027,4.6,7153445,26.9,194807,31.3,142,8.5,7406,8.5
"09000","5","561312","58","0","2024","A","","Connecticut -- Statewide","Private","NAICS 561312 Executive search services","State, NAICS 6-digit -- by ownership sector","All establishment sizes",223,588,212913287,17491863,377073,6964,362149,"",1.97,1.40,3.01,1.47,1.15,2.15,2.15,"",-1,-0.4,-46,-7.3,-7486612,-3.4,5683946,48.1,105665,38.9,283,4.2,14743,4.2
"09000","5","56132","57","0","2024","A","","Connecticut -- Statewide","Private","NAICS 56132 Temporary help services","State, NAICS 5-digit -- by ownership sector","All establishment sizes",1846,23173,1227755674,703805781,16526127,1019,52983,"",1.54,0.82,0.77,0.85,0.81,0.94,0.94,"",22,1.2,-2033,-8.1,-122672535,-9.1,124529805,21.5,1857152,12.7,-11,-1.1,-594,-1.1
"09000","5","561320","58","0","2024","A","","Connecticut -- Statewide","Private","NAICS 561320 Temporary help services","State, NAICS 6-digit -- by ownership sector","All establishment sizes",1846,23173,1227755674,703805781,16526127,1019,52983,"",1.54,0.82,0.77,0.85,0.81,0.94,0.94,"",22,1.2,-2033,-8.1,-122672535,-9.1,124529805,21.5,1857152,12.7,-11,-1.1,-594,-1.1
"09000","5","56133","57","0","2024","A","","Connecticut -- Statewide","Private","NAICS 56133 Professional employer organizations","State, NAICS 5-digit -- by ownership sector","All establishment sizes",26,62,9678353,1961915,37903,2994,155684,"",0.11,0.01,0.02,0.02,0.01,1.74,1.74,"",-11,-29.7,3,5.1,2152014,28.6,787507,67.1,12342,48.3,548,22.4,28478,22.4
"09000","5","561330","58","0","2024","A","","Connecticut -- Statewide","Private","NAICS 561330 Professional employer organizations","State, NAICS 6-digit -- by ownership sector","All establishment sizes",26,62,9678353,1961915,37903,2994,155684,"",0.11,0.01,0.02,0.02,0.01,1.74,1.74,"",-11,-29.7,3,5.1,2152014,28.6,787507,67.1,12342,48.3,548,22.4,28478,22.4
"09000","5","5614","56","0","2024","A","","Connecticut -- Statewide","Private","NAICS 5614 Business support services","State, NAICS 4-digit -- by ownership sector","All establishment sizes",827,3409,278404556,90146612,1720382,1571,81668,"",1.08,0.46,0.49,0.52,0.49,1.07,1.07,"",69,9.1,-455,-11.8,10273,0.0,23661976,35.6,118402,7.4,185,13.3,9615,13.3
"09000","5","56141","57","0","2024","A","","Connecticut -- Statewide","Private","NAICS 56141 Document preparation services","State, NAICS 5-digit -- by ownership sector","All establishment sizes",71,270,12737400,5800904,78493,907,47146,"",0.73,0.64,0.48,0.66,0.53,0.75,0.75,"",2,2.9,-50,-15.6,-156440,-1.2,1196771,26.0,-2369,-2.9,131,16.9,6790,16.8
"09000","5","561410","58","0","2024","A","","Connecticut -- Statewide","Private","NAICS 561410 Document preparation services","State, NAICS 6-digit -- by ownership sector","All establishment sizes",71,270,12737400,5800904,78493,907,47146,"",0.73,0.64,0.48,0.66,0.53,0.75,0.75,"",2,2.9,-50,-15.6,-156440,-1.2,1196771,26.0,-2369,-2.9,131,16.9,6790,16.8
"09000","5","56142","57","0","2024","A","","Connecticut -- Statewide","Private","NAICS 56142 Telephone call centers","State, NAICS 5-digit -- by ownership sector","All establishment sizes",283,1402,118492098,37822217,807979,1625,84486,"",1.47,0.37,0.48,0.41,0.44,1.30,1.30,"",72,34.1,-101,-6.7,2848918,2.5,11216476,42.2,102765,14.6,145,9.8,7527,9.8
"09000","5","561421","58","0","2024","A","","Connecticut -- Statewide","Private","NAICS 561421 Telephone answering services","State, NAICS 6-digit -- by ownership sector","All establishment sizes",52,399,20821806,8524879,111369,1004,52185,"",1.29,1.04,0.86,0.93,0.65,0.83,0.83,"",17,48.6,-17,-4.1,384667,1.9,2796447,48.8,4152,3.9,58,6.1,3008,6.1
"09000","5","561422","58","0","2024","A","","Connecticut -- Statewide","Private","NAICS 561422 Telemarketing bureaus and other contact centers","State, NAICS 6-digit -- by ownership sector","All establishment sizes",232,1004,97670292,29297338,696610,1872,97330,"",1.52,0.29,0.43,0.35,0.42,1.50,1.50,"",56,31.8,-83,-7.6,2464251,2.6,8420029,40.3,98613,16.5,188,11.2,9751,11.1
"09000","5","56143","57","0","2024","A","","Connecticut -- Statewide","Private","NAICS 56143 Business service centers","State, NAICS 5-digit -- by ownership sector","All establishment sizes",98,495,24905971,11995690,185150,968,50315,"",0.69,0.59,0.55,0.67,0.57,0.94,0.94,"",-7,-6.7,-28,-5.4,-3313001,-11.7,3478320,40.8,19221,11.6,-71,-6.8,-3693,-6.8
"09000","5","561431","58","0","2024","A","","Connecticut -- Statewide","Private","NAICS 561431 Private mail centers","State, NAICS 6-digit -- by ownership sector","All establishment sizes",50,254,8309508,5557843,72042,629,32725,"",0.72,0.65,0.54,0.70,0.51,0.82,0.82,"",-4,-7.4,-11,-4.2,-107450,-1.3,1378992,33.0,-7601,-9.5,17,2.8,903,2.8
"09000","5","561439","58","0","2024","A","","Connecticut -- Statewide","Private","NAICS 561439 Other business service centers (including copy shops)","State, NAICS 6-digit -- by ownership sector","All establishment sizes",48,241,16596463,6437847,113108,1324,68841,"",0.66,0.53,0.56,0.65,0.62,1.06,1.06,"",-3,-5.9,-17,-6.6,-3205551,-16.2,2099328,48.4,26822,31.1,-152,-10.3,-7911,-10.3
"09000","5","56144","57","0","2024","A","","Connecticut -- Statewide","Private","NAICS 56144 Collection agencies","State, NAICS 5-digit -- by ownership sector","All establishment sizes",60,401,27796096,10289552,146335,1334,69389,"",0.78,0.41,0.37,0.45,0.31,0.88,0.88,"",3,5.3,-64,-13.8,-963197,-3.3,2818233,37.7,-23580,-13.9,144,12.1,7508,12.1
"09000","5","561440","58","0","2024","A","","Connecticut -- Statewide","Private","NAICS 561440 Collection agencies","State, NAICS 6-digit -- by ownership sector","All establishment sizes",60,401,27796096,10289552,146335,1334,69389,"",0.78,0.41,0.37,0.45,0.31,0.88,0.88,"",3,5.3,-64,-13.8,-963197,-3.3,2818233,37.7,-23580,-13.9,144,12.1,7508,12.1
"09000","5","56145","57","0","2024","A","","Connecticut -- Statewide","Private","NAICS 56145 Credit bureaus","State, NAICS 5-digit -- by ownership sector","All establishment sizes",18,122,24537351,3222149,57498,3863,200851,"",1.13,0.51,0.48,0.60,0.49,0.94,0.94,"",-4,-18.2,-7,-5.4,2076830,9.2,1122840,53.5,15966,38.4,513,15.3,26626,15.3
"09000","5","561450","58","0","2024","A","","Connecticut -- Statewide","Private","NAICS 561450 Credit bureaus","State, NAICS 6-digit -- by ownership sector","All establishment sizes",18,122,24537351,3222149,57498,3863,200851,"",1.13,0.51,0.48,0.60,0.49,0.94,0.94,"",-4,-18.2,-7,-5.4,2076830,9.2,1122840,53.5,15966,38.4,513,15.3,26626,15.3
"09000","5","56149","57","0","2024","A","","Connecticut -- Statewide","Private","NAICS 56149 Other business support services","State, NAICS 5-digit -- by ownership sector","All establishment sizes",296,719,69935640,21016100,444927,1872,97324,"",1.25,0.61,0.57,0.77,0.71,0.94,0.94,"",1,0.3,-206,-22.3,-482837,-0.7,3829336,22.3,6399,1.5,409,28.0,21230,27.9
"09000","5","561491","58","0","2024","A","","Connecticut -- Statewide","Private","NAICS 561491 Repossession services","State, NAICS 6-digit -- by ownership sector","All establishment sizes",7,79,4176342,2081384,28647,1020,53033,"",0.66,1.00,0.81,1.18,0.77,0.82,0.82,"",-1,-12.5,-6,-7.1,-345150,-7.6,568024,37.5,-499,-1.7,0,0.0,-5,0.0
"09000","5","561492","58","0","2024","A","","Connecticut -- Statewide","Private","NAICS 561492 Court reporting and stenotype services","State, NAICS 6-digit -- by ownership sector","All establishment sizes",18,38,5006111,990240,18344,2506,130311,"",0.45,0.31,0.50,0.39,0.36,1.58,1.58,"",1,5.9,4,11.8,1371217,37.7,354958,55.9,6398,53.6,455,22.2,23664,22.2
"09000","5","561499","58","0","2024","A","","Connecticut -- Statewide","Private","NAICS 561499 All other business support services","State, NAICS 6-digit -- by ownership sector","All establishment sizes",271,601,60753187,17944476,397936,1943,101017,"",1.46,0.62,0.57,0.79,0.74,0.92,0.92,"",2,0.7,-205,-25.4,-1508904,-2.4,2906354,19.3,500,0.1,458,30.8,23777,30.8
"09000","5","5615","56","0","2024","A","","Connecticut -- Statewide","Private","NAICS 5615 Travel arrangement and reservation services","State, NAICS 4-digit -- by ownership sector","All establishment sizes",284,1795,394742279,49225788,833515,4228,219871,"",1.01,0.88,1.70,0.94,0.81,1.93,1.93,"",5,1.8,-7,-0.4,3041338,0.8,17867384,57.0,158589,23.5,47,1.1,2471,1.1
"09000","5","56151","57","0","2024","A","","Connecticut -- Statewide","Private","NAICS 56151 Travel agencies","State, NAICS 5-digit -- by ownership sector","All establishment sizes",180,977,178249182,26118993,468321,3508,182399,"",1.08,1.17,1.80,1.10,0.98,1.54,1.54,"",13,7.8,-29,-2.9,15798134,9.7,9616252,58.3,95076,25.5,401,12.9,20850,12.9
"09000","5","561510","58","0","2024","A","","Connecticut -- Statewide","Private","NAICS 561510 Travel agencies","State, NAICS 6-digit -- by ownership sector","All establishment sizes",180,977,178249182,26118993,468321,3508,182399,"",1.08,1.17,1.80,1.10,0.98,1.54,1.54,"",13,7.8,-29,-2.9,15798134,9.7,9616252,58.3,95076,25.5,401,12.9,20850,12.9
"09000","5","56152","57","0","2024","A","","Connecticut -- Statewide","Private","NAICS 56152 Tour operators","State, NAICS 5-digit -- by ownership sector","All establishment sizes",31,356,47949207,9816046,146631,2588,134563,"",0.72,1.35,2.35,1.30,0.89,1.74,1.74,"",-5,-13.9,16,4.7,-10476697,-17.9,3846137,64.4,41763,39.8,-721,-21.8,-37531,-21.8
"09000","5","561520","58","0","2024","A","","Connecticut -- Statewide","Private","NAICS 561520 Tour operators","State, NAICS 6-digit -- by ownership sector","All establishment sizes",31,356,47949207,9816046,146631,2588,134563,"",0.72,1.35,2.35,1.30,0.89,1.74,1.74,"",-5,-13.9,16,4.7,-10476697,-17.9,3846137,64.4,41763,39.8,-721,-21.8,-37531,-21.8
"09000","5","56159","57","0","2024","A","","Connecticut -- Statewide","Private","NAICS 56159 Other travel arrangement and reservation services","State, NAICS 5-digit -- by ownership sector","All establishment sizes",72,462,168543890,13290749,218563,7019,365011,"",1.00,0.49,1.49,0.63,0.56,3.03,3.03,"",-5,-6.5,5,1.1,-2280099,-1.3,4404995,49.6,21750,11.1,-175,-2.4,-9056,-2.4
"09000","5","561591","58","0","2024","A","","Connecticut -- Statewide","Private","NAICS 561591 Convention and visitors bureaus","State, NAICS 6-digit -- by ownership sector","All establishment sizes",5,17,1183550,372452,4096,1326,68945,"",0.40,0.17,0.13,0.17,0.10,0.78,0.78,"",-1,-16.7,-13,-43.3,-1234343,-51.1,-82232,-18.1,-3634,-47.0,-250,-15.9,-13017,-15.9
"09000","5","561599","58","0","2024","A","","Connecticut -- Statewide","Private","NAICS 561599 All other travel arrangement and reservation services","State, NAICS 6-digit -- by ownership sector","All establishment sizes",67,445,167360340,12918297,214467,7239,376443,"",1.12,0.53,1.61,0.68,0.62,3.03,3.03,"",-4,-5.6,18,4.2,-1045756,-0.6,4487227,53.2,25384,13.4,-343,-4.5,-17797,-4.5
"09000","5","5616","56","0","2024","A","","Connecticut -- Statewide","Private","NAICS 5616 Investigation and security services","State, NAICS 4-digit -- by ownership sector","All establishment sizes",379,8707,408338123,218026693,3724993,902,46898,"",0.78,0.77,0.67,0.84,0.68,0.87,0.87,"",35,10.2,75,0.9,26473544,6.9,71553824,48.9,667056,21.8,51,6.0,2658,6.0
"09000","5","56161","57","0","2024","A","","Connecticut -- Statewide","Private","NAICS 56161 Investigation, guard, and armored car services","State, NAICS 5-digit -- by ownership sector","All establishment sizes",214,7406,306568393,182742341,3096178,796,41392,"",0.72,0.78,0.68,0.84,0.66,0.88,0.88,"",26,13.8,84,1.1,21830988,7.7,58814512,47.5,507456,19.6,48,6.4,2504,6.4
"09000","5","561611","58","0","2024","A","N","Connecticut -- Statewide","Private","NAICS 561611 Investigation and personal background check services","State, NAICS 6-digit -- by ownership sector","All establishment sizes",85,0,0,0,0,0,0,"N",1.19,0,0,0,0,0,0,"N",14,19.7,0,0,0,0,0,0,0,0,0,0,0,0
"09000","5","561612","58","0","2024","A","","Connecticut -- Statewide","Private","NAICS 561612 Security guards and patrol services","State, NAICS 6-digit -- by ownership sector","All establishment sizes",123,6953,269633791,170340759,2827879,746,38779,"",0.58,0.79,0.68,0.85,0.66,0.86,0.86,"",12,10.8,54,0.8,12189030,4.7,53561788,45.9,413601,17.1,28,3.9,1463,3.9
"09000","5","561613","58","0","2024","A","N","Connecticut -- Statewide","Private","NAICS 561613 Armored car services","State, NAICS 6-digit -- by ownership sector","All establishment sizes",6,0,0,0,0,0,0,"N",0.53,0,0,0,0,0,0,"N",0,0.0,0,0,0,0,0,0,0,0,0,0,0,0
"09000","5","56162","57","0","2024","A","","Connecticut -- Statewide","Private","NAICS 56162 Security systems services","State, NAICS 5-digit -- by ownership sector","All establishment sizes",165,1300,101769730,35284352,628815,1505,78259,"",0.87,0.76,0.66,0.83,0.81,0.87,0.87,"",9,5.8,-10,-0.8,4642556,4.8,12739312,56.5,159600,34.0,79,5.5,4093,5.5
"09000","5","561621","58","0","2024","A","","Connecticut -- Statewide","Private","NAICS 561621 Security systems services (except locksmiths)","State, NAICS 6-digit -- by ownership sector","All establishment sizes",119,1180,91648867,32202835,574663,1493,77658,"",0.86,0.77,0.65,0.85,0.81,0.84,0.84,"",5,4.4,-10,-0.8,3023557,3.4,11625618,56.5,146030,34.1,61,4.3,3178,4.3
"09000","5","561622","58","0","2024","A","","Connecticut -- Statewide","Private","NAICS 561622 Locksmiths","State, NAICS 6-digit -- by ownership sector","All establishment sizes",46,120,10120863,3081517,54152,1619,84165,"",0.87,0.64,0.81,0.71,0.82,1.26,1.26,"",4,9.5,0,0.0,1618999,19.0,1113694,56.6,13570,33.4,253,18.5,13119,18.5
"09000","5","5617","56","0","2024","A","","Connecticut -- Statewide","Private","NAICS 5617 Services to buildings and dwellings","State, NAICS 4-digit -- by ownership sector","All establishment sizes",3748,31248,1376716828,803652972,24230051,847,44058,"",1.20,1.27,1.13,1.38,1.74,0.89,0.89,"",-24,-0.6,655,2.1,81617856,6.3,251299313,45.5,6518182,36.8,33,4.1,1725,4.1
"09000","5","56171","57","0","2024","A","","Connecticut -- Statewide","Private","NAICS 56171 Exterminating and pest control services","State, NAICS 5-digit -- by ownership sector","All establishment sizes",124,1093,67086506,32951002,892931,1180,61364,"",0.57,0.66,0.61,0.84,1.29,0.93,0.93,"",7,6.0,106,10.7,8684611,14.9,14274692,76.4,259483,41.0,42,3.7,2173,3.7
"09000","5","561710","58","0","2024","A","","Connecticut -- Statewide","Private","NAICS 561710 Exterminating and pest control services","State, NAICS 6-digit -- by ownership sector","All establishment sizes",124,1093,67086506,32951002,892931,1180,61364,"",0.57,0.66,0.61,0.84,1.29,0.93,0.93,"",7,6.0,106,10.7,8684611,14.9,14274692,76.4,259483,41.0,42,3.7,2173,3.7
"09000","5","56172","57","0","2024","A","","Connecticut -- Statewide","Private","NAICS 56172 Janitorial services","State, NAICS 5-digit -- by ownership sector","All establishment sizes",961,15374,500187116,342442778,5182159,626,32534,"",0.94,1.33,1.12,1.39,1.18,0.85,0.84,"",-13,-1.3,-150,-1.0,10727721,2.2,92594263,37.1,266715,5.4,20,3.3,1004,3.2
"09000","5","561720","58","0","2024","A","","Connecticut -- Statewide","Private","NAICS 561720 Janitorial services","State, NAICS 6-digit -- by ownership sector","All establishment sizes",961,15374,500187116,342442778,5182159,626,32534,"",0.94,1.33,1.12,1.39,1.18,0.85,0.84,"",-13,-1.3,-150,-1.0,10727721,2.2,92594263,37.1,266715,5.4,20,3.3,1004,3.2
"09000","5","56173","57","0","2024","A","","Connecticut -- Statewide","Private","NAICS 56173 Landscaping services","State, NAICS 5-digit -- by ownership sector","All establishment sizes",2386,12877,691330195,372996451,15731691,1032,53687,"",1.57,1.32,1.21,1.45,2.00,0.92,0.92,"",-25,-1.0,603,4.9,51154797,8.0,123864176,49.7,5034643,47.1,29,2.9,1530,2.9
"09000","5","561730","58","0","2024","A","","Connecticut -- Statewide","Private","NAICS 561730 Landscaping services","State, NAICS 6-digit -- by ownership sector","All establishment sizes",2386,12877,691330195,372996451,15731691,1032,53687,"",1.57,1.32,1.21,1.45,2.00,0.92,0.92,"",-25,-1.0,603,4.9,51154797,8.0,123864176,49.7,5034643,47.1,29,2.9,1530,2.9
"09000","5","56174","57","0","2024","A","","Connecticut -- Statewide","Private","NAICS 56174 Carpet and upholstery cleaning services","State, NAICS 5-digit -- by ownership sector","All establishment sizes",43,237,12991197,6103088,130557,1054,54815,"",0.50,0.61,0.62,0.63,0.74,1.03,1.03,"",0,0.0,-7,-2.9,-8187,-0.1,1982900,48.1,27660,26.9,31,3.0,1593,3.0
"09000","5","561740","58","0","2024","A","","Connecticut -- Statewide","Private","NAICS 561740 Carpet and upholstery cleaning services","State, NAICS 6-digit -- by ownership sector","All establishment sizes",43,237,12991197,6103088,130557,1054,54815,"",0.50,0.61,0.62,0.63,0.74,1.03,1.03,"",0,0.0,-7,-2.9,-8187,-0.1,1982900,48.1,27660,26.9,31,3.0,1593,3.0
"09000","5","56179","57","0","2024","A","","Connecticut -- Statewide","Private","NAICS 56179 Other services to buildings and dwellings","State, NAICS 5-digit -- by ownership sector","All establishment sizes",234,1666,105121814,49159653,2292713,1214,63105,"",0.90,1.34,1.44,1.66,2.91,1.08,1.08,"",6,2.6,101,6.5,11058914,11.8,18583282,60.8,929681,68.2,58,5.0,2985,5.0
"09000","5","561790","58","0","2024","A","","Connecticut -- Statewide","Private","NAICS 561790 Other services to buildings and dwellings","State, NAICS 6-digit -- by ownership sector","All establishment sizes",234,1666,105121814,49159653,2292713,1214,63105,"",0.90,1.34,1.44,1.66,2.91,1.08,1.08,"",6,2.6,101,6.5,11058914,11.8,18583282,60.8,929681,68.2,58,5.0,2985,5.0
"09000","5","5619","56","0","2024","A","","Connecticut -- Statewide","Private","NAICS 5619 Other support services","State, NAICS 4-digit -- by ownership sector","All establishment sizes",410,2855,245728364,79235612,1934469,1655,86057,"",1.01,0.79,0.95,0.83,0.79,1.20,1.20,"",93,29.3,-75,-2.6,9259692,3.9,25530539,47.5,559132,40.7,103,6.6,5356,6.6
"09000","5","56191","57","0","2024","A","","Connecticut -- Statewide","Private","NAICS 56191 Packaging and labeling services","State, NAICS 5-digit -- by ownership sector","All establishment sizes",34,203,12784594,5967549,125019,1213,63056,"",0.91,0.29,0.27,0.35,0.37,0.92,0.92,"",3,9.7,6,3.0,698548,5.8,2227531,59.6,37147,42.3,32,2.7,1628,2.7
"09000","5","561910","58","0","2024","A","","Connecticut -- Statewide","Private","NAICS 561910 Packaging and labeling services","State, NAICS 6-digit -- by ownership sector","All establishment sizes",34,203,12784594,5967549,125019,1213,63056,"",0.91,0.29,0.27,0.35,0.37,0.92,0.92,"",3,9.7,6,3.0,698548,5.8,2227531,59.6,37147,42.3,32,2.7,1628,2.7
"09000","5","56192","57","0","2024","A","","Connecticut -- Statewide","Private","NAICS 56192 Convention and trade show organizers","State, NAICS 5-digit -- by ownership sector","All establishment sizes",118,688,88732713,18428688,363647,2482,129050,"",1.19,1.12,1.67,1.04,0.56,1.49,1.49,"",11,10.3,11,1.6,5902066,7.1,7013936,61.4,69134,23.5,131,5.6,6776,5.5
"09000","5","561920","58","0","2024","A","","Connecticut -- Statewide","Private","NAICS 561920 Convention and trade show organizers","State, NAICS 6-digit -- by ownership sector","All establishment sizes",118,688,88732713,18428688,363647,2482,129050,"",1.19,1.12,1.67,1.04,0.56,1.49,1.49,"",11,10.3,11,1.6,5902066,7.1,7013936,61.4,69134,23.5,131,5.6,6776,5.5
"09000","5","56199","57","0","2024","A","","Connecticut -- Statewide","Private","NAICS 56199 All other support services","State, NAICS 5-digit -- by ownership sector","All establishment sizes",260,1965,144211057,54839375,1445803,1411,73387,"",0.96,0.86,0.92,0.91,0.98,1.07,1.07,"",81,45.3,-91,-4.4,2659078,1.9,16289072,42.3,452851,45.6,87,6.6,4539,6.6
"09000","5","561990","58","0","2024","A","","Connecticut -- Statewide","Private","NAICS 561990 All other support services","State, NAICS 6-digit -- by ownership sector","All establishment sizes",260,1965,144211057,54839375,1445803,1411,73387,"",0.96,0.86,0.92,0.91,0.98,1.07,1.07,"",81,45.3,-91,-4.4,2659078,1.9,16289072,42.3,452851,45.6,87,6.6,4539,6.6
"09000","5","562","55","0","2024","A","","Connecticut -- Statewide","Private","NAICS 562 Waste management and remediation services","State, NAICS 3-digit -- by ownership sector","All establishment sizes",536,6367,517667154,184135164,4565919,1564,81307,"",1.18,1.15,1.03,1.21,1.42,0.89,0.89,"",9,1.7,145,2.3,34019482,7.0,67902754,58.4,1442288,46.2,69,4.6,3569,4.6
"09000","5","5621","56","0","2024","A","","Connecticut -- Statewide","Private","NAICS 5621 Waste collection","State, NAICS 4-digit -- by ownership sector","All establishment sizes",196,2941,236022168,84775703,1613722,1543,80255,"",1.12,1.25,1.17,1.39,1.42,0.94,0.94,"",-1,-0.5,53,1.8,20318186,9.4,30443045,56.0,513000,46.6,107,7.5,5561,7.4
"09000","5","56211","57","0","2024","A","","Connecticut -- Statewide","Private","NAICS 56211 Waste collection","State, NAICS 5-digit -- by ownership sector","All establishment sizes",196,2941,236022168,84775703,1613722,1543,80255,"",1.12,1.25,1.17,1.39,1.42,0.94,0.94,"",-1,-0.5,53,1.8,20318186,9.4,30443045,56.0,513000,46.6,107,7.5,5561,7.4
"09000","5","562111","58","0","2024","A","","Connecticut -- Statewide","Private","NAICS 562111 Solid waste collection","State, NAICS 6-digit -- by ownership sector","All establishment sizes",165,2730,218652519,78737487,1497367,1540,80097,"",1.22,1.35,1.31,1.49,1.58,0.97,0.97,"",-1,-0.6,51,1.9,19338559,9.7,28407037,56.4,489333,48.5,109,7.6,5687,7.6
"09000","5","562112","58","0","2024","A","","Connecticut -- Statewide","Private","NAICS 562112 Hazardous waste collection","State, NAICS 6-digit -- by ownership sector","All establishment sizes",11,165,15298394,4809921,88061,1779,92531,"",1.14,1.18,0.70,1.55,1.22,0.60,0.60,"",-2,-15.4,-7,-4.1,669345,4.6,1605583,50.1,16175,22.5,147,9.0,7684,9.1
"09000","5","562119","58","0","2024","A","","Connecticut -- Statewide","Private","NAICS 562119 Other waste collection","State, NAICS 6-digit -- by ownership sector","All establishment sizes",20,46,2071255,1228295,28294,871,45273,"",0.66,0.23,0.15,0.24,0.25,0.65,0.65,"",2,11.1,9,24.3,310282,17.6,430425,53.9,7492,36.0,-48,-5.2,-2536,-5.3
"09000","5","5622","56","0","2024","A","","Connecticut -- Statewide","Private","NAICS 5622 Waste treatment and disposal","State, NAICS 4-digit -- by ownership sector","All establishment sizes",34,434,43734857,12169810,419818,1936,100656,"",0.59,0.37,0.34,0.38,0.80,0.93,0.93,"",1,3.0,9,2.1,1648739,3.9,4630315,61.4,157930,60.3,30,1.6,1552,1.6
"09000","5","56221","57","0","2024","A","","Connecticut -- Statewide","Private","NAICS 56221 Waste treatment and disposal","State, NAICS 5-digit -- by ownership sector","All establishment sizes",34,434,43734857,12169810,419818,1936,100656,"",0.59,0.37,0.34,0.38,0.80,0.93,0.93,"",1,3.0,9,2.1,1648739,3.9,4630315,61.4,157930,60.3,30,1.6,1552,1.6
"09000","5","562211","58","0","2024","A","","Connecticut -- Statewide","Private","NAICS 562211 Hazardous waste treatment and disposal","State, NAICS 6-digit -- by ownership sector","All establishment sizes",10,105,7188113,3139443,110302,1312,68242,"",0.57,0.22,0.13,0.22,0.61,0.59,0.59,"",-1,-9.1,10,10.5,729053,11.3,1275485,68.4,52684,91.4,3,0.2,192,0.3
"09000","5","562212","58","0","2024","A","","Connecticut -- Statewide","Private","NAICS 562212 Solid waste landfill","State, NAICS 6-digit -- by ownership sector","All establishment sizes",8,16,1165216,433120,8120,1386,72075,"",0.38,0.04,0.03,0.04,0.05,0.68,0.68,"",3,60.0,-3,-15.8,80988,7.5,113388,35.5,336,4.3,269,24.1,13991,24.1
"09000","5","562213","58","0","2024","A","","Connecticut -- Statewide","Private","NAICS 562213 Solid waste combustors and incinerators","State, NAICS 6-digit -- by ownership sector","All establishment sizes",6,200,26486363,5683158,140095,2541,132156,"",2.61,3.95,3.94,4.47,6.46,0.99,0.99,"",0,0.0,-10,-4.8,-309725,-1.2,2025781,55.4,18163,14.9,85,3.5,4454,3.5
"09000","5","562219","58","0","2024","A","","Connecticut -- Statewide","Private","NAICS 562219 Other nonhazardous waste treatment and disposal","State, NAICS 6-digit -- by ownership sector","All establishment sizes",11,113,8895165,2914089,161301,1519,79010,"",0.64,0.49,0.41,0.46,1.10,0.83,0.83,"",-1,-8.3,12,11.9,1148423,14.8,1215661,71.6,86747,116.4,48,3.3,2499,3.3
"09000","5","5629","56","0","2024","A","","Connecticut -- Statewide","Private","NAICS 5629 Remediation and other waste management services","State, NAICS 4-digit -- by ownership sector","All establishment sizes",305,2991,237910129,87189651,2532379,1529,79531,"",1.37,1.50,1.35,1.48,1.62,0.90,0.90,"",8,2.7,82,2.8,12052557,5.3,32829394,60.4,771358,43.8,36,2.4,1890,2.4
"09000","5","56291","57","0","2024","A","","Connecticut -- Statewide","Private","NAICS 56291 Remediation services","State, NAICS 5-digit -- by ownership sector","All establishment sizes",162,1697,136488630,51592165,1724240,1547,80421,"",1.46,1.58,1.32,1.51,1.71,0.84,0.84,"",10,6.6,40,2.4,-1660867,-1.2,19232578,59.4,543663,46.1,-57,-3.6,-2965,-3.6
"09000","5","562910","58","0","2024","A","","Connecticut -- Statewide","Private","NAICS 562910 Remediation services","State, NAICS 6-digit -- by ownership sector","All establishment sizes",162,1697,136488630,51592165,1724240,1547,80421,"",1.46,1.58,1.32,1.51,1.71,0.84,0.84,"",10,6.6,40,2.4,-1660867,-1.2,19232578,59.4,543663,46.1,-57,-3.6,-2965,-3.6
"09000","5","56292","57","0","2024","A","","Connecticut -- Statewide","Private","NAICS 56292 Materials recovery facilities","State, NAICS 5-digit -- by ownership sector","All establishment sizes",26,586,45421459,15456518,282872,1491,77544,"",1.19,2.13,2.05,2.12,1.84,0.96,0.96,"",-2,-7.1,-22,-3.6,2862961,6.7,5136816,49.8,57090,25.3,146,10.9,7594,10.9
"09000","5","562920","58","0","2024","A","","Connecticut -- Statewide","Private","NAICS 562920 Materials recovery facilities","State, NAICS 6-digit -- by ownership sector","All establishment sizes",26,586,45421459,15456518,282872,1491,77544,"",1.19,2.13,2.05,2.12,1.84,0.96,0.96,"",-2,-7.1,-22,-3.6,2862961,6.7,5136816,49.8,57090,25.3,146,10.9,7594,10.9
"09000","5","56299","57","0","2024","A","","Connecticut -- Statewide","Private","NAICS 56299 All other waste management services","State, NAICS 5-digit -- by ownership sector","All establishment sizes",118,708,56000040,20140968,525267,1520,79040,"",1.32,1.11,1.11,1.15,1.32,1.00,1.00,"",0,0.0,64,9.9,10850463,24.0,8460000,72.4,170605,48.1,171,12.7,8914,12.7
"09000","5","562991","58","0","2024","A","","Connecticut -- Statewide","Private","NAICS 562991 Septic tank and related services","State, NAICS 6-digit -- by ownership sector","All establishment sizes",82,441,33793349,12556643,387805,1474,76643,"",1.46,1.18,1.23,1.20,1.61,1.04,1.04,"",4,5.1,38,9.4,6647391,24.5,5266122,72.2,135331,53.6,180,13.9,9353,13.9
"09000","5","562998","58","0","2024","A","","Connecticut -- Statewide","Private","NAICS 562998 All other miscellaneous waste management services","State, NAICS 6-digit -- by ownership sector","All establishment sizes",36,268,22206691,7584325,137462,1596,82990,"",1.08,1.01,0.98,1.07,0.88,0.97,0.97,"",-4,-10.0,28,11.7,4203072,23.3,3193878,72.7,35274,34.5,156,10.8,8105,10.8
"09000","5","61","54","0","2024","A","","Connecticut -- Statewide","Private","NAICS 61 Educational services","State, NAICS Sector -- by ownership sector","All establishment sizes",2750,65976,5406975534,398970625,6521951,1576,81954,"",1.33,1.90,2.10,1.10,1.00,1.11,1.11,"",177,6.9,2828,4.5,321008829,6.3,132735597,49.9,918285,16.4,27,1.7,1414,1.8
"09000","5","611","55","0","2024","A","","Connecticut -- Statewide","Private","NAICS 611 Educational services","State, NAICS 3-digit -- by ownership sector","All establishment sizes",2750,65976,5406975534,398970625,6521951,1576,81954,"",1.33,1.90,2.10,1.10,1.00,1.11,1.11,"",177,6.9,2828,4.5,321008829,6.3,132735597,49.9,918285,16.4,27,1.7,1414,1.8
"09000","5","6111","56","0","2024","A","","Connecticut -- Statewide","Private","NAICS 6111 Elementary and secondary schools","State, NAICS 4-digit -- by ownership sector","All establishment sizes",311,19307,1305301716,117654394,1840292,1300,67606,"",1.15,1.84,2.01,0.93,0.94,1.09,1.09,"",18,6.1,780,4.2,83519837,6.8,40879406,53.2,256345,16.2,32,2.5,1659,2.5
"09000","5","61111","57","0","2024","A","","Connecticut -- Statewide","Private","NAICS 61111 Elementary and secondary schools","State, NAICS 5-digit -- by ownership sector","All establishment sizes",311,19307,1305301716,117654394,1840292,1300,67606,"",1.15,1.84,2.01,0.93,0.94,1.09,1.09,"",18,6.1,780,4.2,83519837,6.8,40879406,53.2,256345,16.2,32,2.5,1659,2.5
"09000","5","611110","58","0","2024","A","","Connecticut -- Statewide","Private","NAICS 611110 Elementary and secondary schools","State, NAICS 6-digit -- by ownership sector","All establishment sizes",311,19307,1305301716,117654394,1840292,1300,67606,"",1.15,1.84,2.01,0.93,0.94,1.09,1.09,"",18,6.1,780,4.2,83519837,6.8,40879406,53.2,256345,16.2,32,2.5,1659,2.5
"09000","5","6112","56","0","2024","A","","Connecticut -- Statewide","Private","NAICS 6112 Junior colleges","State, NAICS 4-digit -- by ownership sector","All establishment sizes",13,13,1124389,275800,4207,1718,89355,"",0.96,0.06,0.09,0.08,0.04,1.46,1.46,"",6,85.7,4,44.4,-88415,-7.3,124484,82.3,1125,36.5,-948,-35.6,-49251,-35.5
"09000","5","61121","57","0","2024","A","","Connecticut -- Statewide","Private","NAICS 61121 Junior colleges","State, NAICS 5-digit -- by ownership sector","All establishment sizes",13,13,1124389,275800,4207,1718,89355,"",0.96,0.06,0.09,0.08,0.04,1.46,1.46,"",6,85.7,4,44.4,-88415,-7.3,124484,82.3,1125,36.5,-948,-35.6,-49251,-35.5
"09000","5","611210","58","0","2024","A","","Connecticut -- Statewide","Private","NAICS 611210 Junior colleges","State, NAICS 6-digit -- by ownership sector","All establishment sizes",13,13,1124389,275800,4207,1718,89355,"",0.96,0.06,0.09,0.08,0.04,1.46,1.46,"",6,85.7,4,44.4,-88415,-7.3,124484,82.3,1125,36.5,-948,-35.6,-49251,-35.5
"09000","5","6113","56","0","2024","A","","Connecticut -- Statewide","Private","NAICS 6113 Colleges, universities, and professional schools","State, NAICS 4-digit -- by ownership sector","All establishment sizes",276,35062,3582848728,66360872,975192,1965,102187,"",1.58,2.53,2.64,1.56,1.54,1.04,1.04,"",16,6.2,1351,4.0,190173544,5.6,20756182,45.5,-44203,-4.3,30,1.6,1548,1.5
"09000","5","61131","57","0","2024","A","","Connecticut -- Statewide","Private","NAICS 61131 Colleges, universities, and professional schools","State, NAICS 5-digit -- by ownership sector","All establishment sizes",276,35062,3582848728,66360872,975192,1965,102187,"",1.58,2.53,2.64,1.56,1.54,1.04,1.04,"",16,6.2,1351,4.0,190173544,5.6,20756182,45.5,-44203,-4.3,30,1.6,1548,1.5
"09000","5","611310","58","0","2024","A","","Connecticut -- Statewide","Private","NAICS 611310 Colleges, universities, and professional schools","State, NAICS 6-digit -- by ownership sector","All establishment sizes",276,35062,3582848728,66360872,975192,1965,102187,"",1.58,2.53,2.64,1.56,1.54,1.04,1.04,"",16,6.2,1351,4.0,190173544,5.6,20756182,45.5,-44203,-4.3,30,1.6,1548,1.5
"09000","5","6114","56","0","2024","A","","Connecticut -- Statewide","Private","NAICS 6114 Business schools and computer and management training","State, NAICS 4-digit -- by ownership sector","All establishment sizes",431,934,93139756,21459977,363270,1917,99686,"",1.74,1.09,0.95,1.01,0.80,0.87,0.87,"",42,10.8,8,0.9,8210953,9.7,7773692,56.8,65403,22.0,153,8.7,7954,8.7
"09000","5","61141","57","0","2024","A","","Connecticut -- Statewide","Private","NAICS 61141 Business and secretarial schools","State, NAICS 5-digit -- by ownership sector","All establishment sizes",13,45,2167513,955627,23191,921,47901,"",2.53,1.15,0.85,1.40,1.41,0.73,0.73,"",2,18.2,-3,-6.2,90280,4.3,186107,24.2,3179,15.9,81,9.6,4246,9.7
"09000","5","611410","58","0","2024","A","","Connecticut -- Statewide","Private","NAICS 611410 Business and secretarial schools","State, NAICS 6-digit -- by ownership sector","All establishment sizes",13,45,2167513,955627,23191,921,47901,"",2.53,1.15,0.85,1.40,1.41,0.73,0.73,"",2,18.2,-3,-6.2,90280,4.3,186107,24.2,3179,15.9,81,9.6,4246,9.7
"09000","5","61142","57","0","2024","A","","Connecticut -- Statewide","Private","NAICS 61142 Computer training","State, NAICS 5-digit -- by ownership sector","All establishment sizes",80,183,23537055,3680048,62148,2479,128911,"",1.50,0.86,0.89,0.64,0.47,1.04,1.04,"",2,2.6,-15,-7.6,3273101,16.2,941268,34.4,1294,2.1,508,25.8,26438,25.8
"09000","5","611420","58","0","2024","A","","Connecticut -- Statewide","Private","NAICS 611420 Computer training","State, NAICS 6-digit -- by ownership sector","All establishment sizes",80,183,23537055,3680048,62148,2479,128911,"",1.50,0.86,0.89,0.64,0.47,1.04,1.04,"",2,2.6,-15,-7.6,3273101,16.2,941268,34.4,1294,2.1,508,25.8,26438,25.8
"09000","5","61143","57","0","2024","A","","Connecticut -- Statewide","Private","NAICS 61143 Professional and management development training","State, NAICS 5-digit -- by ownership sector","All establishment sizes",338,706,67435188,16824302,277931,1836,95450,"",1.79,1.18,0.98,1.13,0.91,0.83,0.83,"",38,12.7,25,3.7,4847572,7.7,6646317,65.3,60930,28.1,67,3.8,3477,3.8
"09000","5","611430","58","0","2024","A","","Connecticut -- Statewide","Private","NAICS 611430 Professional and management development training","State, NAICS 6-digit -- by ownership sector","All establishment sizes",338,706,67435188,16824302,277931,1836,95450,"",1.79,1.18,0.98,1.13,0.91,0.83,0.83,"",38,12.7,25,3.7,4847572,7.7,6646317,65.3,60930,28.1,67,3.8,3477,3.8
"09000","5","6115","56","0","2024","A","","Connecticut -- Statewide","Private","NAICS 6115 Technical and trade schools","State, NAICS 4-digit -- by ownership sector","All establishment sizes",139,1244,65691607,30046653,690205,1016,52810,"",0.92,0.90,0.67,0.97,1.08,0.74,0.74,"",4,3.0,-2,-0.2,1576909,2.5,8722986,40.9,204681,42.2,27,2.7,1364,2.7
"09000","5","61151","57","0","2024","A","","Connecticut -- Statewide","Private","NAICS 61151 Technical and trade schools","State, NAICS 5-digit -- by ownership sector","All establishment sizes",139,1244,65691607,30046653,690205,1016,52810,"",0.92,0.90,0.67,0.97,1.08,0.74,0.74,"",4,3.0,-2,-0.2,1576909,2.5,8722986,40.9,204681,42.2,27,2.7,1364,2.7
"09000","5","611511","58","0","2024","A","","Connecticut -- Statewide","Private","NAICS 611511 Cosmetology and barber schools","State, NAICS 6-digit -- by ownership sector","All establishment sizes",20,164,6039321,3830319,57032,707,36769,"",0.81,0.80,0.59,0.84,0.56,0.73,0.73,"",3,17.6,12,7.9,223607,3.8,1265152,49.3,9893,21.0,-29,-3.9,-1513,-4.0
"09000","5","611512","58","0","2024","A","","Connecticut -- Statewide","Private","NAICS 611512 Flight training","State, NAICS 6-digit -- by ownership sector","All establishment sizes",16,120,5971393,2434566,34828,956,49727,"",0.72,0.40,0.21,0.34,0.35,0.53,0.53,"",2,14.3,12,11.1,560916,10.4,984354,67.9,10009,40.3,-5,-0.5,-254,-0.5
"09000","5","611513","58","0","2024","A","","Connecticut -- Statewide","Private","NAICS 611513 Apprenticeship training","State, NAICS 6-digit -- by ownership sector","All establishment sizes",22,118,5486491,2570989,53739,898,46694,"",1.06,0.66,0.43,0.59,0.57,0.66,0.66,"",1,4.8,8,7.3,130430,2.4,735989,40.1,17267,47.3,-35,-3.8,-1814,-3.7
"09000","5","611519","58","0","2024","A","","Connecticut -- Statewide","Private","NAICS 611519 Other technical and trade schools","State, NAICS 6-digit -- by ownership sector","All establishment sizes",81,842,48194402,21210779,544606,1101,57232,"",0.97,1.21,1.01,1.43,1.59,0.84,0.84,"",-2,-2.4,-34,-3.9,661956,1.4,5737491,37.1,167512,44.4,57,5.5,2951,5.4
"09000","5","6116","56","0","2024","A","","Connecticut -- Statewide","Private","NAICS 6116 Other schools and instruction","State, NAICS 4-digit -- by ownership sector","All establishment sizes",1100,7212,210993697,114269645,1813898,563,29256,"",1.35,1.25,1.15,1.29,1.07,0.92,0.91,"",19,1.8,530,7.9,25006707,13.4,36488389,46.9,225736,14.2,28,5.2,1423,5.1
"09000","5","61161","57","0","2024","A","","Connecticut -- Statewide","Private","NAICS 61161 Fine arts schools","State, NAICS 5-digit -- by ownership sector","All establishment sizes",303,1953,45023863,27016593,366484,443,23054,"",1.53,1.45,1.24,1.47,1.04,0.85,0.85,"",7,2.4,153,8.5,4886501,12.2,7589013,39.1,2623,0.7,14,3.3,753,3.4
"09000","5","611610","58","0","2024","A","","Connecticut -- Statewide","Private","NAICS 611610 Fine arts schools","State, NAICS 6-digit -- by ownership sector","All establishment sizes",303,1953,45023863,27016593,366484,443,23054,"",1.53,1.45,1.24,1.47,1.04,0.85,0.85,"",7,2.4,153,8.5,4886501,12.2,7589013,39.1,2623,0.7,14,3.3,753,3.4
"09000","5","61162","57","0","2024","A","","Connecticut -- Statewide","Private","NAICS 61162 Sports and recreation instruction","State, NAICS 5-digit -- by ownership sector","All establishment sizes",382,2659,69755887,41134068,635486,505,26236,"",1.44,1.33,1.28,1.37,1.23,0.96,0.96,"",29,8.2,261,10.9,9453579,15.7,12952168,46.0,80868,14.6,21,4.3,1088,4.3
"09000","5","611620","58","0","2024","A","","Connecticut -- Statewide","Private","NAICS 611620 Sports and recreation instruction","State, NAICS 6-digit -- by ownership sector","All establishment sizes",382,2659,69755887,41134068,635486,505,26236,"",1.44,1.33,1.28,1.37,1.23,0.96,0.96,"",29,8.2,261,10.9,9453579,15.7,12952168,46.0,80868,14.6,21,4.3,1088,4.3
"09000","5","61163","57","0","2024","A","","Connecticut -- Statewide","Private","NAICS 61163 Language schools","State, NAICS 5-digit -- by ownership sector","All establishment sizes",30,202,4480513,2342039,30990,427,22181,"",1.17,1.06,0.64,0.72,0.51,0.60,0.60,"",1,3.4,40,24.7,804820,21.9,742219,46.4,1961,6.8,-10,-2.3,-567,-2.5
"09000","5","611630","58","0","2024","A","","Connecticut -- Statewide","Private","NAICS 611630 Language schools","State, NAICS 6-digit -- by ownership sector","All establishment sizes",30,202,4480513,2342039,30990,427,22181,"",1.17,1.06,0.64,0.72,0.51,0.60,0.60,"",1,3.4,40,24.7,804820,21.9,742219,46.4,1961,6.8,-10,-2.3,-567,-2.5
"09000","5","61169","57","0","2024","A","","Connecticut -- Statewide","Private","NAICS 61169 All other schools and instruction","State, NAICS 5-digit -- by ownership sector","All establishment sizes",384,2398,91733434,43776945,780938,736,38251,"",1.17,1.08,1.06,1.18,1.01,0.99,0.99,"",-20,-5.0,75,3.2,9861807,12.0,15204989,53.2,140284,21.9,58,8.6,3006,8.5
"09000","5","611691","58","0","2024","A","","Connecticut -- Statewide","Private","NAICS 611691 Exam preparation and tutoring","State, NAICS 6-digit -- by ownership sector","All establishment sizes",171,1224,45355456,20437371,305073,713,37068,"",1.21,1.07,1.11,1.20,0.81,1.04,1.04,"",7,4.3,127,11.6,6762121,17.5,8004860,64.4,19236,6.7,36,5.3,1874,5.3
"09000","5","611692","58","0","2024","A","","Connecticut -- Statewide","Private","NAICS 611692 Automobile driving schools","State, NAICS 6-digit -- by ownership sector","All establishment sizes",52,344,11761961,7284112,137900,658,34233,"",1.51,1.93,1.90,2.06,2.26,0.99,0.99,"",-3,-5.5,-14,-3.9,-199394,-1.7,1791810,32.6,3732,2.8,16,2.5,845,2.5
"09000","5","611699","58","0","2024","A","","Connecticut -- Statewide","Private","NAICS 611699 All other miscellaneous schools and instruction","State, NAICS 6-digit -- by ownership sector","All establishment sizes",162,831,34616017,16055462,337965,801,41656,"",1.07,0.92,0.88,0.97,1.02,0.96,0.96,"",-24,-12.9,-37,-4.3,3299080,10.5,5408319,50.8,117316,53.2,107,15.4,5580,15.5
"09000","5","6117","56","0","2024","A","","Connecticut -- Statewide","Private","NAICS 6117 Educational support services","State, NAICS 4-digit -- by ownership sector","All establishment sizes",480,2204,147875641,48903284,834887,1290,67099,"",1.20,0.97,0.84,1.01,0.78,0.87,0.87,"",72,17.6,157,7.7,12609294,9.3,17990458,58.2,209198,33.4,19,1.5,1019,1.5
"09000","5","61171","57","0","2024","A","","Connecticut -- Statewide","Private","NAICS 61171 Educational support services","State, NAICS 5-digit -- by ownership sector","All establishment sizes",480,2204,147875641,48903284,834887,1290,67099,"",1.20,0.97,0.84,1.01,0.78,0.87,0.87,"",72,17.6,157,7.7,12609294,9.3,17990458,58.2,209198,33.4,19,1.5,1019,1.5
"09000","5","611710","58","0","2024","A","","Connecticut -- Statewide","Private","NAICS 611710 Educational support services","State, NAICS 6-digit -- by ownership sector","All establishment sizes",480,2204,147875641,48903284,834887,1290,67099,"",1.20,0.97,0.84,1.01,0.78,0.87,0.87,"",72,17.6,157,7.7,12609294,9.3,17990458,58.2,209198,33.4,19,1.5,1019,1.5
"09000","5","62","54","0","2024","A","","Connecticut -- Statewide","Private","NAICS 62 Health care and social assistance","State, NAICS Sector -- by ownership sector","All establishment sizes",21748,291475,19492118235,4099099685,64502668,1286,66874,"",0.87,1.21,1.08,1.12,1.02,0.89,0.89,"",922,4.4,9044,3.2,1034973294,5.6,1354749471,49.4,8878303,16.0,29,2.3,1523,2.3
"09000","5","621","55","0","2024","A","","Connecticut -- Statewide","Private","NAICS 621 Ambulatory health care services","State, NAICS 3-digit -- by ownership sector","All establishment sizes",8476,98432,8560005256,1882016363,28775092,1672,86963,"",0.93,1.03,1.01,1.00,0.91,0.98,0.98,"",314,3.8,2388,2.5,432881278,5.3,638183926,51.3,4134837,16.8,45,2.8,2344,2.8
"09000","5","6211","56","0","2024","A","","Connecticut -- Statewide","Private","NAICS 6211 Offices of physicians","State, NAICS 4-digit -- by ownership sector","All establishment sizes",2956,37606,4615225385,655416928,10109795,2360,122727,"",1.00,1.17,1.12,1.11,1.12,0.96,0.96,"",61,2.1,639,1.7,196838133,4.5,224564609,52.1,1467718,17.0,62,2.7,3205,2.7
"09000","5","62111","57","0","2024","A","","Connecticut -- Statewide","Private","NAICS 62111 Offices of physicians","State, NAICS 5-digit -- by ownership sector","All establishment sizes",2956,37606,4615225385,655416928,10109795,2360,122727,"",1.00,1.17,1.12,1.11,1.12,0.96,0.96,"",61,2.1,639,1.7,196838133,4.5,224564609,52.1,1467718,17.0,62,2.7,3205,2.7
"09000","5","621111","58","0","2024","A","","Connecticut -- Statewide","Private","NAICS 621111 Offices of physicians (except mental health specialists)","State, NAICS 6-digit -- by ownership sector","All establishment sizes",2742,36578,4539660552,633623474,9771384,2387,124110,"",0.99,1.17,1.13,1.11,1.13,0.96,0.96,"",36,1.3,639,1.8,191158235,4.4,217352561,52.2,1447826,17.4,60,2.6,3112,2.6
"09000","5","621112","58","0","2024","A","","Connecticut -- Statewide","Private","NAICS 621112 Offices of physicians, mental health specialists","State, NAICS 6-digit -- by ownership sector","All establishment sizes",214,1028,75564833,21793454,338411,1413,73501,"",1.10,1.14,0.92,1.11,0.89,0.81,0.81,"",25,13.2,0,0.0,5679898,8.1,7212048,49.5,19892,6.2,106,8.1,5547,8.2
"09000","5","6212","56","0","2024","A","","Connecticut -- Statewide","Private","NAICS 6212 Offices of dentists","State, NAICS 4-digit -- by ownership sector","All establishment sizes",1576,11759,842999319,309238575,4684021,1379,71691,"",0.94,1.04,0.98,1.13,1.14,0.94,0.94,"",-7,-0.4,-16,-0.1,42301481,5.3,101117429,48.6,541180,13.1,71,5.4,3691,5.4
"09000","5","62121","57","0","2024","A","","Connecticut -- Statewide","Private","NAICS 62121 Offices of dentists","State, NAICS 5-digit -- by ownership sector","All establishment sizes",1576,11759,842999319,309238575,4684021,1379,71691,"",0.94,1.04,0.98,1.13,1.14,0.94,0.94,"",-7,-0.4,-16,-0.1,42301481,5.3,101117429,48.6,541180,13.1,71,5.4,3691,5.4
"09000","5","621210","58","0","2024","A","","Connecticut -- Statewide","Private","NAICS 621210 Offices of dentists","State, NAICS 6-digit -- by ownership sector","All establishment sizes",1576,11759,842999319,309238575,4684021,1379,71691,"",0.94,1.04,0.98,1.13,1.14,0.94,0.94,"",-7,-0.4,-16,-0.1,42301481,5.3,101117429,48.6,541180,13.1,71,5.4,3691,5.4
"09000","5","6213","56","0","2024","A","","Connecticut -- Statewide","Private","NAICS 6213 Offices of other health practitioners","State, NAICS 4-digit -- by ownership sector","All establishment sizes",2470,15711,843885572,369701120,5409667,1033,53712,"",0.98,1.17,1.05,1.20,1.04,0.89,0.89,"",229,10.2,1183,8.1,86473497,11.4,133582907,56.6,839952,18.4,30,3.0,1577,3.0
"09000","5","62131","57","0","2024","A","","Connecticut -- Statewide","Private","NAICS 62131 Offices of chiropractors","State, NAICS 5-digit -- by ownership sector","All establishment sizes",347,1150,52838822,24652033,339231,883,45937,"",0.71,0.72,0.67,0.68,0.66,0.92,0.92,"",1,0.3,11,1.0,2855458,5.7,7544437,44.1,16749,5.2,39,4.6,2041,4.6
"09000","5","621310","58","0","2024","A","","Connecticut -- Statewide","Private","NAICS 621310 Offices of chiropractors","State, NAICS 6-digit -- by ownership sector","All establishment sizes",347,1150,52838822,24652033,339231,883,45937,"",0.71,0.72,0.67,0.68,0.66,0.92,0.92,"",1,0.3,11,1.0,2855458,5.7,7544437,44.1,16749,5.2,39,4.6,2041,4.6
"09000","5","62132","57","0","2024","A","","Connecticut -- Statewide","Private","NAICS 62132 Offices of optometrists","State, NAICS 5-digit -- by ownership sector","All establishment sizes",240,1674,98991194,43857504,635565,1138,59152,"",0.91,1.01,0.95,1.12,1.17,0.95,0.95,"",3,1.3,-22,-1.3,3186779,3.3,15528917,54.8,92762,17.1,52,4.8,2661,4.7
"09000","5","621320","58","0","2024","A","","Connecticut -- Statewide","Private","NAICS 621320 Offices of optometrists","State, NAICS 6-digit -- by ownership sector","All establishment sizes",240,1674,98991194,43857504,635565,1138,59152,"",0.91,1.01,0.95,1.12,1.17,0.95,0.95,"",3,1.3,-22,-1.3,3186779,3.3,15528917,54.8,92762,17.1,52,4.8,2661,4.7
"09000","5","62133","57","0","2024","A","","Connecticut -- Statewide","Private","NAICS 62133 Offices of mental health practitioners (except physicians)","State, NAICS 5-digit -- by ownership sector","All establishment sizes",628,3216,160828496,75825300,1176433,962,50001,"",1.10,1.18,1.03,1.18,0.88,0.87,0.87,"",137,27.9,627,24.2,33354103,26.2,34348156,82.8,363546,44.7,15,1.6,755,1.5
"09000","5","621330","58","0","2024","A","","Connecticut -- Statewide","Private","NAICS 621330 Offices of mental health practitioners (except physicians)","State, NAICS 6-digit -- by ownership sector","All establishment sizes",628,3216,160828496,75825300,1176433,962,50001,"",1.10,1.18,1.03,1.18,0.88,0.87,0.87,"",137,27.9,627,24.2,33354103,26.2,34348156,82.8,363546,44.7,15,1.6,755,1.5
"09000","5","62134","57","0","2024","A","","Connecticut -- Statewide","Private","NAICS 62134 Offices of physical, occupational and speech therapists, and audiologists","State, NAICS 5-digit -- by ownership sector","All establishment sizes",699,7750,411938750,178719164,2509573,1022,53152,"",1.09,1.45,1.28,1.51,1.31,0.88,0.88,"",32,4.8,466,6.4,34581000,9.2,60569611,51.3,268968,12.0,26,2.6,1349,2.6
"09000","5","621340","58","0","2024","A","","Connecticut -- Statewide","Private","NAICS 621340 Offices of physical, occupational and speech therapists, and audiologists","State, NAICS 6-digit -- by ownership sector","All establishment sizes",699,7750,411938750,178719164,2509573,1022,53152,"",1.09,1.45,1.28,1.51,1.31,0.88,0.88,"",32,4.8,466,6.4,34581000,9.2,60569611,51.3,268968,12.0,26,2.6,1349,2.6
"09000","5","62139","57","0","2024","A","","Connecticut -- Statewide","Private","NAICS 62139 Offices of all other health practitioners","State, NAICS 5-digit -- by ownership sector","All establishment sizes",556,1921,119288310,46647119,748865,1194,62108,"",0.98,0.93,0.81,0.95,0.82,0.87,0.87,"",55,11.0,101,5.5,12496157,11.7,15591786,50.2,97927,15.0,66,5.9,3444,5.9
"09000","5","621391","58","0","2024","A","","Connecticut -- Statewide","Private","NAICS 621391 Offices of podiatrists","State, NAICS 6-digit -- by ownership sector","All establishment sizes",105,398,27271980,9939987,150059,1317,68494,"",1.28,1.11,1.07,1.26,1.13,0.96,0.96,"",-5,-4.5,-19,-4.6,934388,3.5,3094844,45.2,17867,13.5,103,8.5,5385,8.5
"09000","5","621399","58","0","2024","A","","Connecticut -- Statewide","Private","NAICS 621399 Offices of all other miscellaneous health practitioners","State, NAICS 6-digit -- by ownership sector","All establishment sizes",451,1522,92016330,36707132,598806,1162,60438,"",0.93,0.89,0.76,0.89,0.77,0.85,0.85,"",59,15.1,119,8.5,11561769,14.4,12496942,51.6,80060,15.4,59,5.3,3097,5.4
"09000","5","6214","56","0","2024","A","","Connecticut -- Statewide","Private","NAICS 6214 Outpatient care centers","State, NAICS 4-digit -- by ownership sector","All establishment sizes",600,14652,1086811135,170966670,2645018,1426,74173,"",0.93,1.21,0.94,0.91,0.81,0.78,0.78,"",18,3.1,604,4.3,73552945,7.3,58679501,52.3,515694,24.2,39,2.8,2046,2.8
"09000","5","62141","57","0","2024","A","","Connecticut -- Statewide","Private","NAICS 62141 Family planning centers","State, NAICS 5-digit -- by ownership sector","All establishment sizes",39,373,32901969,2764201,54226,1698,88288,"",1.04,1.16,1.29,0.54,0.51,1.11,1.11,"",-2,-4.9,27,7.8,3528293,12.0,1369943,98.3,19633,56.8,65,4.0,3373,4.0
"09000","5","621410","58","0","2024","A","","Connecticut -- Statewide","Private","NAICS 621410 Family planning centers","State, NAICS 6-digit -- by ownership sector","All establishment sizes",39,373,32901969,2764201,54226,1698,88288,"",1.04,1.16,1.29,0.54,0.51,1.11,1.11,"",-2,-4.9,27,7.8,3528293,12.0,1369943,98.3,19633,56.8,65,4.0,3373,4.0
"09000","5","62142","57","0","2024","A","","Connecticut -- Statewide","Private","NAICS 62142 Outpatient mental health and substance abuse centers","State, NAICS 5-digit -- by ownership sector","All establishment sizes",217,4841,301029763,39582169,667115,1196,62182,"",1.00,1.43,1.34,0.77,0.66,0.94,0.94,"",18,9.0,214,4.6,18168262,6.4,10863316,37.8,68721,11.5,20,1.7,1046,1.7
"09000","5","621420","58","0","2024","A","","Connecticut -- Statewide","Private","NAICS 621420 Outpatient mental health and substance abuse centers","State, NAICS 6-digit -- by ownership sector","All establishment sizes",217,4841,301029763,39582169,667115,1196,62182,"",1.00,1.43,1.34,0.77,0.66,0.94,0.94,"",18,9.0,214,4.6,18168262,6.4,10863316,37.8,68721,11.5,20,1.7,1046,1.7
"09000","5","62149","57","0","2024","A","","Connecticut -- Statewide","Private","NAICS 62149 Other outpatient care centers","State, NAICS 5-digit -- by ownership sector","All establishment sizes",344,9439,752879403,128620300,1923677,1534,79766,"",0.88,1.12,0.83,0.97,0.89,0.74,0.74,"",2,0.6,363,4.0,51856390,7.4,46446242,56.5,427340,28.6,49,3.3,2523,3.3
"09000","5","621491","58","0","2024","A","N","Connecticut -- Statewide","Private","NAICS 621491 Hmo medical centers","State, NAICS 6-digit -- by ownership sector","All establishment sizes",2,0,0,0,0,0,0,"N",0.05,0,0,0,0,0,0,"N",0,0.0,0,0,0,0,0,0,0,0,0,0,0,0
"09000","5","621492","58","0","2024","A","N","Connecticut -- Statewide","Private","NAICS 621492 Kidney dialysis centers","State, NAICS 6-digit -- by ownership sector","All establishment sizes",68,0,0,0,0,0,0,"N",0.69,0,0,0,0,0,0,"N",2,3.0,0,0,0,0,0,0,0,0,0,0,0,0
"09000","5","621493","58","0","2024","A","","Connecticut -- Statewide","Private","NAICS 621493 Freestanding ambulatory surgical and emergency centers","State, NAICS 6-digit -- by ownership sector","All establishment sizes",135,3196,267040174,60989426,900367,1607,83561,"",1.20,1.65,1.61,1.51,1.30,0.97,0.97,"",-2,-1.5,55,1.8,15823494,6.3,22185278,57.2,173147,23.8,69,4.5,3585,4.5
"09000","5","621498","58","0","2024","A","","Connecticut -- Statewide","Private","NAICS 621498 All other outpatient care centers","State, NAICS 6-digit -- by ownership sector","All establishment sizes",139,5020,389179488,35680790,568212,1491,77518,"",0.96,1.85,1.51,0.90,0.81,0.82,0.82,"",1,0.7,287,6.1,32157504,9.0,12940925,56.9,160488,39.4,40,2.8,2086,2.8
"09000","5","6215","56","0","2024","A","","Connecticut -- Statewide","Private","NAICS 6215 Medical and diagnostic laboratories","State, NAICS 4-digit -- by ownership sector","All establishment sizes",321,2843,213303847,72708125,1169856,1443,75032,"",0.89,0.84,0.66,0.92,0.89,0.78,0.78,"",-2,-0.6,-50,-1.7,4106362,2.0,25384215,53.6,318026,37.3,53,3.8,2731,3.8
"09000","5","62151","57","0","2024","A","","Connecticut -- Statewide","Private","NAICS 62151 Medical and diagnostic laboratories","State, NAICS 5-digit -- by ownership sector","All establishment sizes",321,2843,213303847,72708125,1169856,1443,75032,"",0.89,0.84,0.66,0.92,0.89,0.78,0.78,"",-2,-0.6,-50,-1.7,4106362,2.0,25384215,53.6,318026,37.3,53,3.8,2731,3.8
"09000","5","621511","58","0","2024","A","","Connecticut -- Statewide","Private","NAICS 621511 Medical laboratories","State, NAICS 6-digit -- by ownership sector","All establishment sizes",246,1951,134073632,50231130,836502,1321,68718,"",0.91,0.80,0.58,0.85,0.86,0.72,0.72,"",-2,-0.8,-66,-3.3,-1859531,-1.4,17258299,52.3,244514,41.3,25,1.9,1335,2.0
"09000","5","621512","58","0","2024","A","","Connecticut -- Statewide","Private","NAICS 621512 Diagnostic imaging centers","State, NAICS 6-digit -- by ownership sector","All establishment sizes",75,892,79230215,22476995,333354,1709,88848,"",0.81,0.96,0.87,1.09,0.95,0.90,0.90,"",0,0.0,16,1.8,5965893,8.1,8125916,56.6,73512,28.3,101,6.3,5221,6.2
"09000","5","6216","56","0","2024","A","","Connecticut -- Statewide","Private","NAICS 6216 Home health care services","State, NAICS 4-digit -- by ownership sector","All establishment sizes",279,11911,697556849,211712051,3394764,1126,58563,"",0.44,0.62,0.78,0.59,0.47,1.25,1.25,"",6,2.2,58,0.5,19504006,2.9,64643555,44.0,303629,9.8,26,2.4,1359,2.4
"09000","5","62161","57","0","2024","A","","Connecticut -- Statewide","Private","NAICS 62161 Home health care services","State, NAICS 5-digit -- by ownership sector","All establishment sizes",279,11911,697556849,211712051,3394764,1126,58563,"",0.44,0.62,0.78,0.59,0.47,1.25,1.25,"",6,2.2,58,0.5,19504006,2.9,64643555,44.0,303629,9.8,26,2.4,1359,2.4
"09000","5","621610","58","0","2024","A","","Connecticut -- Statewide","Private","NAICS 621610 Home health care services","State, NAICS 6-digit -- by ownership sector","All establishment sizes",279,11911,697556849,211712051,3394764,1126,58563,"",0.44,0.62,0.78,0.59,0.47,1.25,1.25,"",6,2.2,58,0.5,19504006,2.9,64643555,44.0,303629,9.8,26,2.4,1359,2.4
"09000","5","6219","56","0","2024","A","","Connecticut -- Statewide","Private","NAICS 6219 Other ambulatory health care services","State, NAICS 4-digit -- by ownership sector","All establishment sizes",274,3950,260223149,92272894,1361971,1267,65876,"",1.04,1.01,0.86,1.16,0.99,0.85,0.85,"",8,3.0,-29,-0.7,10104854,4.0,30211710,48.7,148638,12.3,58,4.8,3015,4.8
"09000","5","62191","57","0","2024","A","","Connecticut -- Statewide","Private","NAICS 62191 Ambulance services","State, NAICS 5-digit -- by ownership sector","All establishment sizes",67,2933,167361412,72362314,952606,1097,57070,"",0.93,1.58,1.31,1.78,1.54,0.83,0.83,"",-8,-10.7,-35,-1.2,2508057,1.5,23728816,48.8,74361,8.5,29,2.7,1522,2.7
"09000","5","621910","58","0","2024","A","","Connecticut -- Statewide","Private","NAICS 621910 Ambulance services","State, NAICS 6-digit -- by ownership sector","All establishment sizes",67,2933,167361412,72362314,952606,1097,57070,"",0.93,1.58,1.31,1.78,1.54,0.83,0.83,"",-8,-10.7,-35,-1.2,2508057,1.5,23728816,48.8,74361,8.5,29,2.7,1522,2.7
"09000","5","62199","57","0","2024","A","","Connecticut -- Statewide","Private","NAICS 62199 All other ambulatory health care services","State, NAICS 5-digit -- by ownership sector","All establishment sizes",206,1018,92861737,19910580,409365,1755,91257,"",1.08,0.50,0.54,0.51,0.54,1.07,1.07,"",15,7.9,7,0.7,7596797,8.9,6482894,48.3,74277,22.2,133,8.2,6934,8.2
"09000","5","621991","58","0","2024","A","","Connecticut -- Statewide","Private","NAICS 621991 Blood and organ banks","State, NAICS 6-digit -- by ownership sector","All establishment sizes",16,395,31071399,2924940,45470,1513,78662,"",0.53,0.41,0.44,0.18,0.17,1.07,1.07,"",-1,-5.9,25,6.8,3323981,12.0,1394163,91.1,15810,53.3,70,4.9,3635,4.8
"09000","5","621999","58","0","2024","A","","Connecticut -- Statewide","Private","NAICS 621999 All other miscellaneous ambulatory health care services","State, NAICS 6-digit -- by ownership sector","All establishment sizes",190,623,61790338,16985640,363895,1909,99248,"",1.18,0.58,0.60,0.73,0.74,1.04,1.04,"",16,9.2,-18,-2.8,4272816,7.4,5088731,42.8,58467,19.1,184,10.7,9564,10.7
"09000","5","622","55","0","2024","A","","Connecticut -- Statewide","Private","NAICS 622 Hospitals","State, NAICS 3-digit -- by ownership sector","All establishment sizes",132,65490,5553771269,98321889,1344632,1631,84803,"",0.68,1.11,0.97,0.39,0.47,0.88,0.88,"",-36,-21.4,2780,4.4,336255099,6.4,22845764,30.3,-126999,-8.6,31,1.9,1602,1.9
"09000","5","6221","56","0","2024","A","","Connecticut -- Statewide","Private","NAICS 6221 General medical and surgical hospitals","State, NAICS 4-digit -- by ownership sector","All establishment sizes",116,62207,5314717508,87352393,1174771,1643,85436,"",0.81,1.13,1.00,0.43,0.56,0.88,0.88,"",-21,-15.3,2603,4.4,337798156,6.8,18855662,27.5,-158218,-11.9,37,2.3,1936,2.3
"09000","5","62211","57","0","2024","A","","Connecticut -- Statewide","Private","NAICS 62211 General medical and surgical hospitals","State, NAICS 5-digit -- by ownership sector","All establishment sizes",116,62207,5314717508,87352393,1174771,1643,85436,"",0.81,1.13,1.00,0.43,0.56,0.88,0.88,"",-21,-15.3,2603,4.4,337798156,6.8,18855662,27.5,-158218,-11.9,37,2.3,1936,2.3
"09000","5","622110","58","0","2024","A","","Connecticut -- Statewide","Private","NAICS 622110 General medical and surgical hospitals","State, NAICS 6-digit -- by ownership sector","All establishment sizes",116,62207,5314717508,87352393,1174771,1643,85436,"",0.81,1.13,1.00,0.43,0.56,0.88,0.88,"",-21,-15.3,2603,4.4,337798156,6.8,18855662,27.5,-158218,-11.9,37,2.3,1936,2.3
"09000","5","6222","56","0","2024","A","N","Connecticut -- Statewide","Private","NAICS 6222 Psychiatric and substance abuse hospitals","State, NAICS 4-digit -- by ownership sector","All establishment sizes",12,0,0,0,0,0,0,"N",0.62,0,0,0,0,0,0,"N",-4,-25.0,0,0,0,0,0,0,0,0,0,0,0,0
"09000","5","62221","57","0","2024","A","N","Connecticut -- Statewide","Private","NAICS 62221 Psychiatric and substance abuse hospitals","State, NAICS 5-digit -- by ownership sector","All establishment sizes",12,0,0,0,0,0,0,"N",0.62,0,0,0,0,0,0,"N",-4,-25.0,0,0,0,0,0,0,0,0,0,0,0,0
"09000","5","622210","58","0","2024","A","N","Connecticut -- Statewide","Private","NAICS 622210 Psychiatric and substance abuse hospitals","State, NAICS 6-digit -- by ownership sector","All establishment sizes",12,0,0,0,0,0,0,"N",0.62,0,0,0,0,0,0,"N",-4,-25.0,0,0,0,0,0,0,0,0,0,0,0,0
"09000","5","6223","56","0","2024","A","N","Connecticut -- Statewide","Private","NAICS 6223 Specialty (except psychiatric and substance abuse) hospitals","State, NAICS 4-digit -- by ownership sector","All establishment sizes",4,0,0,0,0,0,0,"N",0.13,0,0,0,0,0,0,"N",-11,-73.3,0,0,0,0,0,0,0,0,0,0,0,0
"09000","5","62231","57","0","2024","A","N","Connecticut -- Statewide","Private","NAICS 62231 Specialty (except psychiatric and substance abuse) hospitals","State, NAICS 5-digit -- by ownership sector","All establishment sizes",4,0,0,0,0,0,0,"N",0.13,0,0,0,0,0,0,"N",-11,-73.3,0,0,0,0,0,0,0,0,0,0,0,0
"09000","5","622310","58","0","2024","A","N","Connecticut -- Statewide","Private","NAICS 622310 Specialty (except psychiatric and substance abuse) hospitals","State, NAICS 6-digit -- by ownership sector","All establishment sizes",4,0,0,0,0,0,0,"N",0.13,0,0,0,0,0,0,"N",-11,-73.3,0,0,0,0,0,0,0,0,0,0,0,0
"09000","5","623","55","0","2024","A","","Connecticut -- Statewide","Private","NAICS 623 Nursing and residential care facilities","State, NAICS 3-digit -- by ownership sector","All establishment sizes",1508,56426,2796997395,884555907,14018570,953,49569,"",1.34,1.57,1.48,1.32,1.28,0.94,0.94,"",-2,-0.1,1332,2.4,102765996,3.8,300404562,51.4,2328703,19.9,13,1.4,666,1.4
"09000","5","6231","56","0","2024","A","","Connecticut -- Statewide","Private","NAICS 6231 Nursing care facilities (skilled nursing facilities)","State, NAICS 4-digit -- by ownership sector","All establishment sizes",240,27648,1465360834,588476803,8980957,1019,53000,"",0.97,1.70,1.61,1.75,1.68,0.95,0.95,"",-4,-1.6,475,1.7,24129658,1.7,209352972,55.2,1734646,23.9,-1,-0.1,-39,-0.1
"09000","5","62311","57","0","2024","A","","Connecticut -- Statewide","Private","NAICS 62311 Nursing care facilities (skilled nursing facilities)","State, NAICS 5-digit -- by ownership sector","All establishment sizes",240,27648,1465360834,588476803,8980957,1019,53000,"",0.97,1.70,1.61,1.75,1.68,0.95,0.95,"",-4,-1.6,475,1.7,24129658,1.7,209352972,55.2,1734646,23.9,-1,-0.1,-39,-0.1
"09000","5","623110","58","0","2024","A","","Connecticut -- Statewide","Private","NAICS 623110 Nursing care facilities (skilled nursing facilities)","State, NAICS 6-digit -- by ownership sector","All establishment sizes",240,27648,1465360834,588476803,8980957,1019,53000,"",0.97,1.70,1.61,1.75,1.68,0.95,0.95,"",-4,-1.6,475,1.7,24129658,1.7,209352972,55.2,1734646,23.9,-1,-0.1,-39,-0.1
"09000","5","6232","56","0","2024","A","","Connecticut -- Statewide","Private","NAICS 6232 Residential intellectual and developmental disability, mental health, and substance abuse facilities","State, NAICS 4-digit -- by ownership sector","All establishment sizes",987,14658,699228974,72976752,1388193,917,47704,"",2.30,2.02,1.79,0.73,0.84,0.88,0.88,"",16,1.6,380,2.7,40152830,6.1,21913024,42.9,255538,22.6,29,3.3,1543,3.3
"09000","5","62321","57","0","2024","A","","Connecticut -- Statewide","Private","NAICS 62321 Residential intellectual and developmental disability facilities","State, NAICS 5-digit -- by ownership sector","All establishment sizes",770,9137,407126780,24813692,428715,857,44560,"",2.53,2.08,1.84,0.45,0.56,0.89,0.89,"",19,2.5,287,3.2,24422532,6.4,8743417,54.4,103851,32.0,25,3.0,1314,3.0
"09000","5","623210","58","0","2024","A","","Connecticut -- Statewide","Private","NAICS 623210 Residential intellectual and developmental disability facilities","State, NAICS 6-digit -- by ownership sector","All establishment sizes",770,9137,407126780,24813692,428715,857,44560,"",2.53,2.08,1.84,0.45,0.56,0.89,0.89,"",19,2.5,287,3.2,24422532,6.4,8743417,54.4,103851,32.0,25,3.0,1314,3.0
"09000","5","62322","57","0","2024","A","","Connecticut -- Statewide","Private","NAICS 62322 Residential mental health and substance abuse facilities","State, NAICS 5-digit -- by ownership sector","All establishment sizes",218,5521,292102194,48163060,959478,1017,52907,"",1.74,1.94,1.72,1.07,1.07,0.89,0.89,"",-2,-0.9,93,1.7,15730298,5.7,13169607,37.6,151687,18.8,38,3.9,1993,3.9
"09000","5","623220","58","0","2024","A","","Connecticut -- Statewide","Private","NAICS 623220 Residential mental health and substance abuse facilities","State, NAICS 6-digit -- by ownership sector","All establishment sizes",218,5521,292102194,48163060,959478,1017,52907,"",1.74,1.94,1.72,1.07,1.07,0.89,0.89,"",-2,-0.9,93,1.7,15730298,5.7,13169607,37.6,151687,18.8,38,3.9,1993,3.9
"09000","5","6233","56","0","2024","A","","Connecticut -- Statewide","Private","NAICS 6233 Continuing care retirement communities and assisted living facilities for the elderly","State, NAICS 4-digit -- by ownership sector","All establishment sizes",193,11531,494700563,209893542,3437291,825,42902,"",0.54,1.08,1.01,1.02,0.98,0.94,0.94,"",-4,-2.0,429,3.9,32626018,7.1,65977939,45.8,360696,11.7,25,3.1,1282,3.1
"09000","5","62331","57","0","2024","A","","Connecticut -- Statewide","Private","NAICS 62331 Continuing care retirement communities and assisted living facilities for the elderly","State, NAICS 5-digit -- by ownership sector","All establishment sizes",193,11531,494700563,209893542,3437291,825,42902,"",0.54,1.08,1.01,1.02,0.98,0.94,0.94,"",-4,-2.0,429,3.9,32626018,7.1,65977939,45.8,360696,11.7,25,3.1,1282,3.1
"09000","5","623311","58","0","2024","A","","Connecticut -- Statewide","Private","NAICS 623311 Continuing care retirement communities","State, NAICS 6-digit -- by ownership sector","All establishment sizes",46,4399,192652450,59318304,894656,842,43797,"",0.51,0.83,0.76,0.71,0.70,0.92,0.92,"",-4,-8.0,103,2.4,8459057,4.6,17523121,41.9,26253,3.0,17,2.1,922,2.2
"09000","5","623312","58","0","2024","A","","Connecticut -- Statewide","Private","NAICS 623312 Assisted living facilities for the elderly","State, NAICS 6-digit -- by ownership sector","All establishment sizes",146,7132,302048113,150575238,2542635,814,42350,"",0.54,1.32,1.27,1.22,1.15,0.96,0.96,"",-1,-0.7,326,4.8,24166961,8.7,48454818,47.4,334443,15.1,29,3.7,1522,3.7
"09000","5","6239","56","0","2024","A","","Connecticut -- Statewide","Private","NAICS 6239 Other residential care facilities","State, NAICS 4-digit -- by ownership sector","All establishment sizes",88,2589,137707024,13208810,212129,1023,53194,"",0.95,1.44,1.40,0.50,0.50,0.97,0.97,"",-11,-11.1,48,1.9,5857490,4.4,3160627,31.5,-22177,-9.5,25,2.5,1305,2.5
"09000","5","62399","57","0","2024","A","","Connecticut -- Statewide","Private","NAICS 62399 Other residential care facilities","State, NAICS 5-digit -- by ownership sector","All establishment sizes",88,2589,137707024,13208810,212129,1023,53194,"",0.95,1.44,1.40,0.50,0.50,0.97,0.97,"",-11,-11.1,48,1.9,5857490,4.4,3160627,31.5,-22177,-9.5,25,2.5,1305,2.5
"09000","5","623990","58","0","2024","A","","Connecticut -- Statewide","Private","NAICS 623990 Other residential care facilities","State, NAICS 6-digit -- by ownership sector","All establishment sizes",88,2589,137707024,13208810,212129,1023,53194,"",0.95,1.44,1.40,0.50,0.50,0.97,0.97,"",-11,-11.1,48,1.9,5857490,4.4,3160627,31.5,-22177,-9.5,25,2.5,1305,2.5
"09000","5","624","55","0","2024","A","","Connecticut -- Statewide","Private","NAICS 624 Social assistance","State, NAICS 3-digit -- by ownership sector","All establishment sizes",11633,71127,2581344315,1234205526,20364374,698,36292,"",0.80,1.40,1.28,1.44,1.13,0.92,0.91,"",647,5.9,2544,3.7,163070921,6.7,393315219,46.8,2541762,14.3,20,2.9,1032,2.9
"09000","5","6241","56","0","2024","A","","Connecticut -- Statewide","Private","NAICS 6241 Individual and family services","State, NAICS 4-digit -- by ownership sector","All establishment sizes",10229,46444,1653936579,839984690,14470530,685,35611,"",0.77,1.34,1.26,1.48,1.14,0.93,0.93,"",620,6.5,1699,3.8,123010063,8.0,273000888,48.1,2207503,18.0,27,4.1,1396,4.1
"09000","5","62411","57","0","2024","A","","Connecticut -- Statewide","Private","NAICS 62411 Child and youth services","State, NAICS 5-digit -- by ownership sector","All establishment sizes",197,3372,165384035,24828108,457138,943,49044,"",1.13,1.33,1.24,0.76,0.71,0.93,0.93,"",7,3.7,175,5.5,16468164,11.1,8051270,48.0,97939,27.3,47,5.2,2467,5.3
"09000","5","624110","58","0","2024","A","","Connecticut -- Statewide","Private","NAICS 624110 Child and youth services","State, NAICS 6-digit -- by ownership sector","All establishment sizes",197,3372,165384035,24828108,457138,943,49044,"",1.13,1.33,1.24,0.76,0.71,0.93,0.93,"",7,3.7,175,5.5,16468164,11.1,8051270,48.0,97939,27.3,47,5.2,2467,5.3
"09000","5","62412","57","0","2024","A","","Connecticut -- Statewide","Private","NAICS 62412 Services for the elderly and persons with disabilities","State, NAICS 5-digit -- by ownership sector","All establishment sizes",9429,34790,1061385979,737774471,12589106,587,30508,"",0.75,1.32,1.24,1.68,1.26,0.94,0.94,"",617,7.0,1516,4.6,96254298,10.0,246642300,50.2,1980860,18.7,29,5.2,1502,5.2
"09000","5","624120","58","0","2024","A","","Connecticut -- Statewide","Private","NAICS 624120 Services for the elderly and persons with disabilities","State, NAICS 6-digit -- by ownership sector","All establishment sizes",9429,34790,1061385979,737774471,12589106,587,30508,"",0.75,1.32,1.24,1.68,1.26,0.94,0.94,"",617,7.0,1516,4.6,96254298,10.0,246642300,50.2,1980860,18.7,29,5.2,1502,5.2
"09000","5","62419","57","0","2024","A","","Connecticut -- Statewide","Private","NAICS 62419 Other individual and family services","State, NAICS 5-digit -- by ownership sector","All establishment sizes",604,8282,427166565,77382111,1424286,992,51575,"",1.09,1.46,1.30,0.82,0.68,0.89,0.89,"",-3,-0.5,8,0.1,10287601,2.5,18307318,31.0,128704,9.9,23,2.4,1190,2.4
"09000","5","624190","58","0","2024","A","","Connecticut -- Statewide","Private","NAICS 624190 Other individual and family services","State, NAICS 6-digit -- by ownership sector","All establishment sizes",604,8282,427166565,77382111,1424286,992,51575,"",1.09,1.46,1.30,0.82,0.68,0.89,0.89,"",-3,-0.5,8,0.1,10287601,2.5,18307318,31.0,128704,9.9,23,2.4,1190,2.4
"09000","5","6242","56","0","2024","A","","Connecticut -- Statewide","Private","NAICS 6242 Community food and housing, and emergency and other relief services","State, NAICS 4-digit -- by ownership sector","All establishment sizes",220,2836,171686743,31162289,526013,1164,60533,"",1.21,1.13,1.09,0.80,0.62,0.97,0.97,"",2,0.9,115,4.2,11258660,7.0,10625337,51.7,54433,11.5,30,2.6,1579,2.7
"09000","5","62421","57","0","2024","A","","Connecticut -- Statewide","Private","NAICS 62421 Community food services","State, NAICS 5-digit -- by ownership sector","All establishment sizes",67,469,23230775,6749115,115356,952,49515,"",1.32,0.86,0.74,0.76,0.68,0.86,0.86,"",3,4.7,25,5.6,2350588,11.3,2349516,53.4,13951,13.8,47,5.2,2443,5.2
"09000","5","624210","58","0","2024","A","","Connecticut -- Statewide","Private","NAICS 624210 Community food services","State, NAICS 6-digit -- by ownership sector","All establishment sizes",67,469,23230775,6749115,115356,952,49515,"",1.32,0.86,0.74,0.76,0.68,0.86,0.86,"",3,4.7,25,5.6,2350588,11.3,2349516,53.4,13951,13.8,47,5.2,2443,5.2
"09000","5","62422","57","0","2024","A","","Connecticut -- Statewide","Private","NAICS 62422 Community housing services","State, NAICS 5-digit -- by ownership sector","All establishment sizes",122,1783,96456412,16205993,305479,1041,54108,"",1.24,1.15,1.04,0.65,0.54,0.90,0.90,"",-2,-1.6,58,3.4,7715964,8.7,5179784,47.0,33765,12.4,52,5.3,2677,5.2
"09000","5","624221","58","0","2024","A","","Connecticut -- Statewide","Private","NAICS 624221 Temporary shelters","State, NAICS 6-digit -- by ownership sector","All establishment sizes",66,1345,67287647,9335079,180533,962,50025,"",1.25,1.32,1.21,0.61,0.54,0.91,0.91,"",5,8.2,104,8.4,8907057,15.3,3557324,61.6,24053,15.4,57,6.3,2966,6.3
"09000","5","624229","58","0","2024","A","","Connecticut -- Statewide","Private","NAICS 624229 Other community housing services","State, NAICS 6-digit -- by ownership sector","All establishment sizes",55,438,29168765,6870914,124946,1282,66659,"",1.21,0.82,0.79,0.71,0.54,0.96,0.96,"",-9,-14.1,-47,-9.7,-1191093,-3.9,1622460,30.9,9712,8.4,78,6.5,4040,6.5
"09000","5","62423","57","0","2024","A","","Connecticut -- Statewide","Private","NAICS 62423 Emergency and other relief services","State, NAICS 5-digit -- by ownership sector","All establishment sizes",31,584,51999556,8207181,105178,1711,88977,"",0.94,1.45,1.60,1.55,0.94,1.10,1.10,"",1,3.3,32,5.8,1192108,2.3,3096037,60.6,6717,6.8,-58,-3.3,-3024,-3.3
"09000","5","624230","58","0","2024","A","","Connecticut -- Statewide","Private","NAICS 624230 Emergency and other relief services","State, NAICS 6-digit -- by ownership sector","All establishment sizes",31,584,51999556,8207181,105178,1711,88977,"",0.94,1.45,1.60,1.55,0.94,1.10,1.10,"",1,3.3,32,5.8,1192108,2.3,3096037,60.6,6717,6.8,-58,-3.3,-3024,-3.3
"09000","5","6243","56","0","2024","A","","Connecticut -- Statewide","Private","NAICS 6243 Vocational rehabilitation services","State, NAICS 4-digit -- by ownership sector","All establishment sizes",237,6406,253780828,53863270,1076231,762,39619,"",1.98,2.08,1.82,1.73,2.09,0.88,0.88,"",0,0.0,98,1.6,11758749,4.9,18440184,52.1,141799,15.2,24,3.3,1252,3.3
"09000","5","62431","57","0","2024","A","","Connecticut -- Statewide","Private","NAICS 62431 Vocational rehabilitation services","State, NAICS 5-digit -- by ownership sector","All establishment sizes",237,6406,253780828,53863270,1076231,762,39619,"",1.98,2.08,1.82,1.73,2.09,0.88,0.88,"",0,0.0,98,1.6,11758749,4.9,18440184,52.1,141799,15.2,24,3.3,1252,3.3
"09000","5","624310","58","0","2024","A","","Connecticut -- Statewide","Private","NAICS 624310 Vocational rehabilitation services","State, NAICS 6-digit -- by ownership sector","All establishment sizes",237,6406,253780828,53863270,1076231,762,39619,"",1.98,2.08,1.82,1.73,2.09,0.88,0.88,"",0,0.0,98,1.6,11758749,4.9,18440184,52.1,141799,15.2,24,3.3,1252,3.3
"09000","5","6244","56","0","2024","A","","Connecticut -- Statewide","Private","NAICS 6244 Child care services","State, NAICS 4-digit -- by ownership sector","All establishment sizes",946,15440,501940165,309195277,4291600,625,32508,"",0.97,1.45,1.25,1.41,1.09,0.86,0.86,"",24,2.6,631,4.3,17043449,3.5,91248810,41.9,138027,3.3,-5,-0.8,-235,-0.7
"09000","5","62441","57","0","2024","A","","Connecticut -- Statewide","Private","NAICS 62441 Child care services","State, NAICS 5-digit -- by ownership sector","All establishment sizes",946,15440,501940165,309195277,4291600,625,32508,"",0.97,1.45,1.25,1.41,1.09,0.86,0.86,"",24,2.6,631,4.3,17043449,3.5,91248810,41.9,138027,3.3,-5,-0.8,-235,-0.7
"09000","5","624410","58","0","2024","A","","Connecticut -- Statewide","Private","NAICS 624410 Child care services","State, NAICS 6-digit -- by ownership sector","All establishment sizes",946,15440,501940165,309195277,4291600,625,32508,"",0.97,1.45,1.25,1.41,1.09,0.86,0.86,"",24,2.6,631,4.3,17043449,3.5,91248810,41.9,138027,3.3,-5,-0.8,-235,-0.7
"09000","5","71","54","0","2024","A","","Connecticut -- Statewide","Private","NAICS 71 Arts, entertainment, and recreation","State, NAICS Sector -- by ownership sector","All establishment sizes",2307,28791,1155708724,497336221,11165883,772,40141,"",1.00,1.02,0.70,0.99,0.98,0.69,0.69,"",38,1.7,972,3.5,85504450,8.0,141612273,39.8,1381234,14.1,32,4.3,1670,4.3
"09000","5","711","55","0","2024","A","","Connecticut -- Statewide","Private","NAICS 711 Performing arts, spectator sports, and related industries","State, NAICS 3-digit -- by ownership sector","All establishment sizes",833,4231,264011601,80235284,1416570,1200,62398,"",0.83,0.68,0.32,0.62,0.42,0.47,0.47,"",37,4.6,244,6.1,31877571,13.7,25155690,45.7,268802,23.4,80,7.1,4179,7.2
"09000","5","7111","56","0","2024","A","","Connecticut -- Statewide","Private","NAICS 7111 Performing arts companies","State, NAICS 4-digit -- by ownership sector","All establishment sizes",162,1298,55577676,20992802,397000,823,42807,"",1.00,0.89,0.55,0.71,0.40,0.61,0.61,"",-8,-4.7,31,2.4,5214297,10.4,6798566,47.9,102088,34.6,59,7.7,3065,7.7
"09000","5","71111","57","0","2024","A","","Connecticut -- Statewide","Private","NAICS 71111 Theater companies and dinner theaters","State, NAICS 5-digit -- by ownership sector","All establishment sizes",62,707,31042352,11008703,183238,844,43907,"",1.22,0.91,0.76,0.68,0.32,0.83,0.83,"",1,1.6,63,9.8,4713975,17.9,3845717,53.7,51824,39.4,57,7.2,3009,7.4
"09000","5","711110","58","0","2024","A","","Connecticut -- Statewide","Private","NAICS 711110 Theater companies and dinner theaters","State, NAICS 6-digit -- by ownership sector","All establishment sizes",62,707,31042352,11008703,183238,844,43907,"",1.22,0.91,0.76,0.68,0.32,0.83,0.83,"",1,1.6,63,9.8,4713975,17.9,3845717,53.7,51824,39.4,57,7.2,3009,7.4
"09000","5","71112","57","0","2024","A","N","Connecticut -- Statewide","Private","NAICS 71112 Dance companies","State, NAICS 5-digit -- by ownership sector","All establishment sizes",12,0,0,0,0,0,0,"N",0.62,0,0,0,0,0,0,"N",1,9.1,0,0,0,0,0,0,0,0,0,0,0,0
"09000","5","711120","58","0","2024","A","N","Connecticut -- Statewide","Private","NAICS 711120 Dance companies","State, NAICS 6-digit -- by ownership sector","All establishment sizes",12,0,0,0,0,0,0,"N",0.62,0,0,0,0,0,0,"N",1,9.1,0,0,0,0,0,0,0,0,0,0,0,0
"09000","5","71113","57","0","2024","A","","Connecticut -- Statewide","Private","NAICS 71113 Musical groups and artists","State, NAICS 5-digit -- by ownership sector","All establishment sizes",71,376,16726217,5043104,85301,855,44445,"",0.95,0.91,0.37,0.71,0.42,0.40,0.40,"",-3,-4.1,-14,-3.6,2325284,16.1,1352393,36.6,19210,29.1,145,20.4,7512,20.3
"09000","5","711130","58","0","2024","A","","Connecticut -- Statewide","Private","NAICS 711130 Musical groups and artists","State, NAICS 6-digit -- by ownership sector","All establishment sizes",71,376,16726217,5043104,85301,855,44445,"",0.95,0.91,0.37,0.71,0.42,0.40,0.40,"",-3,-4.1,-14,-3.6,2325284,16.1,1352393,36.6,19210,29.1,145,20.4,7512,20.3
"09000","5","71119","57","0","2024","A","N","Connecticut -- Statewide","Private","NAICS 71119 Other performing arts companies","State, NAICS 5-digit -- by ownership sector","All establishment sizes",18,0,0,0,0,0,0,"N",1.05,0,0,0,0,0,0,"N",-6,-25.0,0,0,0,0,0,0,0,0,0,0,0,0
"09000","5","711190","58","0","2024","A","N","Connecticut -- Statewide","Private","NAICS 711190 Other performing arts companies","State, NAICS 6-digit -- by ownership sector","All establishment sizes",18,0,0,0,0,0,0,"N",1.05,0,0,0,0,0,0,"N",-6,-25.0,0,0,0,0,0,0,0,0,0,0,0,0
"09000","5","7112","56","0","2024","A","","Connecticut -- Statewide","Private","NAICS 7112 Spectator sports","State, NAICS 4-digit -- by ownership sector","All establishment sizes",82,582,37144626,12210034,192215,1228,63832,"",0.76,0.32,0.09,0.31,0.25,0.27,0.27,"",9,12.3,35,6.4,1783071,5.0,3685923,43.2,41152,27.2,-16,-1.3,-864,-1.3
"09000","5","71121","57","0","2024","A","","Connecticut -- Statewide","Private","NAICS 71121 Spectator sports","State, NAICS 5-digit -- by ownership sector","All establishment sizes",82,582,37144626,12210034,192215,1228,63832,"",0.76,0.32,0.09,0.31,0.25,0.27,0.27,"",9,12.3,35,6.4,1783071,5.0,3685923,43.2,41152,27.2,-16,-1.3,-864,-1.3
"09000","5","711211","58","0","2024","A","","Connecticut -- Statewide","Private","NAICS 711211 Sports teams and clubs","State, NAICS 6-digit -- by ownership sector","All establishment sizes",46,408,27469768,8880495,131263,1293,67245,"",0.98,0.32,0.07,0.31,0.24,0.22,0.22,"",1,2.2,21,5.4,362218,1.3,2782282,45.6,24166,22.6,-53,-3.9,-2740,-3.9
"09000","5","711212","58","0","2024","A","N","Connecticut -- Statewide","Private","NAICS 711212 Racetracks","State, NAICS 6-digit -- by ownership sector","All establishment sizes",3,0,0,0,0,0,0,"N",0.32,0,0,0,0,0,0,"N",0,0.0,0,0,0,0,0,0,0,0,0,0,0,0
"09000","5","711219","58","0","2024","A","N","Connecticut -- Statewide","Private","NAICS 711219 Other spectator sports","State, NAICS 6-digit -- by ownership sector","All establishment sizes",32,0,0,0,0,0,0,"N",0.62,0,0,0,0,0,0,"N",7,28.0,0,0,0,0,0,0,0,0,0,0,0,0
"09000","5","7113","56","0","2024","A","","Connecticut -- Statewide","Private","NAICS 7113 Promoters of performing arts, sports, and similar events","State, NAICS 4-digit -- by ownership sector","All establishment sizes",156,1658,72229754,26012789,432861,838,43556,"",1.11,0.84,0.59,0.70,0.45,0.70,0.70,"",12,8.3,132,8.7,9850119,15.8,6873635,35.9,47295,12.3,52,6.6,2678,6.6
"09000","5","71131","57","0","2024","A","","Connecticut -- Statewide","Private","NAICS 71131 Promoters of performing arts, sports, and similar events with facilities","State, NAICS 5-digit -- by ownership sector","All establishment sizes",62,1488,53434769,21396326,367691,691,35921,"",1.04,0.98,0.62,0.81,0.52,0.63,0.63,"",4,6.9,135,10.0,7774580,17.0,5237825,32.4,38453,11.7,42,6.5,2184,6.5
"09000","5","711310","58","0","2024","A","","Connecticut -- Statewide","Private","NAICS 711310 Promoters of performing arts, sports, and similar events with facilities","State, NAICS 6-digit -- by ownership sector","All establishment sizes",62,1488,53434769,21396326,367691,691,35921,"",1.04,0.98,0.62,0.81,0.52,0.63,0.63,"",4,6.9,135,10.0,7774580,17.0,5237825,32.4,38453,11.7,42,6.5,2184,6.5
"09000","5","71132","57","0","2024","A","","Connecticut -- Statewide","Private","NAICS 71132 Promoters of performing arts, sports, and similar events without facilities","State, NAICS 5-digit -- by ownership sector","All establishment sizes",95,171,18794985,4616463,65170,2117,110073,"",1.18,0.37,0.52,0.44,0.27,1.41,1.41,"",9,10.5,-2,-1.2,2075539,12.4,1635810,54.9,8842,15.7,254,13.6,13195,13.6
"09000","5","711320","58","0","2024","A","","Connecticut -- Statewide","Private","NAICS 711320 Promoters of performing arts, sports, and similar events without facilities","State, NAICS 6-digit -- by ownership sector","All establishment sizes",95,171,18794985,4616463,65170,2117,110073,"",1.18,0.37,0.52,0.44,0.27,1.41,1.41,"",9,10.5,-2,-1.2,2075539,12.4,1635810,54.9,8842,15.7,254,13.6,13195,13.6
"09000","5","7114","56","0","2024","A","","Connecticut -- Statewide","Private","NAICS 7114 Agents and managers for artists, athletes, entertainers, and other public figures","State, NAICS 4-digit -- by ownership sector","All establishment sizes",91,228,36065983,6961653,104873,3044,158300,"",1.04,0.69,0.67,1.09,0.53,0.98,0.98,"",10,12.3,17,8.1,4728768,15.1,2816079,67.9,27997,36.4,181,6.3,9430,6.3
"09000","5","71141","57","0","2024","A","","Connecticut -- Statewide","Private","NAICS 71141 Agents and managers for artists, athletes, entertainers, and other public figures","State, NAICS 5-digit -- by ownership sector","All establishment sizes",91,228,36065983,6961653,104873,3044,158300,"",1.04,0.69,0.67,1.09,0.53,0.98,0.98,"",10,12.3,17,8.1,4728768,15.1,2816079,67.9,27997,36.4,181,6.3,9430,6.3
"09000","5","711410","58","0","2024","A","","Connecticut -- Statewide","Private","NAICS 711410 Agents and managers for artists, athletes, entertainers, and other public figures","State, NAICS 6-digit -- by ownership sector","All establishment sizes",91,228,36065983,6961653,104873,3044,158300,"",1.04,0.69,0.67,1.09,0.53,0.98,0.98,"",10,12.3,17,8.1,4728768,15.1,2816079,67.9,27997,36.4,181,6.3,9430,6.3
"09000","5","7115","56","0","2024","A","","Connecticut -- Statewide","Private","NAICS 7115 Independent artists, writers, and performers","State, NAICS 4-digit -- by ownership sector","All establishment sizes",342,465,62993562,14058006,289621,2607,135567,"",0.68,0.70,0.51,0.86,0.68,0.72,0.72,"",13,4.0,28,6.4,10301316,19.5,4981487,54.9,50270,21.0,288,12.4,14967,12.4
"09000","5","71151","57","0","2024","A","","Connecticut -- Statewide","Private","NAICS 71151 Independent artists, writers, and performers","State, NAICS 5-digit -- by ownership sector","All establishment sizes",342,465,62993562,14058006,289621,2607,135567,"",0.68,0.70,0.51,0.86,0.68,0.72,0.72,"",13,4.0,28,6.4,10301316,19.5,4981487,54.9,50270,21.0,288,12.4,14967,12.4
"09000","5","711510","58","0","2024","A","","Connecticut -- Statewide","Private","NAICS 711510 Independent artists, writers, and performers","State, NAICS 6-digit -- by ownership sector","All establishment sizes",342,465,62993562,14058006,289621,2607,135567,"",0.68,0.70,0.51,0.86,0.68,0.72,0.72,"",13,4.0,28,6.4,10301316,19.5,4981487,54.9,50270,21.0,288,12.4,14967,12.4
"09000","5","712","55","0","2024","A","","Connecticut -- Statewide","Private","NAICS 712 Museums, historical sites, and similar institutions","State, NAICS 3-digit -- by ownership sector","All establishment sizes",158,2919,144115231,34019236,447953,949,49371,"",1.62,1.51,1.36,1.51,1.15,0.90,0.90,"",7,4.6,92,3.3,9882287,7.4,11000336,47.8,19064,4.4,36,3.9,1891,4.0
"09000","5","7121","56","0","2024","A","","Connecticut -- Statewide","Private","NAICS 7121 Museums, historical sites, and similar institutions","State, NAICS 4-digit -- by ownership sector","All establishment sizes",158,2919,144115231,34019236,447953,949,49371,"",1.62,1.51,1.36,1.51,1.15,0.90,0.90,"",7,4.6,92,3.3,9882287,7.4,11000336,47.8,19064,4.4,36,3.9,1891,4.0
"09000","5","71211","57","0","2024","A","","Connecticut -- Statewide","Private","NAICS 71211 Museums","State, NAICS 5-digit -- by ownership sector","All establishment sizes",106,1931,100978305,23272887,295343,1006,52289,"",1.61,1.76,1.56,1.84,1.27,0.89,0.89,"",4,3.9,68,3.7,6815776,7.2,7770099,50.1,8976,3.1,34,3.5,1743,3.4
"09000","5","712110","58","0","2024","A","","Connecticut -- Statewide","Private","NAICS 712110 Museums","State, NAICS 6-digit -- by ownership sector","All establishment sizes",106,1931,100978305,23272887,295343,1006,52289,"",1.61,1.76,1.56,1.84,1.27,0.89,0.89,"",4,3.9,68,3.7,6815776,7.2,7770099,50.1,8976,3.1,34,3.5,1743,3.4
"09000","5","71212","57","0","2024","A","","Connecticut -- Statewide","Private","NAICS 71212 Historical sites","State, NAICS 5-digit -- by ownership sector","All establishment sizes",14,122,4109323,647011,10191,649,33729,"",1.63,0.78,0.54,0.27,0.31,0.70,0.70,"",2,16.7,-1,-0.8,274832,7.2,274040,73.5,3851,60.7,48,8.0,2470,7.9
"09000","5","712120","58","0","2024","A","","Connecticut -- Statewide","Private","NAICS 712120 Historical sites","State, NAICS 6-digit -- by ownership sector","All establishment sizes",14,122,4109323,647011,10191,649,33729,"",1.63,0.78,0.54,0.27,0.31,0.70,0.70,"",2,16.7,-1,-0.8,274832,7.2,274040,73.5,3851,60.7,48,8.0,2470,7.9
"09000","5","71213","57","0","2024","A","","Connecticut -- Statewide","Private","NAICS 71213 Zoos and botanical gardens","State, NAICS 5-digit -- by ownership sector","All establishment sizes",13,542,26219570,4869556,61284,931,48413,"",1.13,1.03,0.99,0.94,0.79,0.97,0.97,"",0,0.0,7,1.3,1429951,5.8,1205162,32.9,-6355,-9.4,40,4.5,2106,4.5
"09000","5","712130","58","0","2024","A","","Connecticut -- Statewide","Private","NAICS 712130 Zoos and botanical gardens","State, NAICS 6-digit -- by ownership sector","All establishment sizes",13,542,26219570,4869556,61284,931,48413,"",1.13,1.03,0.99,0.94,0.79,0.97,0.97,"",0,0.0,7,1.3,1429951,5.8,1205162,32.9,-6355,-9.4,40,4.5,2106,4.5
"09000","5","71219","57","0","2024","A","","Connecticut -- Statewide","Private","NAICS 71219 Nature parks and other similar institutions","State, NAICS 5-digit -- by ownership sector","All establishment sizes",25,324,12808033,5229782,81135,759,39480,"",2.14,2.12,1.74,2.30,1.80,0.82,0.82,"",1,4.2,18,5.9,1361728,11.9,1751035,50.3,12592,18.4,40,5.6,2104,5.6
"09000","5","712190","58","0","2024","A","","Connecticut -- Statewide","Private","NAICS 712190 Nature parks and other similar institutions","State, NAICS 6-digit -- by ownership sector","All establishment sizes",25,324,12808033,5229782,81135,759,39480,"",2.14,2.12,1.74,2.30,1.80,0.82,0.82,"",1,4.2,18,5.9,1361728,11.9,1751035,50.3,12592,18.4,40,5.6,2104,5.6
"09000","5","713","55","0","2024","A","","Connecticut -- Statewide","Private","NAICS 713 Amusement, gambling, and recreation industries","State, NAICS 3-digit -- by ownership sector","All establishment sizes",1316,21641,747581892,383081701,9301360,664,34544,"",1.10,1.07,1.04,1.09,1.21,0.97,0.97,"",-6,-0.5,637,3.0,43744592,6.2,105456247,38.0,1093368,13.3,20,3.1,1035,3.1
"09000","5","7131","56","0","2024","A","","Connecticut -- Statewide","Private","NAICS 7131 Amusement parks and arcades","State, NAICS 4-digit -- by ownership sector","All establishment sizes",40,922,18066412,12817747,183551,377,19605,"",0.79,0.35,0.17,0.32,0.28,0.47,0.47,"",3,8.1,151,19.6,2088564,13.1,2937180,29.7,7826,4.5,-22,-5.5,-1123,-5.4
"09000","5","71311","57","0","2024","A","","Connecticut -- Statewide","Private","NAICS 71311 Amusement and theme parks","State, NAICS 5-digit -- by ownership sector","All establishment sizes",10,694,13740104,9374095,136126,381,19801,"",0.61,0.31,0.14,0.28,0.26,0.45,0.45,"",1,11.1,130,23.0,1660067,13.7,1986597,26.9,4155,3.1,-31,-7.5,-1618,-7.6
"09000","5","713110","58","0","2024","A","","Connecticut -- Statewide","Private","NAICS 713110 Amusement and theme parks","State, NAICS 6-digit -- by ownership sector","All establishment sizes",10,694,13740104,9374095,136126,381,19801,"",0.61,0.31,0.14,0.28,0.26,0.45,0.45,"",1,11.1,130,23.0,1660067,13.7,1986597,26.9,4155,3.1,-31,-7.5,-1618,-7.6
"09000","5","71312","57","0","2024","A","","Connecticut -- Statewide","Private","NAICS 71312 Amusement arcades","State, NAICS 5-digit -- by ownership sector","All establishment sizes",30,228,4326308,3443652,47425,366,19010,"",0.88,0.62,0.42,0.54,0.36,0.68,0.68,"",2,7.1,21,10.1,428497,11.0,950583,38.1,3671,8.4,4,1.1,165,0.9
"09000","5","713120","58","0","2024","A","","Connecticut -- Statewide","Private","NAICS 713120 Amusement arcades","State, NAICS 6-digit -- by ownership sector","All establishment sizes",30,228,4326308,3443652,47425,366,19010,"",0.88,0.62,0.42,0.54,0.36,0.68,0.68,"",2,7.1,21,10.1,428497,11.0,950583,38.1,3671,8.4,4,1.1,165,0.9
"09000","5","7132","56","0","2024","A","","Connecticut -- Statewide","Private","NAICS 7132 Gambling industries","State, NAICS 4-digit -- by ownership sector","All establishment sizes",22,302,22900929,7689387,128450,1460,75915,"",0.41,0.23,0.28,0.23,0.18,1.25,1.25,"",-1,-4.3,16,5.6,3753546,19.6,3004345,64.1,7487,6.2,172,13.4,8947,13.4
"09000","5","71329","57","0","2024","A","","Connecticut -- Statewide","Private","NAICS 71329 Other gambling industries","State, NAICS 5-digit -- by ownership sector","All establishment sizes",22,302,22900929,7689387,128450,1460,75915,"",0.45,0.47,0.53,0.44,0.31,1.13,1.12,"",-1,-4.3,16,5.6,3753546,19.6,3004345,64.1,7487,6.2,172,13.4,8947,13.4
"09000","5","713290","58","0","2024","A","","Connecticut -- Statewide","Private","NAICS 713290 Other gambling industries","State, NAICS 6-digit -- by ownership sector","All establishment sizes",22,302,22900929,7689387,128450,1460,75915,"",0.45,0.47,0.53,0.44,0.31,1.13,1.12,"",-1,-4.3,16,5.6,3753546,19.6,3004345,64.1,7487,6.2,172,13.4,8947,13.4
"09000","5","7139","56","0","2024","A","","Connecticut -- Statewide","Private","NAICS 7139 Other amusement and recreation industries","State, NAICS 4-digit -- by ownership sector","All establishment sizes",1253,20418,706614551,362574567,8989359,666,34607,"",1.14,1.26,1.33,1.30,1.42,1.06,1.06,"",-9,-0.7,470,2.4,37902482,5.7,99514722,37.8,1078055,13.6,21,3.3,1083,3.2
"09000","5","71391","57","0","2024","A","","Connecticut -- Statewide","Private","NAICS 71391 Golf courses and country clubs","State, NAICS 5-digit -- by ownership sector","All establishment sizes",155,5736,258297575,134616102,4875596,866,45032,"",1.13,1.22,1.32,1.45,1.82,1.08,1.08,"",-2,-1.3,157,2.8,17100220,7.1,39302795,41.2,781196,19.1,35,4.2,1801,4.2
"09000","5","713910","58","0","2024","A","","Connecticut -- Statewide","Private","NAICS 713910 Golf courses and country clubs","State, NAICS 6-digit -- by ownership sector","All establishment sizes",155,5736,258297575,134616102,4875596,866,45032,"",1.13,1.22,1.32,1.45,1.82,1.08,1.08,"",-2,-1.3,157,2.8,17100220,7.1,39302795,41.2,781196,19.1,35,4.2,1801,4.2
"09000","5","71392","57","0","2024","A","","Connecticut -- Statewide","Private","NAICS 71392 Skiing facilities","State, NAICS 5-digit -- by ownership sector","All establishment sizes",5,398,10056293,6259044,97351,486,25251,"",0.95,0.84,0.53,0.45,0.29,0.63,0.63,"",0,0.0,-12,-2.9,-124866,-1.2,698073,12.6,-8851,-8.3,9,1.9,444,1.8
"09000","5","713920","58","0","2024","A","","Connecticut -- Statewide","Private","NAICS 713920 Skiing facilities","State, NAICS 6-digit -- by ownership sector","All establishment sizes",5,398,10056293,6259044,97351,486,25251,"",0.95,0.84,0.53,0.45,0.29,0.63,0.63,"",0,0.0,-12,-2.9,-124866,-1.2,698073,12.6,-8851,-8.3,9,1.9,444,1.8
"09000","5","71393","57","0","2024","A","","Connecticut -- Statewide","Private","NAICS 71393 Marinas","State, NAICS 5-digit -- by ownership sector","All establishment sizes",117,1401,83094664,35014155,865914,1140,59297,"",2.36,3.16,3.42,3.64,3.51,1.08,1.08,"",-3,-2.5,52,3.9,7745410,10.3,11491850,48.9,197417,29.5,66,6.1,3445,6.2
"09000","5","713930","58","0","2024","A","","Connecticut -- Statewide","Private","NAICS 713930 Marinas","State, NAICS 6-digit -- by ownership sector","All establishment sizes",117,1401,83094664,35014155,865914,1140,59297,"",2.36,3.16,3.42,3.64,3.51,1.08,1.08,"",-3,-2.5,52,3.9,7745410,10.3,11491850,48.9,197417,29.5,66,6.1,3445,6.2
"09000","5","71394","57","0","2024","A","","Connecticut -- Statewide","Private","NAICS 71394 Fitness and recreational sports centers","State, NAICS 5-digit -- by ownership sector","All establishment sizes",666,9545,249549778,129048931,2238152,503,26146,"",1.20,1.34,1.38,1.31,1.21,1.03,1.03,"",-15,-2.2,199,2.1,16699464,7.2,34120594,35.9,101352,4.7,24,5.0,1232,4.9
"09000","5","713940","58","0","2024","A","","Connecticut -- Statewide","Private","NAICS 713940 Fitness and recreational sports centers","State, NAICS 6-digit -- by ownership sector","All establishment sizes",666,9545,249549778,129048931,2238152,503,26146,"",1.20,1.34,1.38,1.31,1.21,1.03,1.03,"",-15,-2.2,199,2.1,16699464,7.2,34120594,35.9,101352,4.7,24,5.0,1232,4.9
"09000","5","71395","57","0","2024","A","","Connecticut -- Statewide","Private","NAICS 71395 Bowling centers","State, NAICS 5-digit -- by ownership sector","All establishment sizes",28,629,17214163,11081301,154042,526,27364,"",0.67,0.84,0.79,0.82,0.70,0.94,0.94,"",-2,-6.7,42,7.2,-8203396,-32.3,2520356,29.4,8511,5.8,-307,-36.9,-15949,-36.8
"09000","5","713950","58","0","2024","A","","Connecticut -- Statewide","Private","NAICS 713950 Bowling centers","State, NAICS 6-digit -- by ownership sector","All establishment sizes",28,629,17214163,11081301,154042,526,27364,"",0.67,0.84,0.79,0.82,0.70,0.94,0.94,"",-2,-6.7,42,7.2,-8203396,-32.3,2520356,29.4,8511,5.8,-307,-36.9,-15949,-36.8
"09000","5","71399","57","0","2024","A","","Connecticut -- Statewide","Private","NAICS 71399 All other amusement and recreation industries","State, NAICS 5-digit -- by ownership sector","All establishment sizes",282,2709,88402078,46555034,758304,628,32634,"",0.92,1.01,1.00,0.92,0.75,0.99,0.99,"",12,4.4,33,1.2,4685650,5.6,11381054,32.4,-1570,-0.2,26,4.3,1349,4.3
"09000","5","713990","58","0","2024","A","","Connecticut -- Statewide","Private","NAICS 713990 All other amusement and recreation industries","State, NAICS 6-digit -- by ownership sector","All establishment sizes",282,2709,88402078,46555034,758304,628,32634,"",0.92,1.01,1.00,0.92,0.75,0.99,0.99,"",12,4.4,33,1.2,4685650,5.6,11381054,32.4,-1570,-0.2,26,4.3,1349,4.3
"09000","5","72","54","0","2024","A","","Connecticut -- Statewide","Private","NAICS 72 Accommodation and food services","State, NAICS Sector -- by ownership sector","All establishment sizes",9601,125938,3935442334,2714672810,45967275,601,31249,"",0.98,0.82,0.74,0.87,0.85,0.90,0.90,"",77,0.8,497,0.4,175285881,4.7,682618013,33.6,3612605,8.5,25,4.3,1273,4.2
"09000","5","721","55","0","2024","A","","Connecticut -- Statewide","Private","NAICS 721 Accommodation","State, NAICS 3-digit -- by ownership sector","All establishment sizes",506,9573,385872243,228077672,3645314,775,40307,"",0.52,0.46,0.37,0.42,0.38,0.80,0.80,"",0,0.0,44,0.5,23411805,6.5,66032166,40.7,419859,13.0,44,6.0,2271,6.0
"09000","5","7211","56","0","2024","A","","Connecticut -- Statewide","Private","NAICS 7211 Traveler accommodation","State, NAICS 4-digit -- by ownership sector","All establishment sizes",415,8604,352556393,212109710,3316996,788,40977,"",0.50,0.43,0.35,0.41,0.36,0.81,0.81,"",-4,-1.0,115,1.4,19957954,6.0,62885488,42.1,398961,13.7,35,4.6,1797,4.6
"09000","5","72111","57","0","2024","A","","Connecticut -- Statewide","Private","NAICS 72111 Hotels (except casino hotels) and motels","State, NAICS 5-digit -- by ownership sector","All establishment sizes",386,8347,342212879,206025897,3219164,788,40998,"",0.51,0.50,0.41,0.52,0.44,0.83,0.83,"",0,0.0,107,1.3,19852881,6.2,61066147,42.1,396037,14.0,36,4.8,1877,4.8
"09000","5","721110","58","0","2024","A","","Connecticut -- Statewide","Private","NAICS 721110 Hotels (except casino hotels) and motels","State, NAICS 6-digit -- by ownership sector","All establishment sizes",386,8347,342212879,206025897,3219164,788,40998,"",0.51,0.50,0.41,0.52,0.44,0.83,0.83,"",0,0.0,107,1.3,19852881,6.2,61066147,42.1,396037,14.0,36,4.8,1877,4.8
"09000","5","72119","57","0","2024","A","","Connecticut -- Statewide","Private","NAICS 72119 Other traveler accommodation","State, NAICS 5-digit -- by ownership sector","All establishment sizes",29,257,10343514,6083813,97832,775,40299,"",0.43,0.72,0.62,0.73,0.51,0.87,0.87,"",-4,-12.1,8,3.2,105073,1.0,1819341,42.7,2924,3.1,-16,-2.0,-833,-2.0
"09000","5","721191","58","0","2024","A","","Connecticut -- Statewide","Private","NAICS 721191 Bed-and-breakfast inns","State, NAICS 6-digit -- by ownership sector","All establishment sizes",14,172,6622323,4150289,72634,740,38483,"",0.48,1.14,1.18,1.34,0.97,1.04,1.04,"",-3,-17.6,0,0.0,210447,3.3,1204457,40.9,4168,6.1,23,3.2,1205,3.2
"09000","5","721199","58","0","2024","A","","Connecticut -- Statewide","Private","NAICS 721199 All other traveler accommodation","State, NAICS 6-digit -- by ownership sector","All establishment sizes",15,85,3721191,1933524,25198,846,43994,"",0.38,0.41,0.34,0.37,0.22,0.82,0.82,"",-1,-6.2,8,10.4,-105374,-2.8,614884,46.6,-1244,-4.7,-111,-11.6,-5755,-11.6
"09000","5","7212","56","0","2024","A","","Connecticut -- Statewide","Private","NAICS 7212 Rv (recreational vehicle) parks and recreational camps","State, NAICS 4-digit -- by ownership sector","All establishment sizes",83,944,31279750,15462859,320767,638,33153,"",0.75,1.13,0.96,0.89,0.82,0.86,0.86,"",2,2.5,-68,-6.7,2232143,7.7,3110281,25.2,23625,8.0,86,15.6,4455,15.5
"09000","5","72121","57","0","2024","A","","Connecticut -- Statewide","Private","NAICS 72121 Rv (recreational vehicle) parks and recreational camps","State, NAICS 5-digit -- by ownership sector","All establishment sizes",83,944,31279750,15462859,320767,638,33153,"",0.75,1.13,0.96,0.89,0.82,0.86,0.86,"",2,2.5,-68,-6.7,2232143,7.7,3110281,25.2,23625,8.0,86,15.6,4455,15.5
"09000","5","721211","58","0","2024","A","","Connecticut -- Statewide","Private","NAICS 721211 Rv (recreational vehicle) parks and campgrounds","State, NAICS 6-digit -- by ownership sector","All establishment sizes",42,277,8543417,5907425,174964,593,30815,"",0.60,0.68,0.58,0.69,0.77,0.86,0.86,"",1,2.4,20,7.8,779519,10.0,1491846,33.8,40295,29.9,11,1.9,546,1.8
"09000","5","721214","58","0","2024","A","","Connecticut -- Statewide","Private","NAICS 721214 Recreational and vacation camps (except campgrounds)","State, NAICS 6-digit -- by ownership sector","All establishment sizes",40,666,22736333,9555434,145803,656,34126,"",0.98,1.55,1.28,1.09,0.91,0.83,0.83,"",0,0.0,-90,-11.9,1452624,6.8,1618435,20.4,-16670,-10.3,114,21.0,5961,21.2
"09000","5","7213","56","0","2024","A","","Connecticut -- Statewide","Private","NAICS 7213 Rooming and boarding houses, dormitories, and workers' camps","State, NAICS 4-digit -- by ownership sector","All establishment sizes",8,26,2036100,505103,7551,1492,77566,"",0.37,0.23,0.40,0.21,0.13,1.71,1.71,"",1,14.3,-2,-7.1,1221708,150.0,36397,7.8,-2727,-26.5,938,169.3,48738,169.1
"09000","5","72131","57","0","2024","A","","Connecticut -- Statewide","Private","NAICS 72131 Rooming and boarding houses, dormitories, and workers' camps","State, NAICS 5-digit -- by ownership sector","All establishment sizes",8,26,2036100,505103,7551,1492,77566,"",0.37,0.23,0.40,0.21,0.13,1.71,1.71,"",1,14.3,-2,-7.1,1221708,150.0,36397,7.8,-2727,-26.5,938,169.3,48738,169.1
"09000","5","721310","58","0","2024","A","","Connecticut -- Statewide","Private","NAICS 721310 Rooming and boarding houses, dormitories, and workers' camps","State, NAICS 6-digit -- by ownership sector","All establishment sizes",8,26,2036100,505103,7551,1492,77566,"",0.37,0.23,0.40,0.21,0.13,1.71,1.71,"",1,14.3,-2,-7.1,1221708,150.0,36397,7.8,-2727,-26.5,938,169.3,48738,169.1
"09000","5","722","55","0","2024","A","","Connecticut -- Statewide","Private","NAICS 722 Food services and drinking places","State, NAICS 3-digit -- by ownership sector","All establishment sizes",9095,116364,3549570091,2486595138,42321961,587,30504,"",1.03,0.88,0.84,0.96,0.95,0.95,0.95,"",77,0.9,453,0.4,151874076,4.5,616585847,33.0,3192746,8.2,23,4.1,1191,4.1
"09000","5","7223","56","0","2024","A","","Connecticut -- Statewide","Private","NAICS 7223 Special food services","State, NAICS 4-digit -- by ownership sector","All establishment sizes",923,10270,418293529,241491091,9329159,783,40728,"",1.45,1.23,1.16,1.31,1.50,0.95,0.95,"",16,1.8,310,3.1,25356016,6.5,69074649,40.1,3185812,51.9,24,3.2,1277,3.2
"09000","5","72231","57","0","2024","A","","Connecticut -- Statewide","Private","NAICS 72231 Food service contractors","State, NAICS 5-digit -- by ownership sector","All establishment sizes",608,7339,326981793,183908948,8269110,857,44552,"",1.91,1.21,1.19,1.34,1.62,0.98,0.98,"",11,1.8,496,7.2,26529922,8.8,57912132,46.0,3221194,63.8,13,1.5,648,1.5
"09000","5","722310","58","0","2024","A","","Connecticut -- Statewide","Private","NAICS 722310 Food service contractors","State, NAICS 6-digit -- by ownership sector","All establishment sizes",608,7339,326981793,183908948,8269110,857,44552,"",1.91,1.21,1.19,1.34,1.62,0.98,0.98,"",11,1.8,496,7.2,26529922,8.8,57912132,46.0,3221194,63.8,13,1.5,648,1.5
"09000","5","72232","57","0","2024","A","","Connecticut -- Statewide","Private","NAICS 72232 Caterers","State, NAICS 5-digit -- by ownership sector","All establishment sizes",205,2557,80487102,49553385,842139,605,31472,"",1.20,1.39,1.12,1.35,0.92,0.81,0.81,"",-7,-3.3,-179,-6.5,-1953623,-2.4,8988690,22.2,-84932,-9.2,26,4.5,1341,4.5
"09000","5","722320","58","0","2024","A","","Connecticut -- Statewide","Private","NAICS 722320 Caterers","State, NAICS 6-digit -- by ownership sector","All establishment sizes",205,2557,80487102,49553385,842139,605,31472,"",1.20,1.39,1.12,1.35,0.92,0.81,0.81,"",-7,-3.3,-179,-6.5,-1953623,-2.4,8988690,22.2,-84932,-9.2,26,4.5,1341,4.5
"09000","5","72233","57","0","2024","A","","Connecticut -- Statewide","Private","NAICS 72233 Mobile food services","State, NAICS 5-digit -- by ownership sector","All establishment sizes",109,374,10824634,8028758,217910,557,28956,"",0.73,0.78,0.74,0.81,0.96,0.95,0.95,"",11,11.2,-7,-1.8,779717,7.8,2173827,37.1,49550,29.4,50,9.9,2568,9.7
"09000","5","722330","58","0","2024","A","","Connecticut -- Statewide","Private","NAICS 722330 Mobile food services","State, NAICS 6-digit -- by ownership sector","All establishment sizes",109,374,10824634,8028758,217910,557,28956,"",0.73,0.78,0.74,0.81,0.96,0.95,0.95,"",11,11.2,-7,-1.8,779717,7.8,2173827,37.1,49550,29.4,50,9.9,2568,9.7
"09000","5","7224","56","0","2024","A","","Connecticut -- Statewide","Private","NAICS 7224 Drinking places (alcoholic beverages)","State, NAICS 4-digit -- by ownership sector","All establishment sizes",248,1706,44221386,31956271,494395,498,25915,"",0.47,0.38,0.32,0.36,0.29,0.84,0.84,"",-3,-1.2,-46,-2.6,-29327,-0.1,6752820,26.8,-13140,-2.6,12,2.5,655,2.6
"09000","5","72241","57","0","2024","A","","Connecticut -- Statewide","Private","NAICS 72241 Drinking places (alcoholic beverages)","State, NAICS 5-digit -- by ownership sector","All establishment sizes",248,1706,44221386,31956271,494395,498,25915,"",0.47,0.38,0.32,0.36,0.29,0.84,0.84,"",-3,-1.2,-46,-2.6,-29327,-0.1,6752820,26.8,-13140,-2.6,12,2.5,655,2.6
"09000","5","722410","58","0","2024","A","","Connecticut -- Statewide","Private","NAICS 722410 Drinking places (alcoholic beverages)","State, NAICS 6-digit -- by ownership sector","All establishment sizes",248,1706,44221386,31956271,494395,498,25915,"",0.47,0.38,0.32,0.36,0.29,0.84,0.84,"",-3,-1.2,-46,-2.6,-29327,-0.1,6752820,26.8,-13140,-2.6,12,2.5,655,2.6
"09000","5","7225","56","0","2024","A","","Connecticut -- Statewide","Private","NAICS 7225 Restaurants and other eating places","State, NAICS 4-digit -- by ownership sector","All establishment sizes",7924,104387,3087055176,2213147776,32498407,569,29573,"",1.03,0.87,0.82,0.96,0.89,0.94,0.94,"",64,0.8,188,0.2,126547387,4.3,540758378,32.3,20074,0.1,23,4.2,1161,4.1
"09000","5","72251","57","0","2024","A","","Connecticut -- Statewide","Private","NAICS 72251 Restaurants and other eating places","State, NAICS 5-digit -- by ownership sector","All establishment sizes",7924,104387,3087055176,2213147776,32498407,569,29573,"",1.03,0.87,0.82,0.96,0.89,0.94,0.94,"",64,0.8,188,0.2,126547387,4.3,540758378,32.3,20074,0.1,23,4.2,1161,4.1
"09000","5","722511","58","0","2024","A","","Connecticut -- Statewide","Private","NAICS 722511 Full-service restaurants","State, NAICS 6-digit -- by ownership sector","All establishment sizes",3687,56990,1868533055,1274040552,19299332,631,32787,"",1.13,0.98,0.91,1.06,0.96,0.93,0.93,"",9,0.2,267,0.5,68348541,3.8,332648920,35.3,657823,3.5,21,3.4,1050,3.3
"09000","5","722513","58","0","2024","A","","Connecticut -- Statewide","Private","NAICS 722513 Limited-service restaurants","State, NAICS 6-digit -- by ownership sector","All establishment sizes",2989,33394,873366888,677261235,9647341,503,26153,"",0.91,0.66,0.63,0.75,0.75,0.95,0.95,"",44,1.5,423,1.3,54445883,6.6,167661778,32.9,-99056,-1.0,25,5.2,1316,5.3
"09000","5","722514","58","0","2024","A","","Connecticut -- Statewide","Private","NAICS 722514 Cafeterias, grill buffets, and buffets","State, NAICS 6-digit -- by ownership sector","All establishment sizes",51,467,13635299,8741775,141887,561,29177,"",0.79,0.57,0.53,0.59,0.63,0.93,0.93,"",-7,-12.1,-5,-1.1,144285,1.1,1464770,20.1,-932,-0.7,11,2.0,584,2.0
"09000","5","722515","58","0","2024","A","","Connecticut -- Statewide","Private","NAICS 722515 Snack and nonalcoholic beverage bars","State, NAICS 6-digit -- by ownership sector","All establishment sizes",1197,13536,331519934,253104214,3409847,471,24492,"",1.16,1.32,1.16,1.35,1.03,0.88,0.88,"",17,1.4,-498,-3.5,3608678,1.1,38982910,18.2,-537761,-13.6,22,4.9,1126,4.8
"09000","5","81","54","0","2024","A","","Connecticut -- Statewide","Private","NAICS 81 Other services (except public administration)","State, NAICS Sector -- by ownership sector","All establishment sizes",13688,56826,2857657220,1195698069,19445773,967,50288,"",1.25,1.12,0.92,1.15,1.02,0.82,0.82,"",560,4.3,2092,3.8,199342101,7.5,398539069,50.0,2970161,18.0,33,3.5,1720,3.5
"09000","5","811","55","0","2024","A","","Connecticut -- Statewide","Private","NAICS 811 Repair and maintenance","State, NAICS 3-digit -- by ownership sector","All establishment sizes",2589,13829,873441493,373368747,6433562,1215,63159,"",0.85,0.87,0.78,0.95,0.94,0.90,0.90,"",14,0.5,421,3.1,65595808,8.1,131445251,54.3,1304150,25.4,56,4.8,2908,4.8
"09000","5","8111","56","0","2024","A","","Connecticut -- Statewide","Private","NAICS 8111 Automotive repair and maintenance","State, NAICS 4-digit -- by ownership sector","All establishment sizes",1885,10735,613962972,287364990,4631713,1100,57195,"",0.87,0.96,0.87,1.05,1.04,0.91,0.91,"",23,1.2,366,3.5,41896402,7.3,101166847,54.3,862538,22.9,39,3.7,2025,3.7
"09000","5","81111","57","0","2024","A","","Connecticut -- Statewide","Private","NAICS 81111 Automotive mechanical and electrical repair and maintenance","State, NAICS 5-digit -- by ownership sector","All establishment sizes",1049,4708,285179211,127997329,1965637,1165,60570,"",0.88,0.98,0.89,1.05,1.01,0.91,0.90,"",-8,-0.8,1,0.0,11661289,4.3,44556397,53.4,285338,17.0,47,4.2,2459,4.2
"09000","5","811111","58","0","2024","A","","Connecticut -- Statewide","Private","NAICS 811111 General automotive repair","State, NAICS 6-digit -- by ownership sector","All establishment sizes",921,4213,256783746,114345107,1760160,1172,60947,"",0.87,0.98,0.89,1.04,0.99,0.91,0.91,"",-14,-1.5,-49,-1.1,7926334,3.2,38626956,51.0,225152,14.7,49,4.4,2557,4.4
"09000","5","811114","58","0","2024","A","","Connecticut -- Statewide","Private","NAICS 811114 Specialized automotive repair","State, NAICS 6-digit -- by ownership sector","All establishment sizes",128,495,28395465,13652222,205477,1103,57365,"",1.01,1.02,0.89,1.15,1.13,0.87,0.87,"",6,4.9,50,11.2,3734955,15.1,5929441,76.8,60186,41.4,37,3.5,1927,3.5
"09000","5","81112","57","0","2024","A","","Connecticut -- Statewide","Private","NAICS 81112 Automotive body, paint, interior, and glass repair","State, NAICS 5-digit -- by ownership sector","All establishment sizes",445,2981,201115661,83241822,1396742,1297,67456,"",0.85,0.93,0.82,1.00,1.02,0.88,0.88,"",0,0.0,81,2.8,8616107,4.5,30653052,58.3,289481,26.1,21,1.6,1083,1.6
"09000","5","811121","58","0","2024","A","","Connecticut -- Statewide","Private","NAICS 811121 Automotive body, paint, and interior repair and maintenance","State, NAICS 6-digit -- by ownership sector","All establishment sizes",395,2579,174620950,71985442,1153487,1302,67715,"",0.90,0.92,0.80,0.99,0.97,0.86,0.86,"",-3,-0.8,-6,-0.2,2893424,1.7,25778044,55.8,196410,20.5,24,1.9,1270,1.9
"09000","5","811122","58","0","2024","A","","Connecticut -- Statewide","Private","NAICS 811122 Automotive glass replacement shops","State, NAICS 6-digit -- by ownership sector","All establishment sizes",50,403,26494711,11256380,243255,1265,65798,"",0.57,0.96,0.96,1.06,1.30,1.00,1.00,"",3,6.4,87,27.5,5722683,27.5,4875008,76.4,93071,62.0,0,0.0,12,0.0
"09000","5","81119","57","0","2024","A","","Connecticut -- Statewide","Private","NAICS 81119 Other automotive repair and maintenance","State, NAICS 5-digit -- by ownership sector","All establishment sizes",390,3045,127668100,76125839,1269334,806,41928,"",0.88,0.95,0.94,1.11,1.12,0.99,0.99,"",30,8.3,283,10.2,21619006,20.4,25957398,51.7,287719,29.3,68,9.2,3532,9.2
"09000","5","811191","58","0","2024","A","","Connecticut -- Statewide","Private","NAICS 811191 Automotive oil change and lubrication shops","State, NAICS 6-digit -- by ownership sector","All establishment sizes",60,659,31009048,17694438,242962,905,47067,"",0.58,0.81,0.82,0.90,0.80,1.01,1.01,"",-1,-1.6,29,4.6,2276690,7.9,5550587,45.7,28468,13.3,28,3.2,1448,3.2
"09000","5","811192","58","0","2024","A","","Connecticut -- Statewide","Private","NAICS 811192 Car washes","State, NAICS 6-digit -- by ownership sector","All establishment sizes",270,2186,83818892,52271726,858334,737,38345,"",1.11,1.07,1.09,1.27,1.26,1.02,1.02,"",24,9.8,205,10.3,15054784,21.9,17217784,49.1,176314,25.9,70,10.5,3640,10.5
"09000","5","811198","58","0","2024","A","","Connecticut -- Statewide","Private","NAICS 811198 All other automotive repair and maintenance","State, NAICS 6-digit -- by ownership sector","All establishment sizes",60,200,12840160,6159675,168038,1234,64147,"",0.64,0.58,0.62,0.79,1.15,1.06,1.06,"",7,13.2,49,32.5,4287532,50.1,3189027,107.4,82937,97.5,143,13.1,7413,13.1
"09000","5","8112","56","0","2024","A","","Connecticut -- Statewide","Private","NAICS 8112 Electronic and precision equipment repair and maintenance","State, NAICS 4-digit -- by ownership sector","All establishment sizes",188,804,64700359,21951795,391300,1548,80506,"",0.94,0.72,0.62,0.81,0.76,0.86,0.86,"",17,9.9,0,0.0,2246402,3.6,7935997,56.6,68311,21.1,54,3.6,2843,3.7
"09000","5","81121","57","0","2024","A","","Connecticut -- Statewide","Private","NAICS 81121 Electronic and precision equipment repair and maintenance","State, NAICS 5-digit -- by ownership sector","All establishment sizes",188,804,64700359,21951795,391300,1548,80506,"",0.94,0.72,0.62,0.81,0.76,0.86,0.86,"",17,9.9,0,0.0,2246402,3.6,7935997,56.6,68311,21.1,54,3.6,2843,3.7
"09000","5","811210","58","0","2024","A","","Connecticut -- Statewide","Private","NAICS 811210 Electronic and precision equipment repair and maintenance","State, NAICS 6-digit -- by ownership sector","All establishment sizes",188,804,64700359,21951795,391300,1548,80506,"",0.94,0.72,0.62,0.81,0.76,0.86,0.86,"",17,9.9,0,0.0,2246402,3.6,7935997,56.6,68311,21.1,54,3.6,2843,3.7
"09000","5","8113","56","0","2024","A","","Connecticut -- Statewide","Private","NAICS 8113 Commercial and industrial machinery and equipment (except automotive and electronic) repair and maintenance","State, NAICS 4-digit -- by ownership sector","All establishment sizes",289,1644,154061582,47130332,1129449,1802,93726,"",0.74,0.63,0.61,0.65,0.75,0.96,0.96,"",4,1.4,143,9.5,18128813,13.3,18355025,63.8,393389,53.4,60,3.4,3165,3.5
"09000","5","81131","57","0","2024","A","","Connecticut -- Statewide","Private","NAICS 81131 Commercial and industrial machinery and equipment (except automotive and electronic) repair and maintenance","State, NAICS 5-digit -- by ownership sector","All establishment sizes",289,1644,154061582,47130332,1129449,1802,93726,"",0.74,0.63,0.61,0.65,0.75,0.96,0.96,"",4,1.4,143,9.5,18128813,13.3,18355025,63.8,393389,53.4,60,3.4,3165,3.5
"09000","5","811310","58","0","2024","A","","Connecticut -- Statewide","Private","NAICS 811310 Commercial and industrial machinery and equipment (except automotive and electronic) repair and maintenance","State, NAICS 6-digit -- by ownership sector","All establishment sizes",289,1644,154061582,47130332,1129449,1802,93726,"",0.74,0.63,0.61,0.65,0.75,0.96,0.96,"",4,1.4,143,9.5,18128813,13.3,18355025,63.8,393389,53.4,60,3.4,3165,3.5
"09000","5","8114","56","0","2024","A","","Connecticut -- Statewide","Private","NAICS 8114 Personal and household goods repair and maintenance","State, NAICS 4-digit -- by ownership sector","All establishment sizes",228,647,40716580,16921630,281100,1210,62915,"",0.73,0.71,0.76,0.80,0.72,1.08,1.07,"",-30,-11.6,-87,-11.9,3324191,8.9,3987382,30.8,-20088,-6.7,230,23.5,11949,23.4
"09000","5","81141","57","0","2024","A","","Connecticut -- Statewide","Private","NAICS 81141 Home and garden equipment and appliance repair and maintenance","State, NAICS 5-digit -- by ownership sector","All establishment sizes",70,214,19188250,6013917,100509,1722,89560,"",0.68,0.66,0.94,0.77,0.70,1.44,1.44,"",-5,-6.7,-14,-6.1,5830212,43.6,1979437,49.1,10593,11.8,594,52.7,30929,52.8
"09000","5","811411","58","0","2024","A","","Connecticut -- Statewide","Private","NAICS 811411 Home and garden equipment repair and maintenance","State, NAICS 6-digit -- by ownership sector","All establishment sizes",14,21,1076500,544282,8336,982,51059,"",0.57,0.33,0.32,0.38,0.26,0.97,0.97,"",-6,-30.0,-25,-54.3,-940853,-46.6,-327589,-37.6,-19507,-70.1,139,16.5,7203,16.4
"09000","5","811412","58","0","2024","A","","Connecticut -- Statewide","Private","NAICS 811412 Appliance repair and maintenance","State, NAICS 6-digit -- by ownership sector","All establishment sizes",56,193,18111750,5469635,92173,1803,93762,"",0.72,0.74,1.07,0.85,0.82,1.45,1.45,"",1,1.8,11,6.0,6771065,59.7,2307026,72.9,30100,48.5,604,50.4,31393,50.3
"09000","5","81142","57","0","2024","A","","Connecticut -- Statewide","Private","NAICS 81142 Reupholstery and furniture repair","State, NAICS 5-digit -- by ownership sector","All establishment sizes",46,164,7822128,4149176,69639,918,47720,"",1.07,1.19,1.03,1.35,1.30,0.87,0.87,"",-5,-9.8,-14,-7.9,-446863,-5.4,1017838,32.5,-6734,-8.8,27,3.0,1373,3.0
"09000","5","811420","58","0","2024","A","","Connecticut -- Statewide","Private","NAICS 811420 Reupholstery and furniture repair","State, NAICS 6-digit -- by ownership sector","All establishment sizes",46,164,7822128,4149176,69639,918,47720,"",1.07,1.19,1.03,1.35,1.30,0.87,0.87,"",-5,-9.8,-14,-7.9,-446863,-5.4,1017838,32.5,-6734,-8.8,27,3.0,1373,3.0
"09000","5","81143","57","0","2024","A","","Connecticut -- Statewide","Private","NAICS 81143 Footwear and leather goods repair","State, NAICS 5-digit -- by ownership sector","All establishment sizes",6,3,158411,85420,942,892,46364,"",0.69,0.15,0.17,0.21,0.14,1.01,1.01,"",0,0.0,-2,-40.0,-32693,-17.1,613,0.7,-717,-43.2,90,11.2,4669,11.2
"09000","5","811430","58","0","2024","A","","Connecticut -- Statewide","Private","NAICS 811430 Footwear and leather goods repair","State, NAICS 6-digit -- by ownership sector","All establishment sizes",6,3,158411,85420,942,892,46364,"",0.69,0.15,0.17,0.21,0.14,1.01,1.01,"",0,0.0,-2,-40.0,-32693,-17.1,613,0.7,-717,-43.2,90,11.2,4669,11.2
"09000","5","81149","57","0","2024","A","","Connecticut -- Statewide","Private","NAICS 81149 Other personal and household goods repair and maintenance","State, NAICS 5-digit -- by ownership sector","All establishment sizes",106,266,13547791,6673117,110010,981,51011,"",0.68,0.61,0.54,0.68,0.59,0.89,0.89,"",-21,-16.5,-57,-17.6,-2026465,-13.0,989494,17.4,-23230,-17.4,53,5.7,2769,5.7
"09000","5","811490","58","0","2024","A","","Connecticut -- Statewide","Private","NAICS 811490 Other personal and household goods repair and maintenance","State, NAICS 6-digit -- by ownership sector","All establishment sizes",106,266,13547791,6673117,110010,981,51011,"",0.68,0.61,0.54,0.68,0.59,0.89,0.89,"",-21,-16.5,-57,-17.6,-2026465,-13.0,989494,17.4,-23230,-17.4,53,5.7,2769,5.7
"09000","5","812","55","0","2024","A","","Connecticut -- Statewide","Private","NAICS 812 Personal and laundry services","State, NAICS 3-digit -- by ownership sector","All establishment sizes",3874,22066,819752862,476907423,7155907,714,37150,"",1.18,1.30,1.10,1.35,1.15,0.85,0.85,"",70,1.8,719,3.4,43347688,5.6,145248659,43.8,593298,9.0,15,2.1,780,2.1
"09000","5","8121","56","0","2024","A","","Connecticut -- Statewide","Private","NAICS 8121 Personal care services","State, NAICS 4-digit -- by ownership sector","All establishment sizes",2519,12058,373061258,250611670,3594063,595,30939,"",1.32,1.49,1.19,1.49,1.19,0.80,0.80,"",82,3.4,570,5.0,25618460,7.4,74707969,42.5,228571,6.8,13,2.2,695,2.3
"09000","5","81211","57","0","2024","A","","Connecticut -- Statewide","Private","NAICS 81211 Hair, nail, and skin care services","State, NAICS 5-digit -- by ownership sector","All establishment sizes",1985,9552,290790416,198053116,2730730,585,30443,"",1.34,1.59,1.27,1.58,1.26,0.80,0.80,"",12,0.6,257,2.8,12087801,4.3,55484483,38.9,27850,1.0,8,1.4,458,1.5
"09000","5","812111","58","0","2024","A","","Connecticut -- Statewide","Private","NAICS 812111 Barber shops","State, NAICS 6-digit -- by ownership sector","All establishment sizes",88,255,9587116,6213210,96962,723,37609,"",0.87,0.67,0.57,0.71,0.66,0.85,0.85,"",0,0.0,31,13.8,1617039,20.3,2325980,59.8,18293,23.3,38,5.5,1989,5.6
"09000","5","812112","58","0","2024","A","","Connecticut -- Statewide","Private","NAICS 812112 Beauty salons","State, NAICS 6-digit -- by ownership sector","All establishment sizes",1078,5349,194169284,117599128,1593597,698,36301,"",1.12,1.34,1.20,1.42,1.22,0.89,0.89,"",-32,-2.9,37,0.7,4464117,2.4,35722050,43.6,65487,4.3,11,1.6,591,1.7
"09000","5","812113","58","0","2024","A","","Connecticut -- Statewide","Private","NAICS 812113 Nail salons","State, NAICS 6-digit -- by ownership sector","All establishment sizes",820,3948,87034016,74240778,1040171,424,22045,"",1.97,2.41,1.72,2.21,1.46,0.71,0.71,"",44,5.7,189,5.0,6006645,7.4,17436453,30.7,-55930,-5.1,9,2.2,487,2.3
"09000","5","81219","57","0","2024","A","","Connecticut -- Statewide","Private","NAICS 81219 Other personal care services","State, NAICS 5-digit -- by ownership sector","All establishment sizes",534,2506,82270842,52558554,863333,631,32830,"",1.26,1.20,0.97,1.23,1.00,0.81,0.81,"",70,15.1,313,14.3,13530659,19.7,19223486,57.7,200721,30.3,28,4.6,1488,4.7
"09000","5","812191","58","0","2024","A","","Connecticut -- Statewide","Private","NAICS 812191 Diet and weight reducing centers","State, NAICS 6-digit -- by ownership sector","All establishment sizes",32,137,5023704,2984483,61980,707,36759,"",1.06,1.19,0.76,1.43,1.46,0.64,0.64,"",-7,-17.9,-30,-18.0,-1176170,-19.0,320143,12.0,13702,28.4,-6,-0.8,-329,-0.9
"09000","5","812199","58","0","2024","A","","Connecticut -- Statewide","Private","NAICS 812199 Other personal care services","State, NAICS 6-digit -- by ownership sector","All establishment sizes",502,2369,77247138,49574071,801353,627,32603,"",1.27,1.20,0.99,1.22,0.98,0.82,0.82,"",77,18.1,343,16.9,14706829,23.5,18903343,61.6,187019,30.4,33,5.6,1735,5.6
"09000","5","8122","56","0","2024","A","","Connecticut -- Statewide","Private","NAICS 8122 Death care services","State, NAICS 4-digit -- by ownership sector","All establishment sizes",252,1533,86830688,30764785,542860,1089,56647,"",1.12,1.05,1.03,1.08,1.24,0.99,0.99,"",0,0.0,-21,-1.4,1316937,1.5,9318611,43.5,48503,9.8,31,2.9,1622,2.9
"09000","5","81221","57","0","2024","A","","Connecticut -- Statewide","Private","NAICS 81221 Funeral homes and funeral services","State, NAICS 5-digit -- by ownership sector","All establishment sizes",171,1049,60027256,21439223,324940,1100,57219,"",1.00,0.94,0.96,0.99,1.23,1.03,1.03,"",-1,-0.6,-18,-1.7,-551880,-0.9,6189864,40.6,17966,5.9,8,0.7,439,0.8
"09000","5","812210","58","0","2024","A","","Connecticut -- Statewide","Private","NAICS 812210 Funeral homes and funeral services","State, NAICS 6-digit -- by ownership sector","All establishment sizes",171,1049,60027256,21439223,324940,1100,57219,"",1.00,0.94,0.96,0.99,1.23,1.03,1.03,"",-1,-0.6,-18,-1.7,-551880,-0.9,6189864,40.6,17966,5.9,8,0.7,439,0.8
"09000","5","81222","57","0","2024","A","","Connecticut -- Statewide","Private","NAICS 81222 Cemeteries and crematories","State, NAICS 5-digit -- by ownership sector","All establishment sizes",81,484,26803432,9325562,217920,1066,55408,"",1.48,1.42,1.25,1.35,1.24,0.88,0.88,"",0,0.0,-3,-0.6,1868817,7.5,3128747,50.5,30537,16.3,82,8.3,4225,8.3
"09000","5","812220","58","0","2024","A","","Connecticut -- Statewide","Private","NAICS 812220 Cemeteries and crematories","State, NAICS 6-digit -- by ownership sector","All establishment sizes",81,484,26803432,9325562,217920,1066,55408,"",1.48,1.42,1.25,1.35,1.24,0.88,0.88,"",0,0.0,-3,-0.6,1868817,7.5,3128747,50.5,30537,16.3,82,8.3,4225,8.3
"09000","5","8123","56","0","2024","A","","Connecticut -- Statewide","Private","NAICS 8123 Drycleaning and laundry services","State, NAICS 4-digit -- by ownership sector","All establishment sizes",424,3617,162373416,90015369,1315306,863,44889,"",1.24,1.29,1.13,1.43,1.33,0.88,0.88,"",-2,-0.5,12,0.3,7299215,4.7,29542213,48.9,143471,12.2,36,4.4,1870,4.3
"09000","5","81231","57","0","2024","A","","Connecticut -- Statewide","Private","NAICS 81231 Coin-operated laundries and drycleaners","State, NAICS 5-digit -- by ownership sector","All establishment sizes",157,523,15222057,10901747,173680,560,29110,"",1.27,1.23,1.08,1.36,1.13,0.88,0.88,"",3,1.9,-13,-2.4,336687,2.3,2671883,32.5,5747,3.4,26,4.9,1330,4.8
"09000","5","812310","58","0","2024","A","","Connecticut -- Statewide","Private","NAICS 812310 Coin-operated laundries and drycleaners","State, NAICS 6-digit -- by ownership sector","All establishment sizes",157,523,15222057,10901747,173680,560,29110,"",1.27,1.23,1.08,1.36,1.13,0.88,0.88,"",3,1.9,-13,-2.4,336687,2.3,2671883,32.5,5747,3.4,26,4.9,1330,4.8
"09000","5","81232","57","0","2024","A","","Connecticut -- Statewide","Private","NAICS 81232 Drycleaning and laundry services (except coin-operated)","State, NAICS 5-digit -- by ownership sector","All establishment sizes",231,1441,52681490,32905997,473545,703,36565,"",1.26,1.48,1.45,1.67,1.59,0.99,0.99,"",-9,-3.8,-3,-0.2,1028297,2.0,9393507,40.0,18789,4.1,15,2.2,804,2.2
"09000","5","812320","58","0","2024","A","","Connecticut -- Statewide","Private","NAICS 812320 Drycleaning and laundry services (except coin-operated)","State, NAICS 6-digit -- by ownership sector","All establishment sizes",231,1441,52681490,32905997,473545,703,36565,"",1.26,1.48,1.45,1.67,1.59,0.99,0.99,"",-9,-3.8,-3,-0.2,1028297,2.0,9393507,40.0,18789,4.1,15,2.2,804,2.2
"09000","5","81233","57","0","2024","A","","Connecticut -- Statewide","Private","NAICS 81233 Linen and uniform supply","State, NAICS 5-digit -- by ownership sector","All establishment sizes",36,1654,94469869,46207625,668081,1099,57130,"",1.03,1.17,1.01,1.31,1.25,0.86,0.86,"",3,9.1,29,1.8,5934231,6.7,17476823,60.8,118935,21.7,51,4.9,2630,4.8
"09000","5","812331","58","0","2024","A","","Connecticut -- Statewide","Private","NAICS 812331 Linen supply","State, NAICS 6-digit -- by ownership sector","All establishment sizes",24,862,43082111,24152439,338163,961,49960,"",1.36,1.23,1.04,1.27,1.15,0.84,0.84,"",1,4.3,25,3.0,2911546,7.2,9349434,63.2,61919,22.4,38,4.1,1986,4.1
"09000","5","812332","58","0","2024","A","","Connecticut -- Statewide","Private","NAICS 812332 Industrial launderers","State, NAICS 6-digit -- by ownership sector","All establishment sizes",11,791,51387758,22055186,329918,1249,64945,"",0.64,1.11,0.99,1.36,1.38,0.89,0.89,"",1,10.0,4,0.5,3022685,6.2,8127389,58.4,57016,20.9,67,5.7,3503,5.7
"09000","5","8129","56","0","2024","A","","Connecticut -- Statewide","Private","NAICS 8129 Other personal services","State, NAICS 4-digit -- by ownership sector","All establishment sizes",679,4858,197487500,105515599,1703678,782,40651,"",0.84,1.05,0.97,1.13,0.96,0.93,0.93,"",-10,-1.5,157,3.3,9113076,4.8,31679866,42.9,172753,11.3,11,1.4,576,1.4
"09000","5","81291","57","0","2024","A","","Connecticut -- Statewide","Private","NAICS 81291 Pet care (except veterinary) services","State, NAICS 5-digit -- by ownership sector","All establishment sizes",388,2548,85123723,54332662,757740,642,33409,"",1.16,1.23,1.15,1.30,1.08,0.94,0.94,"",10,2.6,133,5.5,7313757,9.4,16342871,43.0,40234,5.6,22,3.5,1185,3.7
"09000","5","812910","58","0","2024","A","","Connecticut -- Statewide","Private","NAICS 812910 Pet care (except veterinary) services","State, NAICS 6-digit -- by ownership sector","All establishment sizes",388,2548,85123723,54332662,757740,642,33409,"",1.16,1.23,1.15,1.30,1.08,0.94,0.94,"",10,2.6,133,5.5,7313757,9.4,16342871,43.0,40234,5.6,22,3.5,1185,3.7
"09000","5","81292","57","0","2024","A","N","Connecticut -- Statewide","Private","NAICS 81292 Photofinishing","State, NAICS 5-digit -- by ownership sector","All establishment sizes",7,0,0,0,0,0,0,"N",0.92,0,0,0,0,0,0,"N",-1,-12.5,0,0,0,0,0,0,0,0,0,0,0,0
"09000","5","812921","58","0","2024","A","N","Connecticut -- Statewide","Private","NAICS 812921 Photofinishing laboratories (except one-hour)","State, NAICS 6-digit -- by ownership sector","All establishment sizes",7,0,0,0,0,0,0,"N",1.15,0,0,0,0,0,0,"N",0,0.0,0,0,0,0,0,0,0,0,0,0,0,0
"09000","5","812922","58","0","2024","A","N","Connecticut -- Statewide","Private","NAICS 812922 One-hour photofinishing","State, NAICS 6-digit -- by ownership sector","All establishment sizes",0,0,0,0,0,0,0,"N",0.00,0,0,0,0,0,0,"N",-1,-100.0,0,0,0,0,0,0,0,0,0,0,0,0
"09000","5","81293","57","0","2024","A","","Connecticut -- Statewide","Private","NAICS 81293 Parking lots and garages","State, NAICS 5-digit -- by ownership sector","All establishment sizes",48,1672,69487499,35741708,633034,799,41566,"",0.50,1.16,1.16,1.28,1.14,0.99,1.00,"",-3,-5.9,77,4.8,4568286,7.0,11469442,47.3,121116,23.7,16,2.0,864,2.1
"09000","5","812930","58","0","2024","A","","Connecticut -- Statewide","Private","NAICS 812930 Parking lots and garages","State, NAICS 6-digit -- by ownership sector","All establishment sizes",48,1672,69487499,35741708,633034,799,41566,"",0.50,1.16,1.16,1.28,1.14,0.99,1.00,"",-3,-5.9,77,4.8,4568286,7.0,11469442,47.3,121116,23.7,16,2.0,864,2.1
"09000","5","81299","57","0","2024","A","N","Connecticut -- Statewide","Private","NAICS 81299 All other personal services","State, NAICS 5-digit -- by ownership sector","All establishment sizes",235,0,0,0,0,0,0,"N",0.63,0,0,0,0,0,0,"N",-18,-7.1,0,0,0,0,0,0,0,0,0,0,0,0
"09000","5","812990","58","0","2024","A","N","Connecticut -- Statewide","Private","NAICS 812990 All other personal services","State, NAICS 6-digit -- by ownership sector","All establishment sizes",235,0,0,0,0,0,0,"N",0.63,0,0,0,0,0,0,"N",-18,-7.1,0,0,0,0,0,0,0,0,0,0,0,0
"09000","5","813","55","0","2024","A","","Connecticut -- Statewide","Private","NAICS 813 Religious, grantmaking, civic, professional, and similar organizations","State, NAICS 3-digit -- by ownership sector","All establishment sizes",2876,15874,930046138,226037486,3698997,1127,58588,"",1.29,1.02,0.83,0.92,0.76,0.81,0.81,"",72,2.6,550,3.6,70503706,8.2,76909642,51.6,541009,17.1,48,4.4,2495,4.4
"09000","5","8131","56","0","2024","A","","Connecticut -- Statewide","Private","NAICS 8131 Religious organizations","State, NAICS 4-digit -- by ownership sector","All establishment sizes",234,2250,77703950,28105103,383543,664,34541,"",0.73,1.03,0.79,1.29,0.86,0.76,0.76,"",3,1.3,-1,0.0,2471285,3.3,7721672,37.9,6185,1.6,21,3.3,1123,3.4
"09000","5","81311","57","0","2024","A","","Connecticut -- Statewide","Private","NAICS 81311 Religious organizations","State, NAICS 5-digit -- by ownership sector","All establishment sizes",234,2250,77703950,28105103,383543,664,34541,"",0.73,1.03,0.79,1.29,0.86,0.76,0.76,"",3,1.3,-1,0.0,2471285,3.3,7721672,37.9,6185,1.6,21,3.3,1123,3.4
"09000","5","813110","58","0","2024","A","","Connecticut -- Statewide","Private","NAICS 813110 Religious organizations","State, NAICS 6-digit -- by ownership sector","All establishment sizes",234,2250,77703950,28105103,383543,664,34541,"",0.73,1.03,0.79,1.29,0.86,0.76,0.76,"",3,1.3,-1,0.0,2471285,3.3,7721672,37.9,6185,1.6,21,3.3,1123,3.4
"09000","5","8132","56","0","2024","A","","Connecticut -- Statewide","Private","NAICS 8132 Grantmaking and giving services","State, NAICS 4-digit -- by ownership sector","All establishment sizes",570,2055,230528727,40074305,670911,2158,112193,"",1.98,1.16,1.20,1.29,1.04,1.04,1.04,"",14,2.5,45,2.2,19584925,9.3,14372572,55.9,143951,27.3,139,6.9,7224,6.9
"09000","5","81321","57","0","2024","A","","Connecticut -- Statewide","Private","NAICS 81321 Grantmaking and giving services","State, NAICS 5-digit -- by ownership sector","All establishment sizes",570,2055,230528727,40074305,670911,2158,112193,"",1.98,1.16,1.20,1.29,1.04,1.04,1.04,"",14,2.5,45,2.2,19584925,9.3,14372572,55.9,143951,27.3,139,6.9,7224,6.9
"09000","5","813211","58","0","2024","A","","Connecticut -- Statewide","Private","NAICS 813211 Grantmaking foundations","State, NAICS 6-digit -- by ownership sector","All establishment sizes",341,1182,149047166,24802849,386925,2425,126115,"",2.33,1.39,1.46,1.51,1.24,1.05,1.05,"",-2,-0.6,12,1.0,10577839,7.6,8609415,53.2,58970,18.0,149,6.5,7765,6.6
"09000","5","813212","58","0","2024","A","","Connecticut -- Statewide","Private","NAICS 813212 Voluntary health organizations","State, NAICS 6-digit -- by ownership sector","All establishment sizes",140,489,52363050,8029825,169161,2059,107045,"",2.16,1.13,1.11,1.14,1.00,0.99,0.99,"",-1,-0.7,15,3.2,5410817,11.5,3208542,66.5,63799,60.6,152,8.0,7885,8.0
"09000","5","813219","58","0","2024","A","","Connecticut -- Statewide","Private","NAICS 813219 Other grantmaking and giving services","State, NAICS 6-digit -- by ownership sector","All establishment sizes",89,384,29118511,7241631,114825,1459,75879,"",1.15,0.78,0.67,0.95,0.70,0.86,0.86,"",17,23.6,18,4.9,3596269,14.1,2554615,54.5,21182,22.6,118,8.8,6162,8.8
"09000","5","8133","56","0","2024","A","","Connecticut -- Statewide","Private","NAICS 8133 Social advocacy organizations","State, NAICS 4-digit -- by ownership sector","All establishment sizes",642,2257,172344999,44441423,766593,1468,76346,"",1.40,0.77,0.74,0.77,0.62,0.96,0.96,"",73,12.8,198,9.6,25483892,17.4,17692879,66.1,176098,29.8,96,7.0,5011,7.0
"09000","5","81331","57","0","2024","A","","Connecticut -- Statewide","Private","NAICS 81331 Social advocacy organizations","State, NAICS 5-digit -- by ownership sector","All establishment sizes",642,2257,172344999,44441423,766593,1468,76346,"",1.40,0.77,0.74,0.77,0.62,0.96,0.96,"",73,12.8,198,9.6,25483892,17.4,17692879,66.1,176098,29.8,96,7.0,5011,7.0
"09000","5","813311","58","0","2024","A","","Connecticut -- Statewide","Private","NAICS 813311 Human rights organizations","State, NAICS 6-digit -- by ownership sector","All establishment sizes",116,504,37168803,8906544,137284,1419,73809,"",1.34,0.79,0.74,0.76,0.51,0.93,0.93,"",9,8.4,16,3.3,3836952,11.5,3208028,56.3,20601,17.7,106,8.1,5553,8.1
"09000","5","813312","58","0","2024","A","","Connecticut -- Statewide","Private","NAICS 813312 Environment, conservation and wildlife organizations","State, NAICS 6-digit -- by ownership sector","All establishment sizes",180,648,45622196,11388699,185248,1355,70459,"",1.51,0.73,0.67,0.68,0.61,0.91,0.91,"",15,9.1,39,6.4,6865781,17.7,4174465,57.9,31092,20.2,131,10.7,6828,10.7
"09000","5","813319","58","0","2024","A","","Connecticut -- Statewide","Private","NAICS 813319 Other social advocacy organizations","State, NAICS 6-digit -- by ownership sector","All establishment sizes",346,1106,89554000,24146180,444061,1557,80947,"",1.38,0.78,0.79,0.82,0.66,1.01,1.01,"",50,16.9,145,15.1,14781159,19.8,10310386,74.5,124405,38.9,61,4.1,3167,4.1
"09000","5","8134","56","0","2024","A","","Connecticut -- Statewide","Private","NAICS 8134 Civic and social organizations","State, NAICS 4-digit -- by ownership sector","All establishment sizes",418,5247,140728600,30177518,473563,516,26819,"",1.19,1.34,1.02,0.89,0.72,0.76,0.76,"",7,1.7,264,5.3,9743357,7.4,7662496,34.0,-19724,-4.0,10,2.0,532,2.0
"09000","5","81341","57","0","2024","A","","Connecticut -- Statewide","Private","NAICS 81341 Civic and social organizations","State, NAICS 5-digit -- by ownership sector","All establishment sizes",418,5247,140728600,30177518,473563,516,26819,"",1.19,1.34,1.02,0.89,0.72,0.76,0.76,"",7,1.7,264,5.3,9743357,7.4,7662496,34.0,-19724,-4.0,10,2.0,532,2.0
"09000","5","813410","58","0","2024","A","","Connecticut -- Statewide","Private","NAICS 813410 Civic and social organizations","State, NAICS 6-digit -- by ownership sector","All establishment sizes",418,5247,140728600,30177518,473563,516,26819,"",1.19,1.34,1.02,0.89,0.72,0.76,0.76,"",7,1.7,264,5.3,9743357,7.4,7662496,34.0,-19724,-4.0,10,2.0,532,2.0
"09000","5","8139","56","0","2024","A","","Connecticut -- Statewide","Private","NAICS 8139 Business, professional, labor, political, and similar organizations","State, NAICS 4-digit -- by ownership sector","All establishment sizes",1014,4065,308739862,83239137,1404387,1461,75946,"",1.25,0.85,0.67,0.82,0.75,0.79,0.79,"",-24,-2.3,44,1.1,13220247,4.5,29460023,54.8,234499,20.0,48,3.4,2453,3.3
"09000","5","81391","57","0","2024","A","","Connecticut -- Statewide","Private","NAICS 81391 Business associations","State, NAICS 5-digit -- by ownership sector","All establishment sizes",274,944,100991953,24161912,452990,2057,106983,"",1.02,0.73,0.63,0.80,0.90,0.86,0.86,"",4,1.5,10,1.1,7468219,8.0,9205773,61.6,127463,39.2,131,6.8,6806,6.8
"09000","5","813910","58","0","2024","A","","Connecticut -- Statewide","Private","NAICS 813910 Business associations","State, NAICS 6-digit -- by ownership sector","All establishment sizes",274,944,100991953,24161912,452990,2057,106983,"",1.02,0.73,0.63,0.80,0.90,0.86,0.86,"",4,1.5,10,1.1,7468219,8.0,9205773,61.6,127463,39.2,131,6.8,6806,6.8
"09000","5","81392","57","0","2024","A","","Connecticut -- Statewide","Private","NAICS 81392 Professional organizations","State, NAICS 5-digit -- by ownership sector","All establishment sizes",210,611,83346987,10655701,155604,2625,136504,"",1.39,0.62,0.66,0.54,0.44,1.06,1.06,"",-7,-3.2,-13,-2.1,371921,0.4,3537581,49.7,10607,7.3,68,2.7,3549,2.7
"09000","5","813920","58","0","2024","A","","Connecticut -- Statewide","Private","NAICS 813920 Professional organizations","State, NAICS 6-digit -- by ownership sector","All establishment sizes",210,611,83346987,10655701,155604,2625,136504,"",1.39,0.62,0.66,0.54,0.44,1.06,1.06,"",-7,-3.2,-13,-2.1,371921,0.4,3537581,49.7,10607,7.3,68,2.7,3549,2.7
"09000","5","81393","57","0","2024","A","","Connecticut -- Statewide","Private","NAICS 81393 Labor unions and similar labor organizations","State, NAICS 5-digit -- by ownership sector","All establishment sizes",261,1773,91754537,31248216,478616,995,51758,"",1.65,1.52,1.15,1.42,1.21,0.76,0.76,"",-4,-1.5,-19,-1.1,2867526,3.2,10494421,50.6,25115,5.5,41,4.3,2167,4.4
"09000","5","813930","58","0","2024","A","","Connecticut -- Statewide","Private","NAICS 813930 Labor unions and similar labor organizations","State, NAICS 6-digit -- by ownership sector","All establishment sizes",261,1773,91754537,31248216,478616,995,51758,"",1.65,1.52,1.15,1.42,1.21,0.76,0.76,"",-4,-1.5,-19,-1.1,2867526,3.2,10494421,50.6,25115,5.5,41,4.3,2167,4.4
"09000","5","81394","57","0","2024","A","","Connecticut -- Statewide","Private","NAICS 81394 Political organizations","State, NAICS 5-digit -- by ownership sector","All establishment sizes",41,61,3931011,1983458,38999,1238,64355,"",0.88,0.36,0.28,0.41,0.25,0.79,0.79,"",0,0.0,24,64.9,1492391,61.2,1316527,197.4,24454,168.1,-27,-2.1,-1406,-2.1
"09000","5","813940","58","0","2024","A","","Connecticut -- Statewide","Private","NAICS 813940 Political organizations","State, NAICS 6-digit -- by ownership sector","All establishment sizes",41,61,3931011,1983458,38999,1238,64355,"",0.88,0.36,0.28,0.41,0.25,0.79,0.79,"",0,0.0,24,64.9,1492391,61.2,1316527,197.4,24454,168.1,-27,-2.1,-1406,-2.1
"09000","5","81399","57","0","2024","A","","Connecticut -- Statewide","Private","NAICS 81399 Other similar organizations (except business, professional, labor, and political organizations)","State, NAICS 5-digit -- by ownership sector","All establishment sizes",227,677,28715374,15189850,278178,816,42426,"",1.20,0.57,0.35,0.60,0.61,0.61,0.61,"",-19,-7.7,43,6.8,1020190,3.7,4905721,47.7,46860,20.3,-24,-2.9,-1263,-2.9
"09000","5","813990","58","0","2024","A","","Connecticut -- Statewide","Private","NAICS 813990 Other similar organizations (except business, professional, labor, and political organizations)","State, NAICS 6-digit -- by ownership sector","All establishment sizes",227,677,28715374,15189850,278178,816,42426,"",1.20,0.57,0.35,0.60,0.61,0.61,0.61,"",-19,-7.7,43,6.8,1020190,3.7,4905721,47.7,46860,20.3,-24,-2.9,-1263,-2.9
"09000","5","814","55","0","2024","A","","Connecticut -- Statewide","Private","NAICS 814 Private households","State, NAICS 3-digit -- by ownership sector","All establishment sizes",4347,5057,234416727,119384413,2157307,892,46359,"",1.85,2.23,2.10,2.45,2.05,0.94,0.94,"",401,10.2,402,8.6,19894899,9.3,44935517,60.4,531704,32.7,6,0.7,276,0.6
"09000","5","8141","56","0","2024","A","","Connecticut -- Statewide","Private","NAICS 8141 Private households","State, NAICS 4-digit -- by ownership sector","All establishment sizes",4347,5057,234416727,119384413,2157307,892,46359,"",1.85,2.23,2.10,2.45,2.05,0.94,0.94,"",401,10.2,402,8.6,19894899,9.3,44935517,60.4,531704,32.7,6,0.7,276,0.6
"09000","5","81411","57","0","2024","A","","Connecticut -- Statewide","Private","NAICS 81411 Private households","State, NAICS 5-digit -- by ownership sector","All establishment sizes",4347,5057,234416727,119384413,2157307,892,46359,"",1.85,2.23,2.10,2.45,2.05,0.94,0.94,"",401,10.2,402,8.6,19894899,9.3,44935517,60.4,531704,32.7,6,0.7,276,0.6
"09000","5","814110","58","0","2024","A","","Connecticut -- Statewide","Private","NAICS 814110 Private households","State, NAICS 6-digit -- by ownership sector","All establishment sizes",4347,5057,234416727,119384413,2157307,892,46359,"",1.85,2.23,2.10,2.45,2.05,0.94,0.94,"",401,10.2,402,8.6,19894899,9.3,44935517,60.4,531704,32.7,6,0.7,276,0.6
"09000","5","99","54","0","2024","A","N","Connecticut -- Statewide","Private","NAICS 99 Unclassified","State, NAICS Sector -- by ownership sector","All establishment sizes",1359,0,0,0,0,0,0,"N",0.40,0,0,0,0,0,0,"N",-4784,-77.9,0,0,0,0,0,0,0,0,0,0,0,0
"09000","5","999","55","0","2024","A","N","Connecticut -- Statewide","Private","NAICS 999 Unclassified","State, NAICS 3-digit -- by ownership sector","All establishment sizes",1359,0,0,0,0,0,0,"N",0.40,0,0,0,0,0,0,"N",-4784,-77.9,0,0,0,0,0,0,0,0,0,0,0,0
"09000","5","9999","56","0","2024","A","N","Connecticut -- Statewide","Private","NAICS 9999 Unclassified","State, NAICS 4-digit -- by ownership sector","All establishment sizes",1359,0,0,0,0,0,0,"N",0.40,0,0,0,0,0,0,"N",-4784,-77.9,0,0,0,0,0,0,0,0,0,0,0,0
"09000","5","99999","57","0","2024","A","N","Connecticut -- Statewide","Private","NAICS 99999 Unclassified","State, NAICS 5-digit -- by ownership sector","All establishment sizes",1359,0,0,0,0,0,0,"N",0.40,0,0,0,0,0,0,"N",-4784,-77.9,0,0,0,0,0,0,0,0,0,0,0,0
"09000","5","999999","58","0","2024","A","N","Connecticut -- Statewide","Private","NAICS 999999 Unclassified","State, NAICS 6-digit -- by ownership sector","All establishment sizes",1359,0,0,0,0,0,0,"N",0.40,0,0,0,0,0,0,"N",-4784,-77.9,0,0,0,0,0,0,0,0,0,0,0,0
"09000","8","10","96","0","2024","A","","Connecticut -- Statewide","Total Government","10 Total, all industries","Total Government, by State","All establishment sizes",3428,223577,17460147417,191997303,2887610,1502,78095,"",0.91,0.92,0.84,0.29,0.74,0.91,0.91,"",8,0.2,3421,1.6,724045431,4.3,68294861,55.2,577860,25.0,40,2.7,2076,2.7
